Round,Table,Players,Decks,Winner
Round 1,1,"Yohei Nomiya He/Him
SHOGO KONDO","Izzet Spellementals
Izzet Prowess",Yohei Nomiya won 2-1-0
Round 1,2,"Jeongwoo Cho He/Him
IchiwakiFumihiro","Izzet Prowess
Jeskai Control",Jeongwoo Cho won 2-1-0
Round 1,3,"Mikita Hisano
Toshiki Okai","Boros
Izzet Prowess",Mikita Hisano won 2-1-0
Round 1,4,"Ma Noah
trexdog001","Selesnya Ouroboroid
Izzet Control",Ma Noah won 2-1-0
Round 1,5,"Satoshi Mizu
Jun Furukawa","Izzet Elementals
Izzet Aggro",Jun Furukawa won 2-1-0
Round 1,6,"Onoda Kenji He/Him
Kouhei Komiyama He/Him","Izzet Lessons
Azorius Flash",Kouhei Komiyama won 2-1-0
Round 1,7,"Yukinori Ishibashi
TaeHyoungKim He/Him","Selesnya Landfall
Selesnya Aggro",TaeHyoungKim won 2-1-0
Round 1,8,"whiteLeghorn He/Him
Takahiro Shiraki Other","Temur Tempo
Simic Aggro",whiteLeghorn won 2-1-0
Round 1,9,"maegawa
KENTA KATAGIRI","Selesnya Aggro
Selesnya Rhythm",maegawa won 2-1-0
Round 1,10,"Kenji Sego
satoshi kuroiwa","Izzet Spellementals
Temur Prowess",Kenji Sego won 2-0-0
Round 1,11,"Gaku Oohashi
Naoyuki Hashimoto He/Him","Selesnya Landfall
Dimir Excruciator",Gaku Oohashi won 2-1-0
Round 1,12,"Taishi_Tokairin
Hojun Yoon","Selesnya Landfall
Izzet Aggro",Hojun Yoon won 2-1-0
Round 1,13,"Ryosuke Okada He/Him
Tomoaki Ogasawara","Izzet Aggro
Selesnya Ouroboroid",Tomoaki Ogasawara won 2-1-0
Round 1,14,"Shunsuke Kimura He/Him
junpei nakamura","Sultai Control
Golgari Midrange",1-1-0 Draw
Round 1,15,"Hiroaki Kitahara
syuhei nakayama","Sultai Control
Izzet Prowess",Hiroaki Kitahara won 2-0-0
Round 1,16,"Ryutarou Machida
Haruka Ookura","Jeskai Control
Selesnya Landfall",Haruka Ookura won 2-0-0
Round 1,17,"rintaro honda
Seita Oono","Temur Aggro
Selesnya Rhythm",rintaro honda won 2-1-0
Round 1,18,"KazukiYada
Katsuki Fukumoto He/Him","Temur Prowess
Selesnya Landfall",KazukiYada won 2-0-0
Round 1,19,"Takumi Onodera
SAYAMA TATSUNOSUKE","Temur Prowess
Dimir Control",SAYAMA TATSUNOSUKE won 2-1-0
Round 1,20,"yoshiki yamashita He/Him
hirohata","Izzet Spellementals
Golgari Midrange",yoshiki yamashita won 2-0-0
Round 1,21,"Ryuji Murae
Tomonori Hirami","Izzet Aggro
Azorius Flash",Tomonori Hirami won 2-0-0
Round 1,22,"toya
RIKI KAMO He/Him","W-U-B-R Control
Mono-Green Landfall",RIKI KAMO won 2-1-0
Round 1,23,"Kim Hoyeon He/Him
sintarou yamada","Golgari Midrange
Izzet Prowess",Kim Hoyeon won 2-0-0
Round 1,24,"Kenichirise
Dod2gaia He/Him","Izzet Bounce
Jeskai Control",Kenichirise won 2-0-0
Round 1,25,"Atsushi Hozuki
shun asano He/Him","Selesnya Aggro
Sultai Control",Atsushi Hozuki won 2-1-0
Round 1,26,"takuya yamada He/Him
HYUNDEOK JANG He/Him","W-U-B-R Control
Boros Dragons",HYUNDEOK JANG won 2-1-0
Round 1,27,"Takumi Matsuura
Takumi Utsunomiya He/Him","Izzet Prowess
Izzet Spellementals",Takumi Utsunomiya won 2-0-0
Round 1,28,"Koki Nakamura
Atsushi Nakashima","Selesnya Landfall
Jeskai Control",Atsushi Nakashima won 2-0-0
Round 1,29,"yasutaka Nagao
Shimpo Kosuke","W-U-B-R Control
Izzet Prowess",Shimpo Kosuke won 2-0-0
Round 1,30,"TATSURO ASANO
Shota Takao","Izzet Prowess
Selesnya Landfall",TATSURO ASANO won 3-0-0
Round 1,31,"YOICHI NAGAMI
LiDuoyan","Abzan Control
Azorius Blink",LiDuoyan won 2-1-0
Round 1,32,"MASAO ODA He/Him
Masaki Oi","Mono-Green Landfall
Izzet Prowess",MASAO ODA won 2-1-0
Round 1,33,"Takamichi Asai
Masayasu","Temur Prowess
Izzet Elementals",Takamichi Asai won 2-0-0
Round 1,34,"TatsumasaTAKANO
Kosuke Shibazaki","Jeskai Midrange
Izzet Aggro",Kosuke Shibazaki won 2-0-0
Round 1,35,"Hiroto Ogata
Masakuni Hamaguchi","Izzet Control
Selesnya Landfall",Masakuni Hamaguchi won 2-1-0
Round 1,36,"yusuke matsubara
Shinya Saito He/Him","Izzet Lessons
Temur Prowess",Shinya Saito won 2-0-0
Round 1,37,"Yosuke Hieda He/They
yuki yamazaki","W-U-B-R Control
Boros Aggro",Yosuke Hieda won 2-1-0
Round 1,38,"grodri1999
naoya okamura He/Him","Bant Rhythm
Izzet Elementals",naoya okamura won 2-1-0
Round 1,39,"yasunori yajima He/Him
ERISON","Izzet Midrange
Mono-White Tokens",ERISON won 2-1-0
Round 1,40,"YsoHq They/Them
Toru Yanagisaka","Izzet Prowess
Dimir Combo",Toru Yanagisaka won 2-1-0
Round 1,41,"Taro Takahashi
Kenta Harane He/Him","Sultai Control
Izzet Otters",Taro Takahashi won 2-0-0
Round 1,42,"ホリエ トオル He/Him
Jun Takeuchi He/Him","Jeskai Control
Izzet Elementals",ホリエ トオル won 2-0-0
Round 1,43,"Yotaki
Takahiro Obara","Jeskai Elementals
Izzet Prowess",Takahiro Obara won 2-0-0
Round 1,44,"Hiroki Kageyama
koki hara He/Him","Izzet Otters
Bant Rhythm",Hiroki Kageyama won 2-0-0
Round 1,45,"Chikara Nakajima
Sho Yoshimori He/Him","Mono-Green Landfall
Selesnya Landfall",Sho Yoshimori won 2-1-0
Round 1,46,"Keita Tonouchi He/Him
LEESHITIAN","Selesnya Landfall
Dimir Excruciator",Keita Tonouchi won 2-1-0
Round 1,47,"Keisuke Sato
Kazuki Murata","Temur Prowess
Dimir Excruciator",Kazuki Murata won 2-0-0
Round 1,48,"Joel Hjortness
Yoshihiko Ikawa He/Him","W-U-B-R Control
Izzet Spellementals",Yoshihiko Ikawa won 2-0-0
Round 1,49,"Tetsuji Yamamoto
Yuki Wada","Golgari Midrange
Mono-Red Aggro",Tetsuji Yamamoto won 2-1-0
Round 1,50,"Hiroaki Taniguchi He/Him
Takahisa Oonishi","Golgari Midrange
Temur Combo",Hiroaki Taniguchi won 2-1-0
Round 1,51,"bbtaka
Yoshiyuki Ogyu","Selesnya Aggro
Dimir Excruciator",Yoshiyuki Ogyu won 2-1-0
Round 1,52,"GonTV He/Him
SHUNICHI NAKASHIMA","Dimir Excruciator
Selesnya Ouroboroid",GonTV won 2-0-0
Round 1,53,"XU BAOZHONG
TakuroIto","Jeskai Aggro
Selesnya Landfall",XU BAOZHONG won 2-0-0
Round 1,54,"Kotaro Takahashi
Hosokawa Kouta He/Him","Selesnya Landfall
Bant Rhythm",Hosokawa Kouta won 2-0-0
Round 1,55,"Shinnosuke Hando
Takehiro Fujimoto","Selesnya
Mono-Red Aggro",Shinnosuke Hando won 2-0-0
Round 1,56,"natsuki kitada
Kazuhito Nobuta","Sultai Control
Selesnya Landfall",Kazuhito Nobuta won 2-1-0
Round 1,57,"Yosuke Kasagawa
ryota takeuchi","Mono-Green Aggro
Boros Aggro",Yosuke Kasagawa won 2-0-0
Round 1,58,"Charles Namchaisiri
Shunsuke Nose He/Him","Izzet Spellementals
Izzet Monument",Shunsuke Nose won 2-1-0
Round 1,59,"Alexander von Stange
naoto yamane","Izzet Prowess
Selesnya Ouroboroid",naoto yamane won 2-0-0
Round 1,60,"Kenya Ishikawa He/Him
junichi takayama He/Him","Izzet Spellementals
Izzet Spellementals",Kenya Ishikawa won 2-1-0
Round 1,61,"DaichiKo
Yusuke Takaoka He/Him","Izzet Prowess
Izzet Aggro",Yusuke Takaoka won 2-0-0
Round 1,62,"Kenta Imai He/Him
Takato Ueno","Izzet Prowess
Temur Prowess",Takato Ueno won 2-1-0
Round 1,63,"Haruka Murano He/They
Toshiya Kanegawa","Dimir Excruciator
Selesnya Aggro",Toshiya Kanegawa won 2-0-0
Round 1,64,"Masahito Masuda
Masaki Ooura","Temur Prowess
Izzet Prowess",Masaki Ooura won 2-1-0
Round 1,65,"Taiki Kageyama
Kazuki Kawata He/Him","Temur Prowess
Jeskai Control",Kazuki Kawata won 2-0-0
Round 1,66,"EIJI SOGO
Naoki Higashida","Mono-Green Landfall
Izzet Prowess",Naoki Higashida won 2-0-0
Round 1,67,"Masaru Abe He/Him
TOMOKI EGEYAMA He/Him","Dimir Excruciator
Izzet Prowess",Masaru Abe won 2-1-0
Round 1,68,"RuiyuanLu
Minoru Sato","Dimir Midrange
Sultai Combo",Minoru Sato won 2-1-0
Round 1,69,"junsei yamaguchi He/Him
KatsumataTomoaki","Jeskai Control
Temur Prowess",KatsumataTomoaki won 2-0-0
Round 1,70,"Takashi Inui
Yunan Deng He/Him","Izzet Spellementals
Jeskai Artifacts",Takashi Inui won 2-1-0
Round 1,71,"Kazuhiro Nakamura
Kenichiro Omori He/Him","Izzet Lessons
Izzet Spellementals",Kenichiro Omori won 2-1-0
Round 1,72,"Kouta Mochizuki He/Him
Miyanishi Makoto He/Him","Temur Prowess
Izzet Prowess",Miyanishi Makoto won 2-1-0
Round 1,73,"Masanari Fukasawa He/Him
TimYip","Selesnya Landfall
Izzet",Masanari Fukasawa won 2-0-0
Round 1,74,"kouichi ishiwata
Masayoshi Yoshida","Bant Rhythm
Selesnya Landfall",Masayoshi Yoshida won 2-0-0
Round 1,75,"Masaaki Hitomi He/Him
Yuuki Fujii","Selesnya Aggro
Azorius Flash",Masaaki Hitomi won 2-0-0
Round 1,76,"Horiuchi Makoto
Keisuke Naitou","Temur Prowess
Temur Prowess",Keisuke Naitou won 2-1-0
Round 1,77,"Masashiro Kuroda He/Him
IngyunAhn He/Him","Izzet Spellementals
Izzet Prowess",Masashiro Kuroda won 2-0-0
Round 1,78,"Masahiko Noguchi
toru kono","Selesnya Landfall
Izzet Spellementals",Masahiko Noguchi won 2-1-0
Round 1,79,"HIDEYUKI ICHIKAWA
yuuji yoshida","Izzet Prowess
Temur Aggro",yuuji yoshida won 2-1-0
Round 1,80,"Hideaki Teruya
akira uemura He/Him","Izzet Tempo
Selesnya Landfall",akira uemura won 2-1-0
Round 1,81,"Kyle Hitachi He/Him
Koala40","Sultai Control
Dimir Demons",Kyle Hitachi won 2-1-0
Round 1,82,"Daichi Takemura Other
Ryota Ishikawa","Selesnya Ouroboroid
Selesnya Landfall",Ryota Ishikawa won 2-1-0
Round 1,83,"Takashi Tsunomori He/Him
syaka3845","Golgari Midrange
Temur Prowess",syaka3845 won 2-0-0
Round 1,84,"Akinori Hishida
shohei kiyota","Selesnya
Izzet Prowess",shohei kiyota won 2-0-0
Round 1,85,"HarryJPN He/Him
彰信 梶谷","Selesnya Landfall
Selesnya Landfall",1-1-0 Draw
Round 1,86,"Hasedaigo
Kaoru Yoshizawa","Izzet Aggro
Izzet Prowess",Kaoru Yoshizawa won 2-0-0
Round 1,87,"MAKITOYOSHIYAMA
Yuta Inukai He/Him","Temur Aggro
Selesnya Landfall",MAKITOYOSHIYAMA won 2-0-0
Round 1,88,"yamamotoatsushi
TakahashiRyoma","Mono-Green Landfall
Golgari Demons",TakahashiRyoma won 2-0-0
Round 1,89,"suganumakatuhiro
Akinori Fujikura He/Him","Grixis Reanimator
Izzet Prowess",suganumakatuhiro won 2-1-0
Round 1,90,"genki ogino
Keisuke Ebitani","Izzet Aggro
Selesnya Ouroboroid",Keisuke Ebitani won 2-1-0
Round 1,91,"Shunichi Nakajima
Toyoharu Mizuno He/Him","Izzet Prowess
Selesnya Landfall",Toyoharu Mizuno won 2-1-0
Round 1,92,"Keisuke Komatsu
Yuya Minezaki","Izzet Spellementals
Temur Prowess",Keisuke Komatsu won 2-0-0
Round 1,93,"Takeshi Ozawa He/Him
Hiroki Yamagata","Bant Rhythm
Izzet Prowess",Hiroki Yamagata won 2-1-0
Round 1,94,"YutaYamada
Takeshi Miyawaki He/Him","Izzet Prowess
Dimir Excruciator",YutaYamada won 2-1-0
Round 1,95,"Atsuki Kihara He/Him
Akira Yamawaki","Sultai Control
Azorius Tempo",Atsuki Kihara won 2-0-0
Round 1,96,"Kazushige Shimamura He/Him
shinichiro watanabe","Selesnya Landfall
Temur Prowess",shinichiro watanabe won 2-1-0
Round 1,97,"Takuya Yoshimura He/Him
Go Nakamura He/Him","Izzet Control
Sultai Control",Go Nakamura won 2-1-0
Round 1,98,"MASAAKI SAKAMOTO
Keisuke Kirito","Selesnya Midrange
Izzet Tempo",MASAAKI SAKAMOTO won 2-0-0
Round 1,99,"takayukikumakura
gohki yokomizo She/Her","Dimir Demons
Dimir Deceit",gohki yokomizo won 2-0-0
Round 1,100,"Shicheng Peng
Yusuke Sasao He/Him","Jeskai Control
Izzet Elementals",1-1-0 Draw
Round 1,101,"TOYOSHIMAYUMA He/Him
Takurou Yamaguchi Other","Jeskai Artifacts
Sultai Control",TOYOSHIMAYUMA won 2-0-0
Round 1,102,"Kyohei Murayama He/Him
Yu Tanaka","Sultai Control
Golgari Control",Yu Tanaka won 2-1-0
Round 1,103,"takuya taniguchi
takayuki denishi Other","Selesnya Landfall
Selesnya Landfall",takuya taniguchi won 2-0-0
Round 1,104,"Ryouji Hirokawa
Pol Uros","Dimir Demons
Izzet Spellementals",Pol Uros won 2-1-0
Round 1,105,"Kazuaki WATANABE They/Them
Yoshihiro Oohashi He/Him","Selesnya Landfall
Jeskai Control",Kazuaki WATANABE won 2-1-0
Round 1,106,"KAZUYOSHI ANAN
MiyazakiTakato","W-U-B-R Control
Jeskai Control",MiyazakiTakato won 2-1-0
Round 1,107,"藤垣 琢矢 He/Him
itomasayoshi He/Him","Mono-Green Aggro
Temur Aggro",藤垣 琢矢 won 2-1-0
Round 1,108,"Yuusuke Ooyama
YUKI OTA He/Him","Izzet Elementals
Izzet Control",Yuusuke Ooyama won 2-1-0
Round 1,109,"YUSUKE NAKAMURA
Takehito Kawakami","Izzet Prowess
Jeskai Control",YUSUKE NAKAMURA won 2-1-0
Round 1,110,"Yuuhei Komatsu
Atsushi Hasegawa He/Him","Selesnya Landfall
Mono-White Aggro",1-1-0 Draw
Round 1,111,"Yutaro Tokuyama
Sangjoon Kong He/Him","Orzhov Aggro
Grixis Midrange",Yutaro Tokuyama won 2-1-0
Round 1,112,"Ohashi Toshiyuki
Tomoki Usui He/Him","Azorius Aggro
Golgari Midrange",Tomoki Usui won 2-1-0
Round 1,113,"hirofumi nakamatsu
Reona Shiga","Temur Aggro
Temur Aggro",hirofumi nakamatsu won 2-0-0
Round 1,114,"Kazuhiro Noine
tatsuya kadowaki He/Him","Selesnya Landfall
Izzet Spellementals",Kazuhiro Noine won 2-1-0
Round 1,115,"Tomoya Kobayashi
LaturaPK","Izzet Control
Izzet",Tomoya Kobayashi won 2-0-0
Round 1,116,"RYUJI INOUE
satoshi hashimoto He/Him","Izzet Aggro
Bant Midrange",RYUJI INOUE won 2-1-0
Round 1,117,"ReiSakano Other
Hiroki Toyota","Jeskai Control
Mono-Green Landfall",ReiSakano won 2-1-0
Round 1,118,"Yuichiro Sasa
Takaya Saito","Boros Aggro
Azorius Control",Takaya Saito won 2-0-0
Round 1,119,"Yuya Mizuno He/Him
kent kakigi He/Him","Selesnya Landfall
Izzet Spellementals",Yuya Mizuno won 2-1-0
Round 1,120,"Ryouta Mishina
TomohiroSakai He/Him","Temur Prowess
Izzet Prowess",TomohiroSakai won 2-0-0
Round 1,121,"Yosuke Oka He/Him
DBAngel","Izzet Prowess
Temur Omniscience",DBAngel won 2-1-0
Round 1,122,"Shigeki Kimura
ryuji mimido","Temur Aggro
Dimir Demons",ryuji mimido won 2-1-0
Round 1,123,"sawada jun He/Him
Yuya Hosokawa He/Him","Jeskai Control
Jeskai Control",Yuya Hosokawa won 2-0-0
Round 1,124,"JunSatoX1
Satoshi Kuraoka","Boros Tokens
Izzet Spellementals",Satoshi Kuraoka won 2-0-0
Round 1,125,"nakatatsuyoshi
Marei Okamura","Izzet Prowess
Sultai Control",nakatatsuyoshi won 2-1-0
Round 1,126,"RYOUTA SHIMIZU
Tetsu Kawaguchi","Izzet Spellementals
W-U-B-R Control",Tetsu Kawaguchi won 2-1-0
Round 1,127,"takanori watanabe He/Him
Riku Kumagai","Selesnya Aggro
Izzet Spellementals",Riku Kumagai won 2-1-0
Round 1,128,"HUNG KAIYANG
Takaaki Okumura He/Him","Boros Aggro
Izzet Prowess",Takaaki Okumura won 2-0-0
Round 1,129,"Takuto Furukawa
MASAHIDE MORIYAMA","Azorius Flash
Izzet Spellementals",MASAHIDE MORIYAMA won 2-0-0
Round 1,130,"空 大黒
Kazune Kosaka He/Him","Sultai Control
Temur Prowess",Kazune Kosaka won 2-0-0
Round 1,131,"HataRyushi
HARUKA KAWANOBE","Temur Aggro
Izzet Midrange",HARUKA KAWANOBE won 2-1-0
Round 1,132,"tanono
Hideki Yoshioka He/Him","Mardu Monument
Azorius Flash",Hideki Yoshioka won 2-0-0
Round 1,133,"Yoshitaka Fujino
Hiroaki Itou","Selesnya Aggro
Sultai Control",Yoshitaka Fujino won 2-0-0
Round 1,134,"JUNYA YOSHIKAWA
Yuichiro Maruyama","Temur Prowess
Izzet Spellementals",Yuichiro Maruyama won 2-1-0
Round 1,135,"Koichi Kudo
RyosukeHayashi","Selesnya Ouroboroid
Temur Midrange",RyosukeHayashi won 2-0-0
Round 1,136,"Shogo Kajita
Ryosuke Nishiura He/Him","U-B-R-G Reanimator
Selesnya Landfall",Shogo Kajita won 2-1-0
Round 1,137,"Tomohiro Matsumoto He/Him
emotosatoshi","Izzet Spellementals
Temur Prowess",Tomohiro Matsumoto won 2-0-0
Round 1,138,"Tomoya Tanaka
Rei Hirayama","Izzet Prowess
Izzet Spellementals",Rei Hirayama won 2-1-0
Round 1,139,"SHINICHI NAGAI
Satoshi Ishiguro Other","Izzet Lessons
Temur Aggro",SHINICHI NAGAI won 2-0-0
Round 1,140,"AxeBang
john_1_10_taka","Izzet Elementals
Izzet Prowess",AxeBang won 2-0-0
Round 1,141,"tomoya fujimoto He/Him
akira ishikawa","Selesnya Landfall
Selesnya Landfall",akira ishikawa won 2-1-0
Round 1,142,"Mikita Hirano He/Him
taiyo ishii He/Him","Izzet Spellementals
Izzet",taiyo ishii won 2-1-0
Round 1,143,"kyohei fukuyama They/Them
Keita Ito","Selesnya
Izzet Prowess",Keita Ito won 2-1-0
Round 1,144,"Yusuke Ohkawa
Tamon","Izzet Lessons
Dimir Excruciator",Tamon won 2-0-0
Round 1,145,"naoki kamizono
MASATO YAMADE","Temur Prowess
Izzet Spellementals",naoki kamizono won 2-1-0
Round 1,146,"Takatomo Tezuka
Yutaro Morimoto He/Him","Izzet Prowess
Selesnya Ouroboroid",Yutaro Morimoto won 2-1-0
Round 1,147,"yohei hoshino
Shota Miyashita","Temur Prowess
Izzet Lessons",Shota Miyashita won 2-0-0
Round 1,148,"Taichi Akiyama
tsuyoshinakamura","Azorius Tempo
Abzan Midrange",Taichi Akiyama won 2-1-0
Round 1,149,"Yosuke Shimizu He/Him
MAIMScrubs","Dimir Deceit
Selesnya Landfall",Yosuke Shimizu won 2-1-0
Round 1,150,"Leo Isogaya
yasuhiro yazu","Izzet Lessons
Selesnya Ouroboroid",Leo Isogaya won 2-0-0
Round 1,151,"Masataka Hori
Kazuaki Kurokawa","Selesnya Ouroboroid
Izzet Prowess",Masataka Hori won 2-1-0
Round 1,152,"taiyu kato
TAKUYA HASEGAWA","Golgari Aggro
Selesnya Landfall",taiyu kato won 2-0-0
Round 1,153,"showatanabe
Eisuke Oono He/Him","Bant Combo
Selesnya Landfall",Eisuke Oono won 2-0-0
Round 1,154,"Shigeo Murase
TASE YUYA Other","Jeskai Control
Azorius Aggro",Shigeo Murase won 2-1-0
Round 1,155,"RYOHEI SUZUKI
Sotaro Wada","Mono-Red Aggro
Izzet Prowess",Sotaro Wada won 2-0-0
Round 1,156,"KOUSUKE CHINEN
Takuya Aoki","Izzet Spellementals
Izzet",KOUSUKE CHINEN won 2-0-0
Round 1,157,"Hirotaka Kawasaki
shintarou yoshida He/Him","Selesnya Ouroboroid
Jeskai Control",Hirotaka Kawasaki won 2-0-0
Round 1,158,"mcgottsu
ryo kasuga","Mardu Aggro
Selesnya Landfall",ryo kasuga won 2-1-0
Round 1,159,"fukutome masayuki He/Him
Taisei Nakayama He/Him","Sultai Control
Izzet Prowess",Taisei Nakayama won 2-1-0
Round 1,160,"Shintaro Kurata
yoshio miyake","Izzet Aggro
Selesnya Landfall",Shintaro Kurata won 2-0-0
Round 1,161,"HAYATO IGURA
taegyun lim","Selesnya Landfall
Grixis Midrange",HAYATO IGURA won 2-1-0
Round 1,162,"Ryuichi Okayasu
HIDENARI IKEDA He/Him","Izzet Prowess
Selesnya Landfall",HIDENARI IKEDA won 2-1-0
Round 1,163,"NOBUAKI JINBA Other
Nixed","Temur Omniscience
W-U-B-R Control",Nixed won 2-1-0
Round 1,164,"Syunsuke Nakazima
Sho Miyasaka","Jeskai Control
Izzet Prowess",Sho Miyasaka won 2-0-0
Round 1,165,"YUJI KAWABATA He/Him
John Im He/Him","Izzet Spellementals
Izzet",YUJI KAWABATA won 2-1-0
Round 1,166,"Keiichiro Matsumoto
cckew He/Him","W-U-B-R Control
Izzet Spellementals",Keiichiro Matsumoto won 2-0-0
Round 1,167,"Ryo Inazawa He/Him
Manato Hosomi He/Him","Selesnya Landfall
Izzet Aggro",Manato Hosomi won 2-0-0
Round 1,168,"Ryo Ito
Yuta Akamine They/Them","Jeskai Control
Izzet Spellementals",Yuta Akamine won 2-0-0
Round 1,169,"ryuichiro ishida He/Him
Ryohei Takezawa He/Him","Selesnya Rhythm
Izzet Aggro",ryuichiro ishida won 2-0-0
Round 1,170,"Ryota Motegi
Akira Tanaka He/Him","Mardu
Izzet Lessons",Akira Tanaka won 2-0-0
Round 1,171,"Kazuya Kiyofuji
aqua haruka#50863 He/Him","Selesnya Landfall
Temur Prowess",Kazuya Kiyofuji won 2-0-0
Round 1,172,"sho kamezaki
Andreas Holmqvist","Mono-Green Landfall
Selesnya Landfall",sho kamezaki won 2-0-0
Round 1,173,"Shingo Takada He/Him
kento shiraki He/Him","Izzet Elementals
Selesnya Landfall",kento shiraki won 2-1-0
Round 1,174,"Takayuki Rita
takahiro yamaguchi","Jeskai Control
Izzet Lessons",takahiro yamaguchi won 2-0-0
Round 1,175,"MAEDA YOSHITAKA He/Him
Tatsuumi KOBAYASHI","Izzet Prowess
Izzet Spellementals",Tatsuumi KOBAYASHI won 2-0-0
Round 1,176,"Kiho Choi He/Him
baronlee","Izzet Prowess
Temur",baronlee won 2-1-0
Round 2,1,"Jun Furukawa
KazukiYada","Izzet Aggro
Temur Prowess",KazukiYada won 2-0-0
Round 2,2,"ReiSakano Other
ryuichiro ishida He/Him","Jeskai Control
Selesnya Rhythm",ReiSakano won 2-1-0
Round 2,3,"rintaro honda
HARUKA KAWANOBE","Temur Aggro
Izzet Midrange",rintaro honda won 2-0-0
Round 2,4,"Takaya Saito
Kenya Ishikawa He/Him","Azorius Control
Izzet Spellementals",Kenya Ishikawa won 2-1-0
Round 2,5,"Masaki Ooura
TomohiroSakai He/Him","Izzet Prowess
Izzet Prowess",Masaki Ooura won 2-1-0
Round 2,6,"Keita Tonouchi He/Him
Sho Miyasaka","Selesnya Landfall
Izzet Prowess",Keita Tonouchi won 2-0-0
Round 2,7,"Riku Kumagai
Kenji Sego","Izzet Spellementals
Izzet Spellementals",Kenji Sego won 2-1-0
Round 2,8,"Tomoaki Ogasawara
Yuta Akamine They/Them","Selesnya Ouroboroid
Izzet Spellementals",Yuta Akamine won 2-0-0
Round 2,9,"hirofumi nakamatsu
Kaoru Yoshizawa","Temur Aggro
Izzet Prowess",hirofumi nakamatsu won 2-1-0
Round 2,10,"Keiichiro Matsumoto
Tomoki Usui He/Him","W-U-B-R Control
Golgari Midrange",Keiichiro Matsumoto won 2-1-0
Round 2,11,"gohki yokomizo She/Her
naoki kamizono","Dimir Deceit
Temur Prowess",gohki yokomizo won 2-0-0
Round 2,12,"Yuya Hosokawa He/Him
Sotaro Wada","Jeskai Control
Izzet Prowess",Yuya Hosokawa won 2-0-0
Round 2,13,"Satoshi Kuraoka
Yu Tanaka","Izzet Spellementals
Golgari Control",Yu Tanaka won 2-1-0
Round 2,14,"Keisuke Naitou
Takumi Utsunomiya He/Him","Temur Prowess
Izzet Spellementals",Keisuke Naitou won 2-0-0
Round 2,15,"YUSUKE NAKAMURA
Naoki Higashida","Izzet Prowess
Izzet Prowess",YUSUKE NAKAMURA won 2-0-0
Round 2,16,"Takaaki Okumura He/Him
akira uemura He/Him","Izzet Prowess
Selesnya Landfall",akira uemura won 2-1-0
Round 2,17,"Kenichirise
Masanari Fukasawa He/Him","Izzet Bounce
Selesnya Landfall",Masanari Fukasawa won 2-0-0
Round 2,18,"Yoshihiko Ikawa He/Him
yoshiki yamashita He/Him","Izzet Spellementals
Izzet Spellementals",Yoshihiko Ikawa won 2-1-0
Round 2,19,"SHINICHI NAGAI
Hiroki Kageyama","Izzet Lessons
Izzet Otters",Hiroki Kageyama won 2-1-0
Round 2,20,"Manato Hosomi He/Him
yuuji yoshida","Izzet Aggro
Temur Aggro",yuuji yoshida won 2-0-0
Round 2,21,"MASAHIDE MORIYAMA
MAKITOYOSHIYAMA","Izzet Spellementals
Temur Aggro",MASAHIDE MORIYAMA won 2-1-0
Round 2,22,"Jeongwoo Cho He/Him
Takamichi Asai","Izzet Prowess
Temur Prowess",Jeongwoo Cho won 2-1-0
Round 2,23,"suganumakatuhiro
Yoshitaka Fujino","Grixis Reanimator
Selesnya Aggro",Yoshitaka Fujino won 2-0-0
Round 2,24,"Masakuni Hamaguchi
RYUJI INOUE","Selesnya Landfall
Izzet Aggro",Masakuni Hamaguchi won 2-0-0
Round 2,25,"Yutaro Morimoto He/Him
HIDENARI IKEDA He/Him","Selesnya Ouroboroid
Selesnya Landfall",Yutaro Morimoto won 2-1-0
Round 2,26,"Sho Yoshimori He/Him
Keisuke Ebitani","Selesnya Landfall
Selesnya Ouroboroid",Sho Yoshimori won 2-1-0
Round 2,27,"Taichi Akiyama
YutaYamada","Azorius Tempo
Izzet Prowess",YutaYamada won 2-1-0
Round 2,28,"RIKI KAMO He/Him
Yohei Nomiya He/Him","Mono-Green Landfall
Izzet Spellementals",RIKI KAMO won 2-0-0
Round 2,29,"Tomoya Kobayashi
Atsuki Kihara He/Him","Izzet Control
Sultai Control",Tomoya Kobayashi won 2-1-0
Round 2,30,"Hiroaki Taniguchi He/Him
sho kamezaki","Golgari Midrange
Mono-Green Landfall",Hiroaki Taniguchi won 2-0-0
Round 2,31,"Yusuke Takaoka He/Him
naoto yamane","Izzet Aggro
Selesnya Ouroboroid",naoto yamane won 2-1-0
Round 2,32,"Tomonori Hirami
Mikita Hisano","Azorius Flash
Boros",Tomonori Hirami won 2-0-0
Round 2,33,"Hideki Yoshioka He/Him
Toyoharu Mizuno He/Him","Azorius Flash
Selesnya Landfall",Hideki Yoshioka won 2-0-0
Round 2,34,"taiyo ishii He/Him
Kazune Kosaka He/Him","Izzet
Temur Prowess",taiyo ishii won 2-1-0
Round 2,35,"Rei Hirayama
maegawa","Izzet Spellementals
Selesnya Aggro",Rei Hirayama won 2-1-0
Round 2,36,"Nixed
kento shiraki He/Him","W-U-B-R Control
Selesnya Landfall",kento shiraki won 2-0-0
Round 2,37,"Masaru Abe He/Him
RyosukeHayashi","Dimir Excruciator
Temur Midrange",RyosukeHayashi won 2-0-0
Round 2,38,"taiyu kato
Gaku Oohashi","Golgari Aggro
Selesnya Landfall",Gaku Oohashi won 2-0-0
Round 2,39,"Miyanishi Makoto He/Him
takahiro yamaguchi","Izzet Prowess
Izzet Lessons",takahiro yamaguchi won 2-1-0
Round 2,40,"Toru Yanagisaka
Yuusuke Ooyama","Dimir Combo
Izzet Elementals",Yuusuke Ooyama won 2-1-0
Round 2,41,"LiDuoyan
Ryota Ishikawa","Azorius Blink
Selesnya Landfall",LiDuoyan won 2-1-0
Round 2,42,"Masataka Hori
XU BAOZHONG","Selesnya Ouroboroid
Jeskai Aggro",Masataka Hori won 2-0-0
Round 2,43,"Hosokawa Kouta He/Him
Keisuke Komatsu","Bant Rhythm
Izzet Spellementals",Keisuke Komatsu won 2-0-0
Round 2,44,"Hirotaka Kawasaki
Kim Hoyeon He/Him","Selesnya Ouroboroid
Golgari Midrange",Hirotaka Kawasaki won 2-1-0
Round 2,45,"shinichiro watanabe
KatsumataTomoaki","Temur Prowess
Temur Prowess",shinichiro watanabe won 2-1-0
Round 2,46,"Kyle Hitachi He/Him
Takahiro Obara","Sultai Control
Izzet Prowess",Takahiro Obara won 2-1-0
Round 2,47,"Kazuhiro Noine
Kenichiro Omori He/Him","Selesnya Landfall
Izzet Spellementals",Kenichiro Omori won 2-1-0
Round 2,48,"TOYOSHIMAYUMA He/Him
Shinnosuke Hando","Jeskai Artifacts
Selesnya",Shinnosuke Hando won 2-1-0
Round 2,49,"Masahiko Noguchi
TATSURO ASANO","Selesnya Landfall
Izzet Prowess",Masahiko Noguchi won 2-0-0
Round 2,50,"TaeHyoungKim He/Him
HAYATO IGURA","Selesnya Aggro
Selesnya Landfall",HAYATO IGURA won 2-1-0
Round 2,51,"Eisuke Oono He/Him
Shota Miyashita","Selesnya Landfall
Izzet Lessons",Shota Miyashita won 2-0-0
Round 2,52,"Keita Ito
AxeBang","Izzet Prowess
Izzet Elementals",Keita Ito won 2-1-0
Round 2,53,"Toshiya Kanegawa
takuya taniguchi","Selesnya Aggro
Selesnya Landfall",Toshiya Kanegawa won 2-0-0
Round 2,54,"Yosuke Kasagawa
Takato Ueno","Mono-Green Aggro
Temur Prowess",Yosuke Kasagawa won 2-0-0
Round 2,55,"MASAAKI SAKAMOTO
Yuya Mizuno He/Him","Selesnya Midrange
Selesnya Landfall",MASAAKI SAKAMOTO won 2-1-0
Round 2,56,"Ma Noah
ERISON","Selesnya Ouroboroid
Mono-White Tokens",Ma Noah won 2-0-0
Round 2,57,"YUJI KAWABATA He/Him
Pol Uros","Izzet Spellementals
Izzet Spellementals",Pol Uros won 2-1-0
Round 2,58,"Kazuki Kawata He/Him
Shogo Kajita","Jeskai Control
U-B-R-G Reanimator",Shogo Kajita won 2-0-0
Round 2,59,"shohei kiyota
Shinya Saito He/Him","Izzet Prowess
Temur Prowess",shohei kiyota won 2-1-0
Round 2,60,"Taro Takahashi
Shimpo Kosuke","Sultai Control
Izzet Prowess",Shimpo Kosuke won 2-0-0
Round 2,61,"Masayoshi Yoshida
Masaaki Hitomi He/Him","Selesnya Landfall
Selesnya Aggro",Masaaki Hitomi won 2-1-0
Round 2,62,"GonTV He/Him
akira ishikawa","Dimir Excruciator
Selesnya Landfall",akira ishikawa won 2-1-0
Round 2,63,"Kazuki Murata
Hiroaki Kitahara","Dimir Excruciator
Sultai Control",Hiroaki Kitahara won 2-1-0
Round 2,64,"whiteLeghorn He/Him
TakahashiRyoma","Temur Tempo
Golgari Demons",whiteLeghorn won 2-0-0
Round 2,65,"Haruka Ookura
Shintaro Kurata","Selesnya Landfall
Izzet Aggro",Haruka Ookura won 2-0-0
Round 2,66,"Akira Tanaka He/Him
Yosuke Hieda He/They","Izzet Lessons
W-U-B-R Control",Yosuke Hieda won 2-1-0
Round 2,67,"Atsushi Hozuki
Tomohiro Matsumoto He/Him","Selesnya Aggro
Izzet Spellementals",Tomohiro Matsumoto won 2-1-0
Round 2,68,"Yoshiyuki Ogyu
ryuji mimido","Dimir Excruciator
Dimir Demons",ryuji mimido won 2-0-0
Round 2,69,"Tetsuji Yamamoto
HYUNDEOK JANG He/Him","Golgari Midrange
Boros Dragons",Tetsuji Yamamoto won 2-1-0
Round 2,70,"syaka3845
Yosuke Shimizu He/Him","Temur Prowess
Dimir Deceit",syaka3845 won 2-1-0
Round 2,71,"Hojun Yoon
Shunsuke Nose He/Him","Izzet Aggro
Izzet Monument",Shunsuke Nose won 2-0-0
Round 2,72,"ryo kasuga
Tamon","Selesnya Landfall
Dimir Excruciator",Tamon won 2-0-0
Round 2,73,"MiyazakiTakato
Tetsu Kawaguchi","Jeskai Control
W-U-B-R Control",Tetsu Kawaguchi won 2-0-0
Round 2,74,"Kouhei Komiyama He/Him
Hiroki Yamagata","Azorius Flash
Izzet Prowess",Hiroki Yamagata won 2-0-0
Round 2,75,"baronlee
Shigeo Murase","Temur
Jeskai Control",baronlee won 2-1-0
Round 2,76,"SAYAMA TATSUNOSUKE
Tatsuumi KOBAYASHI","Dimir Control
Izzet Spellementals",Tatsuumi KOBAYASHI won 2-0-0
Round 2,77,"KOUSUKE CHINEN
ホリエ トオル He/Him","Izzet Spellementals
Jeskai Control",KOUSUKE CHINEN won 2-1-0
Round 2,78,"MASAO ODA He/Him
Minoru Sato","Mono-Green Landfall
Sultai Combo",MASAO ODA won 2-0-0
Round 2,79,"nakatatsuyoshi
DBAngel","Izzet Prowess
Temur Omniscience",nakatatsuyoshi won 2-0-0
Round 2,80,"naoya okamura He/Him
Kazuya Kiyofuji","Izzet Elementals
Selesnya Landfall",naoya okamura won 2-0-0
Round 2,81,"Yuichiro Maruyama
Atsushi Nakashima","Izzet Spellementals
Jeskai Control",Yuichiro Maruyama won 2-1-0
Round 2,82,"Takashi Inui
Yutaro Tokuyama","Izzet Spellementals
Orzhov Aggro",Takashi Inui won 2-0-0
Round 2,83,"Leo Isogaya
Kosuke Shibazaki","Izzet Lessons
Izzet Aggro",Leo Isogaya won 2-1-0
Round 2,84,"Kazuhito Nobuta
Taisei Nakayama He/Him","Selesnya Landfall
Izzet Prowess",Taisei Nakayama won 2-1-0
Round 2,85,"藤垣 琢矢 He/Him
Kazuaki WATANABE They/Them","Mono-Green Aggro
Selesnya Landfall",藤垣 琢矢 won 2-1-0
Round 2,86,"Masashiro Kuroda He/Him
Go Nakamura He/Him","Izzet Spellementals
Sultai Control",Go Nakamura won 2-1-0
Round 2,87,"Yusuke Sasao He/Him
junpei nakamura","Izzet Elementals
Golgari Midrange",junpei nakamura won 2-1-0
Round 2,88,"彰信 梶谷
Yuuhei Komatsu","Selesnya Landfall
Selesnya Landfall",Yuuhei Komatsu won 2-1-0
Round 2,89,"Shicheng Peng
HarryJPN He/Him","Jeskai Control
Selesnya Landfall",HarryJPN won 2-1-0
Round 2,90,"Shunsuke Kimura He/Him
Atsushi Hasegawa He/Him","Sultai Control
Mono-White Aggro",Atsushi Hasegawa won 2-0-0
Round 2,91,"Koala40
junichi takayama He/Him","Dimir Demons
Izzet Spellementals",junichi takayama won 2-0-0
Round 2,92,"Yuichiro Sasa
LEESHITIAN","Boros Aggro
Dimir Excruciator",Yuichiro Sasa won 2-1-0
Round 2,93,"Takehito Kawakami
toya","Jeskai Control
W-U-B-R Control",Takehito Kawakami won 2-0-0
Round 2,94,"Naoyuki Hashimoto He/Him
Satoshi Mizu","Dimir Excruciator
Izzet Elementals",Satoshi Mizu won 2-1-0
Round 2,95,"Ohashi Toshiyuki
Daichi Takemura Other","Azorius Aggro
Selesnya Ouroboroid",Daichi Takemura won 2-0-0
Round 2,96,"YUKI OTA He/Him
Ryuji Murae","Izzet Control
Izzet Aggro",Ryuji Murae won 2-0-0
Round 2,97,"toru kono
cckew He/Him","Izzet Spellementals
Izzet Spellementals",toru kono won 2-1-0
Round 2,98,"空 大黒
JunSatoX1","Sultai Control
Boros Tokens",JunSatoX1 won 2-0-0
Round 2,99,"tatsuya kadowaki He/Him
Toshiki Okai","Izzet Spellementals
Izzet Prowess",Toshiki Okai won 2-1-0
Round 2,100,"Takahisa Oonishi
itomasayoshi He/Him","Temur Combo
Temur Aggro",Takahisa Oonishi won 2-0-0
Round 2,101,"yamamotoatsushi
Yosuke Oka He/Him","Mono-Green Landfall
Izzet Prowess",Yosuke Oka won 2-1-0
Round 2,102,"showatanabe
SHOGO KONDO","Bant Combo
Izzet Prowess",SHOGO KONDO won 2-1-0
Round 2,103,"MAIMScrubs
Ryosuke Okada He/Him","Selesnya Landfall
Izzet Aggro",MAIMScrubs won 2-1-0
Round 2,104,"Kenta Imai He/Him
Yusuke Ohkawa","Izzet Prowess
Izzet Lessons",Kenta Imai won 2-0-0
Round 2,105,"Katsuki Fukumoto He/Him
Andreas Holmqvist","Selesnya Landfall
Selesnya Landfall",Andreas Holmqvist won 2-1-0
Round 2,106,"Kotaro Takahashi
bbtaka","Selesnya Landfall
Selesnya Aggro",Kotaro Takahashi won 2-1-0
Round 2,107,"TOMOKI EGEYAMA He/Him
grodri1999","Izzet Prowess
Bant Rhythm",grodri1999 won 2-0-0
Round 2,108,"natsuki kitada
Shota Takao","Sultai Control
Selesnya Landfall",Shota Takao won 2-0-0
Round 2,109,"Ryosuke Nishiura He/Him
TimYip","Selesnya Landfall
Izzet",TimYip won 2-1-0
Round 2,110,"Takumi Matsuura
Yuuki Fujii","Izzet Prowess
Azorius Flash",Yuuki Fujii won 2-0-0
Round 2,111,"takayuki denishi Other
HataRyushi","Selesnya Landfall
Temur Aggro",HataRyushi won 2-1-0
Round 2,112,"Takumi Onodera
hirohata","Temur Prowess
Golgari Midrange",Takumi Onodera won 2-0-0
Round 2,113,"IchiwakiFumihiro
john_1_10_taka","Jeskai Control
Izzet Prowess",IchiwakiFumihiro won 2-0-0
Round 2,114,"Ryota Motegi
yasunori yajima He/Him","Mardu
Izzet Midrange",Ryota Motegi won 2-0-0
Round 2,115,"DaichiKo
fukutome masayuki He/Him","Izzet Prowess
Sultai Control",fukutome masayuki won 1-0-0
Round 2,116,"sawada jun He/Him
Yuta Inukai He/Him","Jeskai Control
Selesnya Landfall",Yuta Inukai won 2-1-0
Round 2,117,"takayukikumakura
Dod2gaia He/Him","Dimir Demons
Jeskai Control",Dod2gaia won 2-0-0
Round 2,118,"RuiyuanLu
Ryohei Takezawa He/Him","Dimir Midrange
Izzet Aggro",RuiyuanLu won 2-1-0
Round 2,119,"Akira Yamawaki
Haruka Murano He/They","Azorius Tempo
Dimir Excruciator",Haruka Murano won 2-1-0
Round 2,120,"yasutaka Nagao
Takeshi Ozawa He/Him","W-U-B-R Control
Bant Rhythm",yasutaka Nagao won 2-0-0
Round 2,121,"Hasedaigo
shintarou yoshida He/Him","Izzet Aggro
Jeskai Control",Hasedaigo won 2-0-0
Round 2,122,"John Im He/Him
JUNYA YOSHIKAWA","Izzet
Temur Prowess",John Im won 2-0-0
Round 2,123,"Masayasu
koki hara He/Him","Izzet Elementals
Bant Rhythm",Masayasu won 2-0-0
Round 2,124,"KAZUYOSHI ANAN
Taishi_Tokairin","W-U-B-R Control
Selesnya Landfall",KAZUYOSHI ANAN won 2-0-0
Round 2,125,"Jun Takeuchi He/Him
Shingo Takada He/Him","Izzet Elementals
Izzet Elementals",Shingo Takada won 2-0-0
Round 2,126,"Ryutarou Machida
SHUNICHI NAKASHIMA","Jeskai Control
Selesnya Ouroboroid",Ryutarou Machida won 2-1-0
Round 2,127,"Charles Namchaisiri
Kiho Choi He/Him","Izzet Spellementals
Izzet Prowess",Kiho Choi won 2-0-0
Round 2,128,"Ryo Inazawa He/Him
MAEDA YOSHITAKA He/Him","Selesnya Landfall
Izzet Prowess",Ryo Inazawa won 2-1-0
Round 2,129,"Yukinori Ishibashi
kent kakigi He/Him","Selesnya Landfall
Izzet Spellementals",kent kakigi won 2-1-0
Round 2,130,"Hiroto Ogata
Kyohei Murayama He/Him","Izzet Control
Sultai Control",Kyohei Murayama won 2-1-0
Round 2,131,"Onoda Kenji He/Him
tanono","Izzet Lessons
Mardu Monument",tanono won 2-1-0
Round 2,132,"kyohei fukuyama They/Them
Koki Nakamura","Selesnya
Selesnya Landfall",kyohei fukuyama won 2-1-0
Round 2,133,"Yoshihiro Oohashi He/Him
Takehiro Fujimoto","Jeskai Control
Mono-Red Aggro",Takehiro Fujimoto won 2-1-0
Round 2,134,"Kouta Mochizuki He/Him
Takurou Yamaguchi Other","Temur Prowess
Sultai Control",Kouta Mochizuki won 2-0-0
Round 2,135,"Takeshi Miyawaki He/Him
MASATO YAMADE","Dimir Excruciator
Izzet Spellementals",Takeshi Miyawaki won 2-1-0
Round 2,136,"Horiuchi Makoto
Shunichi Nakajima","Temur Prowess
Izzet Prowess",Shunichi Nakajima won 2-1-0
Round 2,137,"syuhei nakayama
Ryuichi Okayasu","Izzet Prowess
Izzet Prowess",syuhei nakayama won 2-0-0
Round 2,138,"Taiki Kageyama
RYOHEI SUZUKI","Temur Prowess
Mono-Red Aggro",Taiki Kageyama won 2-1-0
Round 2,139,"YOICHI NAGAMI
Masaki Oi","Abzan Control
Izzet Prowess",Masaki Oi won 2-1-0
Round 2,140,"trexdog001
Ryouji Hirokawa","Izzet Control
Dimir Demons",trexdog001 won 2-1-0
Round 2,141,"Satoshi Ishiguro Other
satoshi kuroiwa","Temur Aggro
Temur Prowess",Satoshi Ishiguro won 2-1-0
Round 2,142,"yasuhiro yazu
Takayuki Rita","Selesnya Ouroboroid
Jeskai Control",Takayuki Rita won 2-0-0
Round 2,143,"mcgottsu
RYOUTA SHIMIZU","Mardu Aggro
Izzet Spellementals",mcgottsu won 2-1-0
Round 2,144,"Ryo Ito
Tomoya Tanaka","Jeskai Control
Izzet Prowess",Tomoya Tanaka won 2-1-0
Round 2,145,"TakuroIto
Yuya Minezaki","Selesnya Landfall
Temur Prowess",TakuroIto won 2-1-0
Round 2,146,"Yuki Wada
Kazuaki Kurokawa","Mono-Red Aggro
Izzet Prowess",Kazuaki Kurokawa won 2-1-0
Round 2,147,"Alexander von Stange
IngyunAhn He/Him","Izzet Prowess
Izzet Prowess",IngyunAhn won 2-0-0
Round 2,148,"Masahito Masuda
Chikara Nakajima","Temur Prowess
Mono-Green Landfall",Masahito Masuda won 2-1-0
Round 2,149,"Takuya Yoshimura He/Him
EIJI SOGO","Izzet Control
Mono-Green Landfall",EIJI SOGO won 2-0-0
Round 2,150,"Marei Okamura
Yotaki","Sultai Control
Jeskai Elementals",Marei Okamura won 2-0-0
Round 2,151,"Ryouta Mishina
Mikita Hirano He/Him","Temur Prowess
Izzet Spellementals",Mikita Hirano won 2-1-0
Round 2,152,"takanori watanabe He/Him
sintarou yamada","Selesnya Aggro
Izzet Prowess",sintarou yamada won 2-1-0
Round 2,153,"Hiroki Toyota
Takuto Furukawa","Mono-Green Landfall
Azorius Flash",Hiroki Toyota won 2-1-0
Round 2,154,"Seita Oono
LaturaPK","Selesnya Rhythm
Izzet",LaturaPK won 2-0-0
Round 2,155,"Takahiro Shiraki Other
tsuyoshinakamura","Simic Aggro
Abzan Midrange",tsuyoshinakamura won 2-1-0
Round 2,156,"TASE YUYA Other
YsoHq They/Them","Azorius Aggro
Izzet Prowess",YsoHq won 2-0-0
Round 2,157,"Akinori Fujikura He/Him
HUNG KAIYANG","Izzet Prowess
Boros Aggro",HUNG KAIYANG won 2-0-0
Round 2,158,"Kazushige Shimamura He/Him
Keisuke Sato","Selesnya Landfall
Temur Prowess",Keisuke Sato won 2-1-0
Round 2,159,"yusuke matsubara
Yunan Deng He/Him","Izzet Lessons
Jeskai Artifacts",yusuke matsubara won 2-1-0
Round 2,160,"genki ogino
Takashi Tsunomori He/Him","Izzet Aggro
Golgari Midrange",genki ogino won 2-1-0
Round 2,161,"TatsumasaTAKANO
Reona Shiga","Jeskai Midrange
Temur Aggro",Reona Shiga won 2-1-0
Round 2,162,"yoshio miyake
satoshi hashimoto He/Him","Selesnya Landfall
Bant Midrange",satoshi hashimoto won 2-0-0
Round 2,163,"shun asano He/Him
Takuya Aoki","Sultai Control
Izzet",Takuya Aoki won 2-1-0
Round 2,164,"Keisuke Kirito
takuya yamada He/Him","Izzet Tempo
W-U-B-R Control",takuya yamada won 2-0-0
Round 2,165,"Sangjoon Kong He/Him
aqua haruka#50863 He/Him","Grixis Midrange
Temur Prowess",Sangjoon Kong won 2-1-0
Round 2,166,"kouichi ishiwata
taegyun lim","Bant Rhythm
Grixis Midrange",kouichi ishiwata won 2-1-0
Round 2,167,"ryota takeuchi
Takatomo Tezuka","Boros Aggro
Izzet Prowess",ryota takeuchi won 2-0-0
Round 2,168,"yohei hoshino
Kazuhiro Nakamura","Temur Prowess
Izzet Lessons",yohei hoshino won 2-0-0
Round 2,169,"yuki yamazaki
Kenta Harane He/Him","Boros Aggro
Izzet Otters",Kenta Harane won 2-1-0
Round 2,170,"Joel Hjortness
emotosatoshi","W-U-B-R Control
Temur Prowess",emotosatoshi won 2-1-0
Round 2,171,"HIDEYUKI ICHIKAWA
Syunsuke Nakazima","Izzet Prowess
Jeskai Control",HIDEYUKI ICHIKAWA won 2-1-0
Round 2,172,"NOBUAKI JINBA Other
Shigeki Kimura","Temur Omniscience
Temur Aggro",NOBUAKI JINBA won 2-1-0
Round 2,173,"TAKUYA HASEGAWA
junsei yamaguchi He/Him","Selesnya Landfall
Jeskai Control",TAKUYA HASEGAWA won 2-1-0
Round 2,174,"Koichi Kudo
KENTA KATAGIRI","Selesnya Ouroboroid
Selesnya Rhythm",Koichi Kudo won 2-1-0
Round 2,175,"Hiroaki Itou
Hideaki Teruya","Sultai Control
Izzet Tempo",Hideaki Teruya won 2-0-0
Round 2,176,"Akinori Hishida
tomoya fujimoto He/Him","Selesnya
Selesnya Landfall",Akinori Hishida won 2-0-0
Round 3,1,"Yutaro Morimoto He/Him
whiteLeghorn He/Him","Selesnya Ouroboroid
Temur Tempo",whiteLeghorn won 2-1-0
Round 3,2,"Rei Hirayama
Takashi Inui","Izzet Spellementals
Izzet Spellementals",Rei Hirayama won 2-0-0
Round 3,3,"Shimpo Kosuke
Tomonori Hirami","Izzet Prowess
Azorius Flash",Tomonori Hirami won 2-0-0
Round 3,4,"Tomohiro Matsumoto He/Him
kento shiraki He/Him","Izzet Spellementals
Selesnya Landfall",kento shiraki won 2-1-0
Round 3,5,"Masakuni Hamaguchi
Tomoya Kobayashi","Selesnya Landfall
Izzet Control",Masakuni Hamaguchi won 2-0-0
Round 3,6,"shohei kiyota
RIKI KAMO He/Him","Izzet Prowess
Mono-Green Landfall",shohei kiyota won 2-1-0
Round 3,7,"Pol Uros
Leo Isogaya","Izzet Spellementals
Izzet Lessons",Leo Isogaya won 2-0-0
Round 3,8,"Keita Ito
HAYATO IGURA","Izzet Prowess
Selesnya Landfall",Keita Ito won 2-1-0
Round 3,9,"Masaki Ooura
akira ishikawa","Izzet Prowess
Selesnya Landfall",akira ishikawa won 2-0-0
Round 3,10,"akira uemura He/Him
Hirotaka Kawasaki","Selesnya Landfall
Selesnya Ouroboroid",Hirotaka Kawasaki won 2-0-0
Round 3,11,"Yuya Hosokawa He/Him
takahiro yamaguchi","Jeskai Control
Izzet Lessons",Yuya Hosokawa won 2-1-0
Round 3,12,"Yu Tanaka
naoto yamane","Golgari Control
Selesnya Ouroboroid",Yu Tanaka won 2-0-0
Round 3,13,"Masaaki Hitomi He/Him
Jeongwoo Cho He/Him","Selesnya Aggro
Izzet Prowess",Jeongwoo Cho won 2-1-0
Round 3,14,"Keisuke Komatsu
rintaro honda","Izzet Spellementals
Temur Aggro",Keisuke Komatsu won 2-0-0
Round 3,15,"KOUSUKE CHINEN
Yoshihiko Ikawa He/Him","Izzet Spellementals
Izzet Spellementals",Yoshihiko Ikawa won 2-0-0
Round 3,16,"MASAHIDE MORIYAMA
藤垣 琢矢 He/Him","Izzet Spellementals
Mono-Green Aggro",MASAHIDE MORIYAMA won 2-0-0
Round 3,17,"nakatatsuyoshi
syaka3845","Izzet Prowess
Temur Prowess",syaka3845 won 2-0-0
Round 3,18,"Yuichiro Maruyama
Toshiya Kanegawa","Izzet Spellementals
Selesnya Aggro",Toshiya Kanegawa won 2-0-0
Round 3,19,"Haruka Ookura
Hiroaki Kitahara","Selesnya Landfall
Sultai Control",Hiroaki Kitahara won 2-1-0
Round 3,20,"ReiSakano Other
Keiichiro Matsumoto","Jeskai Control
W-U-B-R Control",ReiSakano won 2-0-0
Round 3,21,"LiDuoyan
Hideki Yoshioka He/Him","Azorius Blink
Azorius Flash",1-1-0 Draw
Round 3,22,"Takahiro Obara
Tetsuji Yamamoto","Izzet Prowess
Golgari Midrange",Takahiro Obara won 2-1-0
Round 3,23,"Go Nakamura He/Him
MASAO ODA He/Him","Sultai Control
Mono-Green Landfall",Go Nakamura won 2-1-0
Round 3,24,"naoya okamura He/Him
Taisei Nakayama He/Him","Izzet Elementals
Izzet Prowess",Taisei Nakayama won 2-1-0
Round 3,25,"Tamon
Hiroki Yamagata","Dimir Excruciator
Izzet Prowess",Hiroki Yamagata won 2-0-0
Round 3,26,"Masahiko Noguchi
Kenji Sego","Selesnya Landfall
Izzet Spellementals",Kenji Sego won 2-1-0
Round 3,27,"Yosuke Hieda He/They
yuuji yoshida","W-U-B-R Control
Temur Aggro",yuuji yoshida won 2-1-0
Round 3,28,"YutaYamada
Tatsuumi KOBAYASHI","Izzet Prowess
Izzet Spellementals",YutaYamada won 2-1-0
Round 3,29,"Gaku Oohashi
Sho Yoshimori He/Him","Selesnya Landfall
Selesnya Landfall",Gaku Oohashi won 2-0-0
Round 3,30,"Hiroaki Taniguchi He/Him
Hiroki Kageyama","Golgari Midrange
Izzet Otters",Hiroaki Taniguchi won 2-1-0
Round 3,31,"Kenya Ishikawa He/Him
Yosuke Kasagawa","Izzet Spellementals
Mono-Green Aggro",Yosuke Kasagawa won 2-0-0
Round 3,32,"Yuta Akamine They/Them
Shunsuke Nose He/Him","Izzet Spellementals
Izzet Monument",Yuta Akamine won 2-0-0
Round 3,33,"Masanari Fukasawa He/Him
Masataka Hori","Selesnya Landfall
Selesnya Ouroboroid",Masataka Hori won 2-0-0
Round 3,34,"YUSUKE NAKAMURA
shinichiro watanabe","Izzet Prowess
Temur Prowess",shinichiro watanabe won 2-1-0
Round 3,35,"KazukiYada
Tetsu Kawaguchi","Temur Prowess
W-U-B-R Control",KazukiYada won 2-1-0
Round 3,36,"Yuusuke Ooyama
Shogo Kajita","Izzet Elementals
U-B-R-G Reanimator",Yuusuke Ooyama won 2-1-0
Round 3,37,"Ma Noah
Keita Tonouchi He/Him","Selesnya Ouroboroid
Selesnya Landfall",Ma Noah won 2-0-0
Round 3,38,"ryuji mimido
Keisuke Naitou","Dimir Demons
Temur Prowess",Keisuke Naitou won 2-0-0
Round 3,39,"hirofumi nakamatsu
baronlee","Temur Aggro
Temur",baronlee won 2-1-0
Round 3,40,"RyosukeHayashi
gohki yokomizo She/Her","Temur Midrange
Dimir Deceit",RyosukeHayashi won 2-1-0
Round 3,41,"Yoshitaka Fujino
Shota Miyashita","Selesnya Aggro
Izzet Lessons",Shota Miyashita won 2-1-0
Round 3,42,"MASAAKI SAKAMOTO
Kenichiro Omori He/Him","Selesnya Midrange
Izzet Spellementals",Kenichiro Omori won 2-0-0
Round 3,43,"Shinnosuke Hando
taiyo ishii He/Him","Selesnya
Izzet",Shinnosuke Hando won 2-1-0
Round 3,44,"HarryJPN He/Him
Yuuhei Komatsu","Selesnya Landfall
Selesnya Landfall",HarryJPN won 2-0-0
Round 3,45,"junpei nakamura
Atsushi Hasegawa He/Him","Golgari Midrange
Mono-White Aggro",junpei nakamura won 2-1-0
Round 3,46,"DBAngel
Satoshi Mizu","Temur Omniscience
Izzet Elementals",Satoshi Mizu won 2-1-0
Round 3,47,"Hosokawa Kouta He/Him
kyohei fukuyama They/Them","Bant Rhythm
Selesnya",Hosokawa Kouta won 2-0-0
Round 3,48,"LaturaPK
MiyazakiTakato","Izzet
Jeskai Control",LaturaPK won 2-0-0
Round 3,49,"IngyunAhn He/Him
kent kakigi He/Him","Izzet Prowess
Izzet Spellementals",IngyunAhn won 2-1-0
Round 3,50,"Hasedaigo
Satoshi Kuraoka","Izzet Aggro
Izzet Spellementals",Hasedaigo won 2-1-0
Round 3,51,"Tomoki Usui He/Him
Kyle Hitachi He/Him","Golgari Midrange
Sultai Control",Tomoki Usui won 2-1-0
Round 3,52,"Ryutarou Machida
Kazuaki WATANABE They/Them","Jeskai Control
Selesnya Landfall",Kazuaki WATANABE won 2-0-0
Round 3,53,"Kotaro Takahashi
Takaaki Okumura He/Him","Selesnya Landfall
Izzet Prowess",Takaaki Okumura won 2-1-0
Round 3,54,"TaeHyoungKim He/Him
Kenta Imai He/Him","Selesnya Aggro
Izzet Prowess",Kenta Imai won 2-1-0
Round 3,55,"Tomoaki Ogasawara
Yosuke Shimizu He/Him","Selesnya Ouroboroid
Dimir Deceit",Yosuke Shimizu won 2-1-0
Round 3,56,"Atsushi Hozuki
emotosatoshi","Selesnya Aggro
Temur Prowess",emotosatoshi won 2-1-0
Round 3,57,"AxeBang
Takeshi Miyawaki He/Him","Izzet Elementals
Dimir Excruciator",Takeshi Miyawaki won 2-1-0
Round 3,58,"HIDENARI IKEDA He/Him
Takayuki Rita","Selesnya Landfall
Jeskai Control",HIDENARI IKEDA won 2-1-0
Round 3,59,"takuya taniguchi
Toru Yanagisaka","Selesnya Landfall
Dimir Combo",takuya taniguchi won 2-0-0
Round 3,60,"Eisuke Oono He/Him
YsoHq They/Them","Selesnya Landfall
Izzet Prowess",YsoHq won 2-0-0
Round 3,61,"Masayoshi Yoshida
Kazuki Murata","Selesnya Landfall
Dimir Excruciator",Masayoshi Yoshida won 2-1-0
Round 3,62,"Takehiro Fujimoto
TakahashiRyoma","Mono-Red Aggro
Golgari Demons",TakahashiRyoma won 2-0-0
Round 3,63,"tanono
Ryota Ishikawa","Mardu Monument
Selesnya Landfall",Ryota Ishikawa won 2-1-0
Round 3,64,"MAKITOYOSHIYAMA
Manato Hosomi He/Him","Temur Aggro
Izzet Aggro",Manato Hosomi won 2-1-0
Round 3,65,"Takuya Aoki
ERISON","Izzet
Mono-White Tokens",Takuya Aoki won 2-0-0
Round 3,66,"Jun Furukawa
Yuichiro Sasa","Izzet Aggro
Boros Aggro",Jun Furukawa won 2-1-0
Round 3,67,"Takahisa Oonishi
sintarou yamada","Temur Combo
Izzet Prowess",sintarou yamada won 2-0-0
Round 3,68,"Kazuhiro Noine
KAZUYOSHI ANAN","Selesnya Landfall
W-U-B-R Control",Kazuhiro Noine won 2-0-0
Round 3,69,"suganumakatuhiro
Shigeo Murase","Grixis Reanimator
Jeskai Control",suganumakatuhiro won 2-1-0
Round 3,70,"fukutome masayuki He/Him
Yuuki Fujii","Sultai Control
Azorius Flash",fukutome masayuki won 2-1-0
Round 3,71,"mcgottsu
Sangjoon Kong He/Him","Mardu Aggro
Grixis Midrange",Sangjoon Kong won 2-1-0
Round 3,72,"Atsuki Kihara He/Him
yoshiki yamashita He/Him","Sultai Control
Izzet Spellementals",yoshiki yamashita won 2-1-0
Round 3,73,"Kazuaki Kurokawa
yasutaka Nagao","Izzet Prowess
W-U-B-R Control",yasutaka Nagao won 2-1-0
Round 3,74,"Ryuji Murae
Toyoharu Mizuno He/Him","Izzet Aggro
Selesnya Landfall",Ryuji Murae won 2-1-0
Round 3,75,"Hiroki Toyota
junichi takayama He/Him","Mono-Green Landfall
Izzet Spellementals",junichi takayama won 2-1-0
Round 3,76,"Takato Ueno
Hojun Yoon","Temur Prowess
Izzet Aggro",Takato Ueno won 2-1-0
Round 3,77,"HIDEYUKI ICHIKAWA
TimYip","Izzet Prowess
Izzet",HIDEYUKI ICHIKAWA won 2-0-0
Round 3,78,"Sotaro Wada
Taro Takahashi","Izzet Prowess
Sultai Control",Taro Takahashi won 2-0-0
Round 3,79,"ホリエ トオル He/Him
taiyu kato","Jeskai Control
Golgari Aggro",ホリエ トオル won 2-0-0
Round 3,80,"Hideaki Teruya
TakuroIto","Izzet Tempo
Selesnya Landfall",TakuroIto won 2-0-0
Round 3,81,"Kazuhito Nobuta
Kouta Mochizuki He/Him","Selesnya Landfall
Temur Prowess",Kouta Mochizuki won 2-0-0
Round 3,82,"Koichi Kudo
Kazuya Kiyofuji","Selesnya Ouroboroid
Selesnya Landfall",Koichi Kudo won 2-1-0
Round 3,83,"Tomoya Tanaka
RYUJI INOUE","Izzet Prowess
Izzet Aggro",RYUJI INOUE won 2-1-0
Round 3,84,"Shingo Takada He/Him
Mikita Hisano","Izzet Elementals
Boros",Mikita Hisano won 2-0-0
Round 3,85,"Masashiro Kuroda He/Him
Kazune Kosaka He/Him","Izzet Spellementals
Temur Prowess",Masashiro Kuroda won 2-1-0
Round 3,86,"Ryo Inazawa He/Him
XU BAOZHONG","Selesnya Landfall
Jeskai Aggro",XU BAOZHONG won 2-1-0
Round 3,87,"EIJI SOGO
SHOGO KONDO","Mono-Green Landfall
Izzet Prowess",EIJI SOGO won 2-1-0
Round 3,88,"Yuta Inukai He/Him
kouichi ishiwata","Selesnya Landfall
Bant Rhythm",kouichi ishiwata won 2-1-0
Round 3,89,"Miyanishi Makoto He/Him
Yoshiyuki Ogyu","Izzet Prowess
Dimir Excruciator",Miyanishi Makoto won 2-0-0
Round 3,90,"Dod2gaia He/Him
Kosuke Shibazaki","Jeskai Control
Izzet Aggro",Dod2gaia won 2-0-0
Round 3,91,"Satoshi Ishiguro Other
Keisuke Sato","Temur Aggro
Temur Prowess",Keisuke Sato won 2-0-0
Round 3,92,"Masahito Masuda
Naoki Higashida","Temur Prowess
Izzet Prowess",Masahito Masuda won 2-0-0
Round 3,93,"Nixed
JunSatoX1","W-U-B-R Control
Boros Tokens",JunSatoX1 won 2-0-0
Round 3,94,"SHINICHI NAGAI
Kenta Harane He/Him","Izzet Lessons
Izzet Otters",SHINICHI NAGAI won 2-0-0
Round 3,95,"IchiwakiFumihiro
maegawa","Jeskai Control
Selesnya Aggro",IchiwakiFumihiro won 2-1-0
Round 3,96,"sho kamezaki
grodri1999","Mono-Green Landfall
Bant Rhythm",grodri1999 won 2-1-0
Round 3,97,"HARUKA KAWANOBE
ryota takeuchi","Izzet Midrange
Boros Aggro",ryota takeuchi won 2-1-0
Round 3,98,"Kazuki Kawata He/Him
toru kono","Jeskai Control
Izzet Spellementals",Kazuki Kawata won 2-1-0
Round 3,99,"Mikita Hirano He/Him
Shinya Saito He/Him","Izzet Spellementals
Temur Prowess",Shinya Saito won 2-0-0
Round 3,100,"Yuya Mizuno He/Him
Atsushi Nakashima","Selesnya Landfall
Jeskai Control",Yuya Mizuno won 2-1-0
Round 3,101,"Takehito Kawakami
HUNG KAIYANG","Jeskai Control
Boros Aggro",Takehito Kawakami won 2-0-0
Round 3,102,"HYUNDEOK JANG He/Him
Taichi Akiyama","Boros Dragons
Azorius Tempo",HYUNDEOK JANG won 2-1-0
Round 3,103,"Kaoru Yoshizawa
YUJI KAWABATA He/Him","Izzet Prowess
Izzet Spellementals",YUJI KAWABATA won 2-0-0
Round 3,104,"Kyohei Murayama He/Him
Yohei Nomiya He/Him","Sultai Control
Izzet Spellementals",Yohei Nomiya won 2-1-0
Round 3,105,"GonTV He/Him
TAKUYA HASEGAWA","Dimir Excruciator
Selesnya Landfall",TAKUYA HASEGAWA won 2-1-0
Round 3,106,"trexdog001
RuiyuanLu","Izzet Control
Dimir Midrange",RuiyuanLu won 2-1-0
Round 3,107,"Takumi Onodera
Haruka Murano He/They","Temur Prowess
Dimir Excruciator",Haruka Murano won 2-1-0
Round 3,108,"Yutaro Tokuyama
Shintaro Kurata","Orzhov Aggro
Izzet Aggro",Shintaro Kurata won 2-1-0
Round 3,109,"Daichi Takemura Other
NOBUAKI JINBA Other","Selesnya Ouroboroid
Temur Omniscience",NOBUAKI JINBA won 2-1-0
Round 3,110,"Riku Kumagai
HataRyushi","Izzet Spellementals
Temur Aggro",Riku Kumagai won 2-0-0
Round 3,111,"Shunichi Nakajima
yusuke matsubara","Izzet Prowess
Izzet Lessons",Shunichi Nakajima won 2-0-0
Round 3,112,"Akinori Hishida
yohei hoshino","Selesnya
Temur Prowess",Akinori Hishida won 2-1-0
Round 3,113,"satoshi hashimoto He/Him
naoki kamizono","Bant Midrange
Temur Prowess",naoki kamizono won 2-1-0
Round 3,114,"TomohiroSakai He/Him
Toshiki Okai","Izzet Prowess
Izzet Prowess",Toshiki Okai won 2-0-0
Round 3,115,"Masayasu
tsuyoshinakamura","Izzet Elementals
Abzan Midrange",Masayasu won 2-1-0
Round 3,116,"Minoru Sato
Takamichi Asai","Sultai Combo
Temur Prowess",Takamichi Asai won 2-1-0
Round 3,117,"Masaki Oi
Kiho Choi He/Him","Izzet Prowess
Izzet Prowess",Masaki Oi won 2-1-0
Round 3,118,"ryo kasuga
syuhei nakayama","Selesnya Landfall
Izzet Prowess",syuhei nakayama won 2-1-0
Round 3,119,"ryuichiro ishida He/Him
Yosuke Oka He/Him","Selesnya Rhythm
Izzet Prowess",ryuichiro ishida won 2-1-0
Round 3,120,"SAYAMA TATSUNOSUKE
Andreas Holmqvist","Dimir Control
Selesnya Landfall",SAYAMA TATSUNOSUKE won 2-0-0
Round 3,121,"genki ogino
Akira Tanaka He/Him","Izzet Aggro
Izzet Lessons",genki ogino won 2-1-0
Round 3,122,"Takaya Saito
John Im He/Him","Azorius Control
Izzet",John Im won 2-0-0
Round 3,123,"Keisuke Ebitani
takuya yamada He/Him","Selesnya Ouroboroid
W-U-B-R Control",takuya yamada won 2-0-0
Round 3,124,"TATSURO ASANO
Yusuke Takaoka He/Him","Izzet Prowess
Izzet Aggro",Yusuke Takaoka won 2-1-0
Round 3,125,"Kim Hoyeon He/Him
MAIMScrubs","Golgari Midrange
Selesnya Landfall",MAIMScrubs won 2-0-0
Round 3,126,"Kouhei Komiyama He/Him
Marei Okamura","Azorius Flash
Sultai Control",Marei Okamura won 2-1-0
Round 3,127,"Shota Takao
Kenichirise","Selesnya Landfall
Izzet Bounce",Shota Takao won 2-0-0
Round 3,128,"Taiki Kageyama
KatsumataTomoaki","Temur Prowess
Temur Prowess",KatsumataTomoaki won 2-0-0
Round 3,129,"Sho Miyasaka
TOYOSHIMAYUMA He/Him","Izzet Prowess
Jeskai Artifacts",Sho Miyasaka won 2-0-0
Round 3,130,"Takumi Utsunomiya He/Him
Reona Shiga","Izzet Spellementals
Temur Aggro",Takumi Utsunomiya won 2-0-0
Round 3,131,"Masaru Abe He/Him
Ryota Motegi","Dimir Excruciator
Mardu",Ryota Motegi won 2-0-0
Round 3,132,"Shunsuke Kimura He/Him
彰信 梶谷","Sultai Control
Selesnya Landfall",Shunsuke Kimura won 2-1-0
Round 3,133,"Yusuke Sasao He/Him
Yuki Wada","Izzet Elementals
Mono-Red Aggro",Yuki Wada won 2-0-0
Round 3,134,"Shicheng Peng
junsei yamaguchi He/Him","Jeskai Control
Jeskai Control",junsei yamaguchi won 2-1-0
Round 3,135,"natsuki kitada
Shigeki Kimura","Sultai Control
Temur Aggro",natsuki kitada won 2-1-0
Round 3,136,"Taishi_Tokairin
Yuya Minezaki","Selesnya Landfall
Temur Prowess",Taishi_Tokairin won 2-0-0
Round 3,137,"Ohashi Toshiyuki
sawada jun He/Him","Azorius Aggro
Jeskai Control",sawada jun won 2-0-0
Round 3,138,"cckew He/Him
toya","Izzet Spellementals
W-U-B-R Control",cckew won 2-0-0
Round 3,139,"yasuhiro yazu
Takuya Yoshimura He/Him","Selesnya Ouroboroid
Izzet Control",yasuhiro yazu won 2-1-0
Round 3,140,"Kazuhiro Nakamura
Seita Oono","Izzet Lessons
Selesnya Rhythm",Seita Oono won 2-0-0
Round 3,141,"Keisuke Kirito
Hiroto Ogata","Izzet Tempo
Izzet Control",Keisuke Kirito won 2-0-0
Round 3,142,"bbtaka
Yotaki","Selesnya Aggro
Jeskai Elementals",Yotaki won 2-1-0
Round 3,143,"MASATO YAMADE
YUKI OTA He/Him","Izzet Spellementals
Izzet Control",YUKI OTA won 2-1-0
Round 3,144,"Jun Takeuchi He/Him
Katsuki Fukumoto He/Him","Izzet Elementals
Selesnya Landfall",Katsuki Fukumoto won 2-1-0
Round 3,145,"Hiroaki Itou
yoshio miyake","Sultai Control
Selesnya Landfall",yoshio miyake won 2-1-0
Round 3,146,"yasunori yajima He/Him
TASE YUYA Other","Izzet Midrange
Azorius Aggro",TASE YUYA won 2-0-0
Round 3,147,"tomoya fujimoto He/Him
koki hara He/Him","Selesnya Landfall
Bant Rhythm",koki hara won 2-0-0
Round 3,148,"Syunsuke Nakazima
Takurou Yamaguchi Other","Jeskai Control
Sultai Control",Syunsuke Nakazima won 2-0-0
Round 3,149,"Yukinori Ishibashi
MAEDA YOSHITAKA He/Him","Selesnya Landfall
Izzet Prowess",Yukinori Ishibashi won 2-0-0
Round 3,150,"Ryouji Hirokawa
taegyun lim","Dimir Demons
Grixis Midrange",Ryouji Hirokawa won 2-0-0
Round 3,151,"yamamotoatsushi
TOMOKI EGEYAMA He/Him","Mono-Green Landfall
Izzet Prowess",TOMOKI EGEYAMA won 2-0-0
Round 3,152,"Takashi Tsunomori He/Him
Koki Nakamura","Golgari Midrange
Selesnya Landfall",Koki Nakamura won 2-0-0
Round 3,153,"Koala40
TatsumasaTAKANO","Dimir Demons
Jeskai Midrange",Koala40 won 2-0-0
Round 3,154,"Takuto Furukawa
Takatomo Tezuka","Azorius Flash
Izzet Prowess",Takatomo Tezuka won 2-1-0
Round 3,155,"Alexander von Stange
SHUNICHI NAKASHIMA","Izzet Prowess
Selesnya Ouroboroid",Alexander von Stange won 2-1-0
Round 3,156,"Ryouta Mishina
RYOUTA SHIMIZU","Temur Prowess
Izzet Spellementals",RYOUTA SHIMIZU won 2-0-0
Round 3,157,"Yunan Deng He/Him
takayuki denishi Other","Jeskai Artifacts
Selesnya Landfall",Yunan Deng won 2-0-0
Round 3,158,"YOICHI NAGAMI
Naoyuki Hashimoto He/Him","Abzan Control
Dimir Excruciator",YOICHI NAGAMI won 3-0-0
Round 3,159,"Takeshi Ozawa He/Him
Ryohei Takezawa He/Him","Bant Rhythm
Izzet Aggro",Takeshi Ozawa won 2-1-0
Round 3,160,"showatanabe
takayukikumakura","Bant Combo
Dimir Demons",takayukikumakura won 2-1-0
Round 3,161,"DaichiKo
itomasayoshi He/Him","Izzet Prowess
Temur Aggro",itomasayoshi won 2-1-0
Round 3,162,"Kazushige Shimamura He/Him
Charles Namchaisiri","Selesnya Landfall
Izzet Spellementals",Charles Namchaisiri won 2-0-0
Round 3,163,"shintarou yoshida He/Him
KENTA KATAGIRI","Jeskai Control
Selesnya Rhythm",shintarou yoshida won 2-0-0
Round 3,164,"hirohata
Takahiro Shiraki Other","Golgari Midrange
Simic Aggro",Takahiro Shiraki won 2-1-0
Round 3,165,"Ryuichi Okayasu
Yusuke Ohkawa","Izzet Prowess
Izzet Lessons",Yusuke Ohkawa won 2-1-0
Round 3,166,"Akira Yamawaki
JUNYA YOSHIKAWA","Azorius Tempo
Temur Prowess",Akira Yamawaki won 2-1-0
Round 3,167,"aqua haruka#50863 He/Him
Horiuchi Makoto","Temur Prowess
Temur Prowess",aqua haruka#50863 won 2-1-0
Round 3,168,"Ryosuke Okada He/Him
Joel Hjortness","Izzet Aggro
W-U-B-R Control",Ryosuke Okada won 2-1-0
Round 3,169,"satoshi kuroiwa
Ryosuke Nishiura He/Him","Temur Prowess
Selesnya Landfall",satoshi kuroiwa won 2-1-0
Round 3,170,"Chikara Nakajima
Ryo Ito","Mono-Green Landfall
Jeskai Control",Chikara Nakajima won 2-0-0
Round 3,171,"john_1_10_taka
yuki yamazaki","Izzet Prowess
Boros Aggro",yuki yamazaki won 2-1-0
Round 3,172,"Takumi Matsuura
tatsuya kadowaki He/Him","Izzet Prowess
Izzet Spellementals",Takumi Matsuura won 2-1-0
Round 3,173,"takanori watanabe He/Him
空 大黒","Selesnya Aggro
Sultai Control",takanori watanabe won 2-1-0
Round 3,174,"shun asano He/Him
Yoshihiro Oohashi He/Him","Sultai Control
Jeskai Control",shun asano won 2-1-0
Round 3,175,"Akinori Fujikura He/Him
Onoda Kenji He/Him","Izzet Prowess
Izzet Lessons",Akinori Fujikura won 2-1-0
Round 4,-,Kazuhiro Nakamura,Izzet Lessons,Kazuhiro Nakamura was assigned a bye
Round 4,1,"Ma Noah
Yuusuke Ooyama","Selesnya Ouroboroid
Izzet Elementals",Ma Noah won 2-0-0
Round 4,2,"akira ishikawa
Hirotaka Kawasaki","Selesnya Landfall
Selesnya Ouroboroid",akira ishikawa won 2-0-0
Round 4,3,"whiteLeghorn He/Him
Yuya Hosokawa He/Him","Temur Tempo
Jeskai Control",Yuya Hosokawa won 2-1-0
Round 4,4,"KazukiYada
Hiroaki Kitahara","Temur Prowess
Sultai Control",Hiroaki Kitahara won 2-0-0
Round 4,5,"Kenji Sego
Shota Miyashita","Izzet Spellementals
Izzet Lessons",Kenji Sego won 2-1-0
Round 4,6,"Yosuke Kasagawa
Go Nakamura He/Him","Mono-Green Aggro
Sultai Control",Go Nakamura won 2-1-0
Round 4,7,"Rei Hirayama
RyosukeHayashi","Izzet Spellementals
Temur Midrange",Rei Hirayama won 2-0-0
Round 4,8,"Yuta Akamine They/Them
Jeongwoo Cho He/Him","Izzet Spellementals
Izzet Prowess",Yuta Akamine won 2-0-0
Round 4,9,"ReiSakano Other
Toshiya Kanegawa","Jeskai Control
Selesnya Aggro",ReiSakano won 2-1-0
Round 4,10,"Keita Ito
Yu Tanaka","Izzet Prowess
Golgari Control",Keita Ito won 2-1-0
Round 4,11,"Takahiro Obara
Shinnosuke Hando","Izzet Prowess
Selesnya",Shinnosuke Hando won 2-0-0
Round 4,12,"Masataka Hori
Taisei Nakayama He/Him","Selesnya Ouroboroid
Izzet Prowess",Masataka Hori won 2-0-0
Round 4,13,"Tomonori Hirami
shohei kiyota","Azorius Flash
Izzet Prowess",Tomonori Hirami won 2-0-0
Round 4,14,"Yoshihiko Ikawa He/Him
MASAHIDE MORIYAMA","Izzet Spellementals
Izzet Spellementals",Yoshihiko Ikawa won 2-0-0
Round 4,15,"Gaku Oohashi
Keisuke Komatsu","Selesnya Landfall
Izzet Spellementals",Keisuke Komatsu won 2-0-0
Round 4,16,"shinichiro watanabe
Hiroki Yamagata","Temur Prowess
Izzet Prowess",Hiroki Yamagata won 2-1-0
Round 4,17,"kento shiraki He/Him
Leo Isogaya","Selesnya Landfall
Izzet Lessons",kento shiraki won 2-0-0
Round 4,18,"Masakuni Hamaguchi
YutaYamada","Selesnya Landfall
Izzet Prowess",Masakuni Hamaguchi won 2-0-0
Round 4,19,"Hiroaki Taniguchi He/Him
yuuji yoshida","Golgari Midrange
Temur Aggro",Hiroaki Taniguchi won 2-0-0
Round 4,20,"Kenichiro Omori He/Him
Keisuke Naitou","Izzet Spellementals
Temur Prowess",Kenichiro Omori won 2-0-0
Round 4,21,"syaka3845
baronlee","Temur Prowess
Temur",baronlee won 2-1-0
Round 4,22,"HarryJPN He/Him
junpei nakamura","Selesnya Landfall
Golgari Midrange",HarryJPN won 2-1-0
Round 4,23,"Hideki Yoshioka He/Him
Haruka Ookura","Azorius Flash
Selesnya Landfall",Haruka Ookura won 2-1-0
Round 4,24,"LiDuoyan
藤垣 琢矢 He/Him","Azorius Blink
Mono-Green Aggro",LiDuoyan won 2-1-0
Round 4,25,"Yuichiro Maruyama
Taro Takahashi","Izzet Spellementals
Sultai Control",Yuichiro Maruyama won 2-1-0
Round 4,26,"JunSatoX1
Keiichiro Matsumoto","Boros Tokens
W-U-B-R Control",Keiichiro Matsumoto won 2-1-0
Round 4,27,"Pol Uros
HIDEYUKI ICHIKAWA","Izzet Spellementals
Izzet Prowess",1-1-1 Draw
Round 4,28,"MAIMScrubs
KatsumataTomoaki","Selesnya Landfall
Temur Prowess",KatsumataTomoaki won 2-0-0
Round 4,29,"TakahashiRyoma
emotosatoshi","Golgari Demons
Temur Prowess",TakahashiRyoma won 2-1-0
Round 4,30,"IchiwakiFumihiro
Masaki Oi","Jeskai Control
Izzet Prowess",IchiwakiFumihiro won 2-1-0
Round 4,31,"Jun Furukawa
Shinya Saito He/Him","Izzet Aggro
Temur Prowess",Shinya Saito won 2-1-0
Round 4,32,"Sho Yoshimori He/Him
Masashiro Kuroda He/Him","Selesnya Landfall
Izzet Spellementals",Masashiro Kuroda won 2-1-0
Round 4,33,"Riku Kumagai
Tomoya Kobayashi","Izzet Spellementals
Izzet Control",Tomoya Kobayashi won 2-1-0
Round 4,34,"Sangjoon Kong He/Him
Masayasu","Grixis Midrange
Izzet Elementals",Sangjoon Kong won 2-1-0
Round 4,35,"XU BAOZHONG
Sho Miyasaka","Jeskai Aggro
Izzet Prowess",Sho Miyasaka won 2-1-0
Round 4,36,"Satoshi Mizu
Kazuki Kawata He/Him","Izzet Elementals
Jeskai Control",Satoshi Mizu won 2-0-0
Round 4,37,"gohki yokomizo She/Her
Kenta Imai He/Him","Dimir Deceit
Izzet Prowess",Kenta Imai won 2-0-0
Round 4,38,"ホリエ トオル He/Him
Tetsu Kawaguchi","Jeskai Control
W-U-B-R Control",ホリエ トオル won 2-1-0
Round 4,39,"ryuichiro ishida He/Him
Ryuji Murae","Selesnya Rhythm
Izzet Aggro",ryuichiro ishida won 2-1-0
Round 4,40,"takuya yamada He/Him
Takuya Aoki","W-U-B-R Control
Izzet",Takuya Aoki won 2-1-0
Round 4,41,"Masahiko Noguchi
Koichi Kudo","Selesnya Landfall
Selesnya Ouroboroid",Masahiko Noguchi won 2-1-0
Round 4,42,"LaturaPK
ryota takeuchi","Izzet
Boros Aggro",LaturaPK won 2-1-0
Round 4,43,"MASAAKI SAKAMOTO
SAYAMA TATSUNOSUKE","Selesnya Midrange
Dimir Control",SAYAMA TATSUNOSUKE won 2-0-0
Round 4,44,"Yuya Mizuno He/Him
genki ogino","Selesnya Landfall
Izzet Aggro",genki ogino won 2-1-0
Round 4,45,"IngyunAhn He/Him
Kenya Ishikawa He/Him","Izzet Prowess
Izzet Spellementals",Kenya Ishikawa won 2-1-0
Round 4,46,"Tatsuumi KOBAYASHI
Shintaro Kurata","Izzet Spellementals
Izzet Aggro",Shintaro Kurata won 2-0-0
Round 4,47,"Manato Hosomi He/Him
Masanari Fukasawa He/Him","Izzet Aggro
Selesnya Landfall",Masanari Fukasawa won 2-1-0
Round 4,48,"Yutaro Morimoto He/Him
YUJI KAWABATA He/Him","Selesnya Ouroboroid
Izzet Spellementals",YUJI KAWABATA won 2-0-0
Round 4,49,"Takumi Utsunomiya He/Him
Masaki Ooura","Izzet Spellementals
Izzet Prowess",Takumi Utsunomiya won 2-0-0
Round 4,50,"rintaro honda
Yoshitaka Fujino","Temur Aggro
Selesnya Aggro",Yoshitaka Fujino won 2-0-0
Round 4,51,"syuhei nakayama
YUSUKE NAKAMURA","Izzet Prowess
Izzet Prowess",YUSUKE NAKAMURA won 2-0-0
Round 4,52,"HYUNDEOK JANG He/Him
Takamichi Asai","Boros Dragons
Temur Prowess",Takamichi Asai won 2-1-0
Round 4,53,"HIDENARI IKEDA He/Him
kouichi ishiwata","Selesnya Landfall
Bant Rhythm",kouichi ishiwata won 2-0-0
Round 4,54,"Dod2gaia He/Him
Takashi Inui","Jeskai Control
Izzet Spellementals",Dod2gaia won 2-0-0
Round 4,55,"Kazuhiro Noine
Shogo Kajita","Selesnya Landfall
U-B-R-G Reanimator",Kazuhiro Noine won 2-0-0
Round 4,56,"Mikita Hisano
Yosuke Shimizu He/Him","Boros
Dimir Deceit",Yosuke Shimizu won 2-0-0
Round 4,57,"HAYATO IGURA
takuya taniguchi","Selesnya Landfall
Selesnya Landfall",takuya taniguchi won 2-0-0
Round 4,58,"KOUSUKE CHINEN
EIJI SOGO","Izzet Spellementals
Mono-Green Landfall",KOUSUKE CHINEN won 2-0-0
Round 4,59,"MASAO ODA He/Him
Yohei Nomiya He/Him","Mono-Green Landfall
Izzet Spellementals",MASAO ODA won 2-1-0
Round 4,60,"John Im He/Him
TAKUYA HASEGAWA","Izzet
Selesnya Landfall",TAKUYA HASEGAWA won 2-0-0
Round 4,61,"RuiyuanLu
Yusuke Takaoka He/Him","Dimir Midrange
Izzet Aggro",Yusuke Takaoka won 2-0-0
Round 4,62,"takahiro yamaguchi
Haruka Murano He/They","Izzet Lessons
Dimir Excruciator",Haruka Murano won 2-1-0
Round 4,63,"Miyanishi Makoto He/Him
grodri1999","Izzet Prowess
Bant Rhythm",grodri1999 won 2-0-0
Round 4,64,"Marei Okamura
taiyo ishii He/Him","Sultai Control
Izzet",taiyo ishii won 2-1-0
Round 4,65,"Hiroki Kageyama
naoto yamane","Izzet Otters
Selesnya Ouroboroid",Hiroki Kageyama won 2-1-0
Round 4,66,"Shunsuke Nose He/Him
akira uemura He/Him","Izzet Monument
Selesnya Landfall",akira uemura won 2-1-0
Round 4,67,"Takato Ueno
SHINICHI NAGAI","Temur Prowess
Izzet Lessons",Takato Ueno won 2-1-0
Round 4,68,"hirofumi nakamatsu
Shimpo Kosuke","Temur Aggro
Izzet Prowess",hirofumi nakamatsu won 2-0-0
Round 4,69,"Takaaki Okumura He/Him
junichi takayama He/Him","Izzet Prowess
Izzet Spellementals",Takaaki Okumura won 2-1-0
Round 4,70,"Tomoki Usui He/Him
yasutaka Nagao","Golgari Midrange
W-U-B-R Control",yasutaka Nagao won 2-0-0
Round 4,71,"nakatatsuyoshi
Hasedaigo","Izzet Prowess
Izzet Aggro",nakatatsuyoshi won 2-1-0
Round 4,72,"Tetsuji Yamamoto
Hosokawa Kouta He/Him","Golgari Midrange
Bant Rhythm",Hosokawa Kouta won 2-1-0
Round 4,73,"Keita Tonouchi He/Him
naoki kamizono","Selesnya Landfall
Temur Prowess",Keita Tonouchi won 2-0-0
Round 4,74,"fukutome masayuki He/Him
ryuji mimido","Sultai Control
Dimir Demons",fukutome masayuki won 2-1-0
Round 4,75,"Masaaki Hitomi He/Him
Shota Takao","Selesnya Aggro
Selesnya Landfall",Masaaki Hitomi won 2-1-0
Round 4,76,"Toshiki Okai
Masayoshi Yoshida","Izzet Prowess
Selesnya Landfall",Toshiki Okai won 2-0-0
Round 4,77,"YsoHq They/Them
Akinori Hishida","Izzet Prowess
Selesnya",YsoHq won 2-1-0
Round 4,78,"Kazuaki WATANABE They/Them
yoshiki yamashita He/Him","Selesnya Landfall
Izzet Spellementals",yoshiki yamashita won 2-0-0
Round 4,79,"Tomohiro Matsumoto He/Him
Masahito Masuda","Izzet Spellementals
Temur Prowess",Tomohiro Matsumoto won 2-0-0
Round 4,80,"Ryota Ishikawa
Ryota Motegi","Selesnya Landfall
Mardu",Ryota Ishikawa won 2-1-0
Round 4,81,"TakuroIto
RIKI KAMO He/Him","Selesnya Landfall
Mono-Green Landfall",RIKI KAMO won 2-1-0
Round 4,82,"Yosuke Hieda He/They
Takeshi Miyawaki He/Him","W-U-B-R Control
Dimir Excruciator",Takeshi Miyawaki won 2-1-0
Round 4,83,"sintarou yamada
suganumakatuhiro","Izzet Prowess
Grixis Reanimator",sintarou yamada won 2-1-0
Round 4,84,"Shunichi Nakajima
RYUJI INOUE","Izzet Prowess
Izzet Aggro",RYUJI INOUE won 2-1-0
Round 4,85,"Kouta Mochizuki He/Him
NOBUAKI JINBA Other","Temur Prowess
Temur Omniscience",Kouta Mochizuki won 2-1-0
Round 4,86,"Keisuke Sato
Tamon","Temur Prowess
Dimir Excruciator",Keisuke Sato won 2-1-0
Round 4,87,"naoya okamura He/Him
Takehito Kawakami","Izzet Elementals
Jeskai Control",naoya okamura won 2-0-0
Round 4,88,"Shunsuke Kimura He/Him
Yuuhei Komatsu","Sultai Control
Selesnya Landfall",Shunsuke Kimura won 2-1-0
Round 4,89,"Atsushi Hasegawa He/Him
koki hara He/Him","Mono-White Aggro
Bant Rhythm",Atsushi Hasegawa won 2-1-0
Round 4,90,"Takatomo Tezuka
Shingo Takada He/Him","Izzet Prowess
Izzet Elementals",Shingo Takada won 2-0-0
Round 4,91,"Eisuke Oono He/Him
Atsuki Kihara He/Him","Selesnya Landfall
Sultai Control",Eisuke Oono won 2-1-0
Round 4,92,"Kosuke Shibazaki
Syunsuke Nakazima","Izzet Aggro
Jeskai Control",Syunsuke Nakazima won 2-0-0
Round 4,93,"MiyazakiTakato
Keisuke Kirito","Jeskai Control
Izzet Tempo",Keisuke Kirito won 2-0-0
Round 4,94,"Tomoaki Ogasawara
Akira Yamawaki","Selesnya Ouroboroid
Azorius Tempo",Tomoaki Ogasawara won 2-0-0
Round 4,95,"Yunan Deng He/Him
Yukinori Ishibashi","Jeskai Artifacts
Selesnya Landfall",Yukinori Ishibashi won 2-1-0
Round 4,96,"mcgottsu
yohei hoshino","Mardu Aggro
Temur Prowess",yohei hoshino won 2-1-0
Round 4,97,"Naoki Higashida
junsei yamaguchi He/Him","Izzet Prowess
Jeskai Control",junsei yamaguchi won 2-1-0
Round 4,98,"TOMOKI EGEYAMA He/Him
HataRyushi","Izzet Prowess
Temur Aggro",HataRyushi won 2-1-0
Round 4,99,"Kouhei Komiyama He/Him
Nixed","Azorius Flash
W-U-B-R Control",Nixed won 2-1-0
Round 4,100,"Alexander von Stange
cckew He/Him","Izzet Prowess
Izzet Spellementals",cckew won 2-0-0
Round 4,101,"RYOUTA SHIMIZU
Yuki Wada","Izzet Spellementals
Mono-Red Aggro",Yuki Wada won 2-0-0
Round 4,102,"GonTV He/Him
Toyoharu Mizuno He/Him","Dimir Excruciator
Selesnya Landfall",Toyoharu Mizuno won 2-0-0
Round 4,103,"toru kono
Katsuki Fukumoto He/Him","Izzet Spellementals
Selesnya Landfall",toru kono won 2-0-0
Round 4,104,"Reona Shiga
takayukikumakura","Temur Aggro
Dimir Demons",takayukikumakura won 2-1-0
Round 4,105,"TaeHyoungKim He/Him
aqua haruka#50863 He/Him","Selesnya Aggro
Temur Prowess",aqua haruka#50863 won 2-0-0
Round 4,106,"Hiroki Toyota
yoshio miyake","Mono-Green Landfall
Selesnya Landfall",Hiroki Toyota won 2-1-0
Round 4,107,"Koki Nakamura
satoshi kuroiwa","Selesnya Landfall
Temur Prowess",Koki Nakamura won 2-1-0
Round 4,108,"Chikara Nakajima
Toru Yanagisaka","Mono-Green Landfall
Dimir Combo",Toru Yanagisaka won 2-1-0
Round 4,109,"DBAngel
tsuyoshinakamura","Temur Omniscience
Abzan Midrange",DBAngel won 2-1-0
Round 4,110,"Satoshi Kuraoka
Yotaki","Izzet Spellementals
Jeskai Elementals",Yotaki won 2-0-0
Round 4,111,"Seita Oono
Koala40","Selesnya Rhythm
Dimir Demons",Koala40 won 2-1-0
Round 4,112,"Yuichiro Sasa
sho kamezaki","Boros Aggro
Mono-Green Landfall",sho kamezaki won 2-0-0
Round 4,113,"tanono
Kyle Hitachi He/Him","Mardu Monument
Sultai Control",tanono won 2-1-0
Round 4,114,"natsuki kitada
Yuuki Fujii","Sultai Control
Azorius Flash",Yuuki Fujii won 2-0-0
Round 4,115,"HARUKA KAWANOBE
KAZUYOSHI ANAN","Izzet Midrange
W-U-B-R Control",KAZUYOSHI ANAN won 2-1-0
Round 4,116,"Andreas Holmqvist
Charles Namchaisiri","Selesnya Landfall
Izzet Spellementals",Andreas Holmqvist won 2-1-0
Round 4,117,"Kazuki Murata
Takayuki Rita","Dimir Excruciator
Jeskai Control",Takayuki Rita won 2-1-0
Round 4,118,"Atsushi Nakashima
Akira Tanaka He/Him","Jeskai Control
Izzet Lessons",Atsushi Nakashima won 2-0-0
Round 4,119,"Yoshiyuki Ogyu
itomasayoshi He/Him","Dimir Excruciator
Temur Aggro",Yoshiyuki Ogyu won 2-0-0
Round 4,120,"Ryouji Hirokawa
Kazuya Kiyofuji","Dimir Demons
Selesnya Landfall",Kazuya Kiyofuji won 2-1-0
Round 4,121,"Mikita Hirano He/Him
AxeBang","Izzet Spellementals
Izzet Elementals",AxeBang won 2-1-0
Round 4,122,"maegawa
Daichi Takemura Other","Selesnya Aggro
Selesnya Ouroboroid",Daichi Takemura won 2-1-0
Round 4,123,"TASE YUYA Other
Yutaro Tokuyama","Azorius Aggro
Orzhov Aggro",TASE YUYA won 2-0-0
Round 4,124,"Hideaki Teruya
Kyohei Murayama He/Him","Izzet Tempo
Sultai Control",Kyohei Murayama won 2-1-0
Round 4,125,"taiyu kato
TomohiroSakai He/Him","Golgari Aggro
Izzet Prowess",TomohiroSakai won 2-1-0
Round 4,126,"Kenta Harane He/Him
TATSURO ASANO","Izzet Otters
Izzet Prowess",TATSURO ASANO won 2-1-0
Round 4,127,"MAKITOYOSHIYAMA
Takumi Onodera","Temur Aggro
Temur Prowess",MAKITOYOSHIYAMA won 2-1-0
Round 4,128,"Sotaro Wada
Taiki Kageyama","Izzet Prowess
Temur Prowess",Sotaro Wada won 2-1-0
Round 4,129,"Takahisa Oonishi
sawada jun He/Him","Temur Combo
Jeskai Control",Takahisa Oonishi won 2-1-0
Round 4,130,"kyohei fukuyama They/Them
Ryosuke Okada He/Him","Selesnya
Izzet Aggro",Ryosuke Okada won 2-0-0
Round 4,131,"Takeshi Ozawa He/Him
Kazuhito Nobuta","Bant Rhythm
Selesnya Landfall",Takeshi Ozawa won 2-1-0
Round 4,132,"Satoshi Ishiguro Other
Akinori Fujikura He/Him","Temur Aggro
Izzet Prowess",Satoshi Ishiguro won 2-1-0
Round 4,133,"Kotaro Takahashi
Kiho Choi He/Him","Selesnya Landfall
Izzet Prowess",Kotaro Takahashi won 2-0-0
Round 4,134,"shun asano He/Him
Kazune Kosaka He/Him","Sultai Control
Temur Prowess",shun asano won 2-1-0
Round 4,135,"Yusuke Ohkawa
Taishi_Tokairin","Izzet Lessons
Selesnya Landfall",Yusuke Ohkawa won 2-0-0
Round 4,136,"Kenichirise
Shigeo Murase","Izzet Bounce
Jeskai Control",Kenichirise won 2-1-0
Round 4,137,"Ryo Inazawa He/Him
Yosuke Oka He/Him","Selesnya Landfall
Izzet Prowess",Ryo Inazawa won 2-1-0
Round 4,138,"SHOGO KONDO
Minoru Sato","Izzet Prowess
Sultai Combo",Minoru Sato won 2-0-0
Round 4,139,"yusuke matsubara
ERISON","Izzet Lessons
Mono-White Tokens",yusuke matsubara won 2-0-0
Round 4,140,"HUNG KAIYANG
yasuhiro yazu","Boros Aggro
Selesnya Ouroboroid",HUNG KAIYANG won 2-0-0
Round 4,141,"kent kakigi He/Him
trexdog001","Izzet Spellementals
Izzet Control",trexdog001 won 2-1-0
Round 4,142,"Yuta Inukai He/Him
Kazuaki Kurokawa","Selesnya Landfall
Izzet Prowess",Yuta Inukai won 2-1-0
Round 4,143,"Masaru Abe He/Him
Atsushi Hozuki","Dimir Excruciator
Selesnya Aggro",Atsushi Hozuki won 2-0-0
Round 4,144,"Taichi Akiyama
Takahiro Shiraki Other","Azorius Tempo
Simic Aggro",Taichi Akiyama won 2-1-0
Round 4,145,"Kaoru Yoshizawa
Hojun Yoon","Izzet Prowess
Izzet Aggro",Hojun Yoon won 2-1-0
Round 4,146,"yuki yamazaki
takanori watanabe He/Him","Boros Aggro
Selesnya Aggro",takanori watanabe won 2-0-0
Round 4,147,"Tomoya Tanaka
TOYOSHIMAYUMA He/Him","Izzet Prowess
Jeskai Artifacts",TOYOSHIMAYUMA won 2-1-0
Round 4,148,"TimYip
Ryutarou Machida","Izzet
Jeskai Control",Ryutarou Machida won 2-0-0
Round 4,149,"Takumi Matsuura
satoshi hashimoto He/Him","Izzet Prowess
Bant Midrange",satoshi hashimoto won 2-0-0
Round 4,150,"Takehiro Fujimoto
ryo kasuga","Mono-Red Aggro
Selesnya Landfall",ryo kasuga won 2-1-0
Round 4,151,"Keisuke Ebitani
YUKI OTA He/Him","Selesnya Ouroboroid
Izzet Control",YUKI OTA won 2-0-0
Round 4,152,"Takaya Saito
Kim Hoyeon He/Him","Azorius Control
Golgari Midrange",Takaya Saito won 2-0-0
Round 4,153,"shintarou yoshida He/Him
YOICHI NAGAMI","Jeskai Control
Abzan Control",shintarou yoshida won 2-0-0
Round 4,154,"彰信 梶谷
Yusuke Sasao He/Him","Selesnya Landfall
Izzet Elementals",彰信 梶谷 won 2-1-0
Round 4,155,"Shicheng Peng
Ryohei Takezawa He/Him","Jeskai Control
Izzet Aggro",Shicheng Peng won 2-1-0
Round 4,156,"Ryo Ito
Takuto Furukawa","Jeskai Control
Azorius Flash",Ryo Ito won 2-1-0
Round 4,157,"Horiuchi Makoto
hirohata","Temur Prowess
Golgari Midrange",Horiuchi Makoto won 2-0-0
Round 4,158,"bbtaka
TatsumasaTAKANO","Selesnya Aggro
Jeskai Midrange",TatsumasaTAKANO won 2-0-0
Round 4,159,"SHUNICHI NAKASHIMA
Yuya Minezaki","Selesnya Ouroboroid
Temur Prowess",SHUNICHI NAKASHIMA won 2-0-0
Round 4,160,"Takurou Yamaguchi Other
toya","Sultai Control
W-U-B-R Control",Takurou Yamaguchi won 2-0-0
Round 4,161,"Joel Hjortness
tatsuya kadowaki He/Him","W-U-B-R Control
Izzet Spellementals",Joel Hjortness won 2-0-0
Round 4,162,"KENTA KATAGIRI
Ryuichi Okayasu","Selesnya Rhythm
Izzet Prowess",KENTA KATAGIRI won 2-0-0
Round 4,163,"Ohashi Toshiyuki
Ryosuke Nishiura He/Him","Azorius Aggro
Selesnya Landfall",Ryosuke Nishiura won 2-0-0
Round 4,164,"taegyun lim
takayuki denishi Other","Grixis Midrange
Selesnya Landfall",taegyun lim won 2-0-0
Round 4,165,"Yoshihiro Oohashi He/Him
MAEDA YOSHITAKA He/Him","Jeskai Control
Izzet Prowess",Yoshihiro Oohashi won 2-0-0
Round 4,166,"Kazushige Shimamura He/Him
john_1_10_taka","Selesnya Landfall
Izzet Prowess",john_1_10_taka won 2-1-0
Round 4,167,"Ryouta Mishina
空 大黒","Temur Prowess
Sultai Control",空 大黒 won 2-1-0
Round 4,168,"showatanabe
Onoda Kenji He/Him","Bant Combo
Izzet Lessons",Onoda Kenji won 2-0-0
Round 4,169,"DaichiKo
Jun Takeuchi He/Him","Izzet Prowess
Izzet Elementals",DaichiKo won 2-0-0
Round 4,170,"Hiroaki Itou
MASATO YAMADE","Sultai Control
Izzet Spellementals",MASATO YAMADE won 2-1-0
Round 4,171,"Takuya Yoshimura He/Him
Naoyuki Hashimoto He/Him","Izzet Control
Dimir Excruciator",Naoyuki Hashimoto won 2-0-0
Round 4,172,"Hiroto Ogata
JUNYA YOSHIKAWA","Izzet Control
Temur Prowess",Hiroto Ogata won 2-0-0
Round 4,173,"yamamotoatsushi
Takashi Tsunomori He/Him","Mono-Green Landfall
Golgari Midrange",yamamotoatsushi won 2-0-0
Round 5,1,"Yuta Akamine They/Them
Yuya Hosokawa He/Him","Izzet Spellementals
Jeskai Control",Yuya Hosokawa won 2-0-0
Round 5,2,"ReiSakano Other
baronlee","Jeskai Control
Temur",ReiSakano won 2-0-0
Round 5,3,"Masataka Hori
Shinnosuke Hando","Selesnya Ouroboroid
Selesnya",Masataka Hori won 2-0-0
Round 5,4,"Hiroki Yamagata
Kenji Sego","Izzet Prowess
Izzet Spellementals",Kenji Sego won 2-1-0
Round 5,5,"kento shiraki He/Him
Go Nakamura He/Him","Selesnya Landfall
Sultai Control",Go Nakamura won 2-0-0
Round 5,6,"akira ishikawa
Keita Ito","Selesnya Landfall
Izzet Prowess",akira ishikawa won 2-1-0
Round 5,7,"Hiroaki Taniguchi He/Him
Keisuke Komatsu","Golgari Midrange
Izzet Spellementals",Keisuke Komatsu won 2-1-0
Round 5,8,"Rei Hirayama
Tomonori Hirami","Izzet Spellementals
Azorius Flash",Tomonori Hirami won 2-1-0
Round 5,9,"Masakuni Hamaguchi
Yoshihiko Ikawa He/Him","Selesnya Landfall
Izzet Spellementals",Masakuni Hamaguchi won 2-0-0
Round 5,10,"Hiroaki Kitahara
Kenichiro Omori He/Him","Sultai Control
Izzet Spellementals",Hiroaki Kitahara won 2-0-0
Round 5,11,"Ma Noah
HarryJPN He/Him","Selesnya Ouroboroid
Selesnya Landfall",HarryJPN won 2-1-0
Round 5,12,"LiDuoyan
Takato Ueno","Azorius Blink
Temur Prowess",Takato Ueno won 2-1-0
Round 5,13,"Shintaro Kurata
kouichi ishiwata","Izzet Aggro
Bant Rhythm",Shintaro Kurata won 2-0-0
Round 5,14,"akira uemura He/Him
Kenya Ishikawa He/Him","Selesnya Landfall
Izzet Spellementals",Kenya Ishikawa won 2-1-0
Round 5,15,"MASAO ODA He/Him
Toshiki Okai","Mono-Green Landfall
Izzet Prowess",Toshiki Okai won 2-1-0
Round 5,16,"Taisei Nakayama He/Him
Haruka Murano He/They","Izzet Prowess
Dimir Excruciator",Haruka Murano won 2-0-0
Round 5,17,"Takumi Utsunomiya He/Him
fukutome masayuki He/Him","Izzet Spellementals
Sultai Control",Takumi Utsunomiya won 2-0-0
Round 5,18,"Takahiro Obara
ryuichiro ishida He/Him","Izzet Prowess
Selesnya Rhythm",ryuichiro ishida won 2-1-0
Round 5,19,"Dod2gaia He/Him
takuya taniguchi","Jeskai Control
Selesnya Landfall",takuya taniguchi won 2-0-0
Round 5,20,"Leo Isogaya
ホリエ トオル He/Him","Izzet Lessons
Jeskai Control",ホリエ トオル won 2-0-0
Round 5,21,"Takaaki Okumura He/Him
MASAHIDE MORIYAMA","Izzet Prowess
Izzet Spellementals",MASAHIDE MORIYAMA won 2-0-0
Round 5,22,"Gaku Oohashi
TAKUYA HASEGAWA","Selesnya Landfall
Selesnya Landfall",TAKUYA HASEGAWA won 2-0-0
Round 5,23,"yuuji yoshida
grodri1999","Temur Aggro
Bant Rhythm",grodri1999 won 2-1-0
Round 5,24,"genki ogino
Yuusuke Ooyama","Izzet Aggro
Izzet Elementals",genki ogino won 2-0-0
Round 5,25,"RYUJI INOUE
LaturaPK","Izzet Aggro
Izzet",RYUJI INOUE won 2-0-0
Round 5,26,"RyosukeHayashi
Toshiya Kanegawa","Temur Midrange
Selesnya Aggro",Toshiya Kanegawa won 2-1-0
Round 5,27,"shinichiro watanabe
Hiroki Kageyama","Temur Prowess
Izzet Otters",shinichiro watanabe won 2-1-0
Round 5,28,"Hirotaka Kawasaki
Kazuhiro Noine","Selesnya Ouroboroid
Selesnya Landfall",Hirotaka Kawasaki won 2-0-0
Round 5,29,"Keisuke Naitou
RIKI KAMO He/Him","Temur Prowess
Mono-Green Landfall",Keisuke Naitou won 2-1-0
Round 5,30,"Yosuke Shimizu He/Him
YUSUKE NAKAMURA","Dimir Deceit
Izzet Prowess",Yosuke Shimizu won 2-1-0
Round 5,31,"KatsumataTomoaki
YutaYamada","Temur Prowess
Izzet Prowess",KatsumataTomoaki won 2-0-0
Round 5,32,"Satoshi Mizu
Takuya Aoki","Izzet Elementals
Izzet",Satoshi Mizu won 2-0-0
Round 5,33,"YsoHq They/Them
yasutaka Nagao","Izzet Prowess
W-U-B-R Control",YsoHq won 2-0-0
Round 5,34,"Haruka Ookura
Masaaki Hitomi He/Him","Selesnya Landfall
Selesnya Aggro",Masaaki Hitomi won 2-0-0
Round 5,35,"Shinya Saito He/Him
Ryota Ishikawa","Temur Prowess
Selesnya Landfall",Shinya Saito won 2-0-0
Round 5,36,"Sho Miyasaka
Takamichi Asai","Izzet Prowess
Temur Prowess",Sho Miyasaka won 2-0-0
Round 5,37,"YUJI KAWABATA He/Him
Yu Tanaka","Izzet Spellementals
Golgari Control",YUJI KAWABATA won 2-1-0
Round 5,38,"Yuichiro Maruyama
Sangjoon Kong He/Him","Izzet Spellementals
Grixis Midrange",Yuichiro Maruyama won 2-0-0
Round 5,39,"yoshiki yamashita He/Him
Hosokawa Kouta He/Him","Izzet Spellementals
Bant Rhythm",yoshiki yamashita won 2-1-0
Round 5,40,"Masanari Fukasawa He/Him
taiyo ishii He/Him","Selesnya Landfall
Izzet",taiyo ishii won 2-1-0
Round 5,41,"Jeongwoo Cho He/Him
shohei kiyota","Izzet Prowess
Izzet Prowess",Jeongwoo Cho won 2-1-0
Round 5,42,"whiteLeghorn He/Him
Keiichiro Matsumoto","Temur Tempo
W-U-B-R Control",Keiichiro Matsumoto won 2-0-0
Round 5,43,"Keisuke Sato
Yosuke Kasagawa","Temur Prowess
Mono-Green Aggro",Yosuke Kasagawa won 2-1-0
Round 5,44,"Masahiko Noguchi
sintarou yamada","Selesnya Landfall
Izzet Prowess",Masahiko Noguchi won 2-1-0
Round 5,45,"KOUSUKE CHINEN
nakatatsuyoshi","Izzet Spellementals
Izzet Prowess",nakatatsuyoshi won 2-1-0
Round 5,46,"hirofumi nakamatsu
Tomoya Kobayashi","Temur Aggro
Izzet Control",Tomoya Kobayashi won 2-1-0
Round 5,47,"Kouta Mochizuki He/Him
Takeshi Miyawaki He/Him","Temur Prowess
Dimir Excruciator",Takeshi Miyawaki won 2-0-0
Round 5,48,"naoya okamura He/Him
Kenta Imai He/Him","Izzet Elementals
Izzet Prowess",Kenta Imai won 2-0-0
Round 5,49,"Tomohiro Matsumoto He/Him
TakahashiRyoma","Izzet Spellementals
Golgari Demons",Tomohiro Matsumoto won 2-0-0
Round 5,50,"KazukiYada
Yusuke Takaoka He/Him","Temur Prowess
Izzet Aggro",KazukiYada won 2-1-0
Round 5,51,"Shota Miyashita
syaka3845","Izzet Lessons
Temur Prowess",syaka3845 won 2-0-0
Round 5,52,"HIDEYUKI ICHIKAWA
Yoshitaka Fujino","Izzet Prowess
Selesnya Aggro",Yoshitaka Fujino won 2-0-0
Round 5,53,"Keita Tonouchi He/Him
Masashiro Kuroda He/Him","Selesnya Landfall
Izzet Spellementals",Keita Tonouchi won 2-1-0
Round 5,54,"IchiwakiFumihiro
SAYAMA TATSUNOSUKE","Jeskai Control
Dimir Control",SAYAMA TATSUNOSUKE won 2-1-0
Round 5,55,"Hideki Yoshioka He/Him
Shunsuke Kimura He/Him","Azorius Flash
Sultai Control",Hideki Yoshioka won 2-0-0
Round 5,56,"junpei nakamura
Tomoaki Ogasawara","Golgari Midrange
Selesnya Ouroboroid",Tomoaki Ogasawara won 2-0-0
Round 5,57,"Atsushi Hasegawa He/Him
Tatsuumi KOBAYASHI","Mono-White Aggro
Izzet Spellementals",Tatsuumi KOBAYASHI won 2-0-0
Round 5,58,"Nixed
satoshi hashimoto He/Him","W-U-B-R Control
Bant Midrange",satoshi hashimoto won 2-1-0
Round 5,59,"Hiroki Toyota
Kyohei Murayama He/Him","Mono-Green Landfall
Sultai Control",Hiroki Toyota won 2-0-0
Round 5,60,"Ryutarou Machida
Kotaro Takahashi","Jeskai Control
Selesnya Landfall",Kotaro Takahashi won 2-0-0
Round 5,61,"TATSURO ASANO
Takahisa Oonishi","Izzet Prowess
Temur Combo",Takahisa Oonishi won 2-1-0
Round 5,62,"Manato Hosomi He/Him
HYUNDEOK JANG He/Him","Izzet Aggro
Boros Dragons",Manato Hosomi won 2-0-0
Round 5,63,"Yuki Wada
naoto yamane","Mono-Red Aggro
Selesnya Ouroboroid",naoto yamane won 2-0-0
Round 5,64,"Daichi Takemura Other
Toyoharu Mizuno He/Him","Selesnya Ouroboroid
Selesnya Landfall",Daichi Takemura won 2-0-0
Round 5,65,"Masaki Ooura
Syunsuke Nakazima","Izzet Prowess
Jeskai Control",Masaki Ooura won 2-1-0
Round 5,66,"tanono
Shingo Takada He/Him","Mardu Monument
Izzet Elementals",Shingo Takada won 2-1-0
Round 5,67,"trexdog001
TomohiroSakai He/Him","Izzet Control
Izzet Prowess",TomohiroSakai won 2-0-0
Round 5,68,"RuiyuanLu
Yotaki","Dimir Midrange
Jeskai Elementals",RuiyuanLu won 2-1-0
Round 5,69,"takanori watanabe He/Him
Yukinori Ishibashi","Selesnya Aggro
Selesnya Landfall",Yukinori Ishibashi won 2-0-0
Round 5,70,"Takashi Inui
syuhei nakayama","Izzet Spellementals
Izzet Prowess",Takashi Inui won 2-1-0
Round 5,71,"Andreas Holmqvist
gohki yokomizo She/Her","Selesnya Landfall
Dimir Deceit",Andreas Holmqvist won 2-1-0
Round 5,72,"Yutaro Morimoto He/Him
Koki Nakamura","Selesnya Ouroboroid
Selesnya Landfall",Koki Nakamura won 2-1-0
Round 5,73,"Yohei Nomiya He/Him
Atsushi Hozuki","Izzet Spellementals
Selesnya Aggro",Yohei Nomiya won 2-0-0
Round 5,74,"Takeshi Ozawa He/Him
HataRyushi","Bant Rhythm
Temur Aggro",Takeshi Ozawa won 2-0-0
Round 5,75,"HIDENARI IKEDA He/Him
ryota takeuchi","Selesnya Landfall
Boros Aggro",HIDENARI IKEDA won 2-0-0
Round 5,76,"Shimpo Kosuke
Kazuya Kiyofuji","Izzet Prowess
Selesnya Landfall",Shimpo Kosuke won 2-1-0
Round 5,77,"MAKITOYOSHIYAMA
Takaya Saito","Temur Aggro
Azorius Control",1-1-0 Draw
Round 5,78,"junichi takayama He/Him
Tamon","Izzet Spellementals
Dimir Excruciator",Tamon won 2-0-0
Round 5,79,"yusuke matsubara
XU BAOZHONG","Izzet Lessons
Jeskai Aggro",yusuke matsubara won 2-1-0
Round 5,80,"Ryuji Murae
aqua haruka#50863 He/Him","Izzet Aggro
Temur Prowess",Ryuji Murae won 2-0-0
Round 5,81,"Masahito Masuda
EIJI SOGO","Temur Prowess
Mono-Green Landfall",EIJI SOGO won 2-1-0
Round 5,82,"Pol Uros
Masayasu","Izzet Spellementals
Izzet Elementals",Pol Uros won 2-0-0
Round 5,83,"Mikita Hisano
Eisuke Oono He/Him","Boros
Selesnya Landfall",Mikita Hisano won 2-1-0
Round 5,84,"junsei yamaguchi He/Him
HAYATO IGURA","Jeskai Control
Selesnya Landfall",junsei yamaguchi won 2-0-0
Round 5,85,"Kazuki Kawata He/Him
Taichi Akiyama","Jeskai Control
Azorius Tempo",Kazuki Kawata won 2-1-0
Round 5,86,"Miyanishi Makoto He/Him
Sho Yoshimori He/Him","Izzet Prowess
Selesnya Landfall",Sho Yoshimori won 2-1-0
Round 5,87,"suganumakatuhiro
Kazuaki WATANABE They/Them","Grixis Reanimator
Selesnya Landfall",Kazuaki WATANABE won 2-0-0
Round 5,88,"Atsushi Nakashima
Ryota Motegi","Jeskai Control
Mardu",Atsushi Nakashima won 2-1-0
Round 5,89,"Keisuke Kirito
Shogo Kajita","Izzet Tempo
U-B-R-G Reanimator",Keisuke Kirito won 2-0-0
Round 5,90,"Tomoki Usui He/Him
IngyunAhn He/Him","Golgari Midrange
Izzet Prowess",IngyunAhn won 2-1-0
Round 5,91,"YUKI OTA He/Him
naoki kamizono","Izzet Control
Temur Prowess",naoki kamizono won 2-0-0
Round 5,92,"KAZUYOSHI ANAN
Hojun Yoon","W-U-B-R Control
Izzet Aggro",Hojun Yoon won 2-0-0
Round 5,93,"Jun Furukawa
cckew He/Him","Izzet Aggro
Izzet Spellementals",cckew won 2-0-0
Round 5,94,"takuya yamada He/Him
Taro Takahashi","W-U-B-R Control
Sultai Control",Taro Takahashi won 2-0-0
Round 5,95,"NOBUAKI JINBA Other
Shunsuke Nose He/Him","Temur Omniscience
Izzet Monument",Shunsuke Nose won 2-0-0
Round 5,96,"SHINICHI NAGAI
Yuuki Fujii","Izzet Lessons
Azorius Flash",Yuuki Fujii won 2-0-0
Round 5,97,"shun asano He/Him
Takayuki Rita","Sultai Control
Jeskai Control",Takayuki Rita won 2-1-0
Round 5,98,"shintarou yoshida He/Him
takahiro yamaguchi","Jeskai Control
Izzet Lessons",takahiro yamaguchi won 2-0-0
Round 5,99,"Takehito Kawakami
takayukikumakura","Jeskai Control
Dimir Demons",1-1-0 Draw
Round 5,100,"Ryo Inazawa He/Him
Masaki Oi","Selesnya Landfall
Izzet Prowess",Masaki Oi won 2-1-0
Round 5,101,"Tetsu Kawaguchi
Yuta Inukai He/Him","W-U-B-R Control
Selesnya Landfall",Yuta Inukai won 2-1-0
Round 5,102,"Tetsuji Yamamoto
Toru Yanagisaka","Golgari Midrange
Dimir Combo",Tetsuji Yamamoto won 2-1-0
Round 5,103,"Yosuke Hieda He/They
Yuya Mizuno He/Him","W-U-B-R Control
Selesnya Landfall",Yuya Mizuno won 2-1-0
Round 5,104,"Ryosuke Okada He/Him
Shunichi Nakajima","Izzet Aggro
Izzet Prowess",Shunichi Nakajima won 2-1-0
Round 5,105,"Yusuke Ohkawa
Satoshi Ishiguro Other","Izzet Lessons
Temur Aggro",Satoshi Ishiguro won 2-0-0
Round 5,106,"Yoshiyuki Ogyu
HUNG KAIYANG","Dimir Excruciator
Boros Aggro",Yoshiyuki Ogyu won 2-0-0
Round 5,107,"ryo kasuga
Marei Okamura","Selesnya Landfall
Sultai Control",ryo kasuga won 2-1-0
Round 5,108,"TOYOSHIMAYUMA He/Him
DBAngel","Jeskai Artifacts
Temur Omniscience",DBAngel won 2-1-0
Round 5,109,"藤垣 琢矢 He/Him
Koichi Kudo","Mono-Green Aggro
Selesnya Ouroboroid",藤垣 琢矢 won 2-0-0
Round 5,110,"John Im He/Him
AxeBang","Izzet
Izzet Elementals",John Im won 2-1-0
Round 5,111,"Kenichirise
TakuroIto","Izzet Bounce
Selesnya Landfall",TakuroIto won 2-0-0
Round 5,112,"Akinori Hishida
Hasedaigo","Selesnya
Izzet Aggro",Akinori Hishida won 2-1-0
Round 5,113,"Riku Kumagai
Sotaro Wada","Izzet Spellementals
Izzet Prowess",Sotaro Wada won 2-1-0
Round 5,114,"Masayoshi Yoshida
MAIMScrubs","Selesnya Landfall
Selesnya Landfall",Masayoshi Yoshida won 2-0-0
Round 5,115,"toru kono
emotosatoshi","Izzet Spellementals
Temur Prowess",toru kono won 2-0-0
Round 5,116,"JunSatoX1
Koala40","Boros Tokens
Dimir Demons",Koala40 won 2-0-0
Round 5,117,"TASE YUYA Other
yohei hoshino","Azorius Aggro
Temur Prowess",TASE YUYA won 2-0-0
Round 5,118,"sho kamezaki
ryuji mimido","Mono-Green Landfall
Dimir Demons",sho kamezaki won 2-1-0
Round 5,119,"Shota Takao
Minoru Sato","Selesnya Landfall
Sultai Combo",Shota Takao won 2-1-0
Round 5,120,"MASAAKI SAKAMOTO
rintaro honda","Selesnya Midrange
Temur Aggro",MASAAKI SAKAMOTO won 2-1-0
Round 5,121,"彰信 梶谷
Shicheng Peng","Selesnya Landfall
Jeskai Control",Shicheng Peng won 2-0-0
Round 5,122,"Yuuhei Komatsu
mcgottsu","Selesnya Landfall
Mardu Aggro",Yuuhei Komatsu won 2-1-0
Round 5,123,"Katsuki Fukumoto He/Him
TatsumasaTAKANO","Selesnya Landfall
Jeskai Midrange",Katsuki Fukumoto won 2-0-0
Round 5,124,"yamamotoatsushi
RYOUTA SHIMIZU","Mono-Green Landfall
Izzet Spellementals",yamamotoatsushi won 2-1-0
Round 5,125,"Masaru Abe He/Him
Charles Namchaisiri","Dimir Excruciator
Izzet Spellementals",Charles Namchaisiri won 2-1-0
Round 5,126,"TaeHyoungKim He/Him
yoshio miyake","Selesnya Aggro
Selesnya Landfall",TaeHyoungKim won 2-0-0
Round 5,127,"Seita Oono
Akira Yamawaki","Selesnya Rhythm
Azorius Tempo",Akira Yamawaki won 2-1-0
Round 5,128,"koki hara He/Him
Joel Hjortness","Bant Rhythm
W-U-B-R Control",koki hara won 2-0-0
Round 5,129,"TimYip
natsuki kitada","Izzet
Sultai Control",TimYip won 2-0-0
Round 5,130,"Tomoya Tanaka
kent kakigi He/Him","Izzet Prowess
Izzet Spellementals",Tomoya Tanaka won 2-1-0
Round 5,131,"Takumi Matsuura
john_1_10_taka","Izzet Prowess
Izzet Prowess",Takumi Matsuura won 2-1-0
Round 5,132,"Hideaki Teruya
Ryouji Hirokawa","Izzet Tempo
Dimir Demons",Hideaki Teruya won 2-0-0
Round 5,133,"Onoda Kenji He/Him
DaichiKo","Izzet Lessons
Izzet Prowess",Onoda Kenji won 2-1-0
Round 5,134,"空 大黒
Akinori Fujikura He/Him","Sultai Control
Izzet Prowess",空 大黒 won 2-0-0
Round 5,135,"SHOGO KONDO
Atsuki Kihara He/Him","Izzet Prowess
Sultai Control",Atsuki Kihara won 2-1-0
Round 5,136,"MiyazakiTakato
Yuichiro Sasa","Jeskai Control
Boros Aggro",Yuichiro Sasa won 2-1-0
Round 5,137,"kyohei fukuyama They/Them
GonTV He/Him","Selesnya
Dimir Excruciator",kyohei fukuyama won 2-1-0
Round 5,138,"MASATO YAMADE
Takumi Onodera","Izzet Spellementals
Temur Prowess",MASATO YAMADE won 2-0-0
Round 5,139,"Kiho Choi He/Him
Kaoru Yoshizawa","Izzet Prowess
Izzet Prowess",Kiho Choi won 2-1-0
Round 5,140,"Alexander von Stange
Chikara Nakajima","Izzet Prowess
Mono-Green Landfall",Chikara Nakajima won 2-1-0
Round 5,141,"Horiuchi Makoto
Kazuhiro Nakamura","Temur Prowess
Izzet Lessons",Horiuchi Makoto won 2-0-0
Round 5,142,"Taishi_Tokairin
tsuyoshinakamura","Selesnya Landfall
Abzan Midrange",Taishi_Tokairin won 2-0-0
Round 5,143,"Taiki Kageyama
HARUKA KAWANOBE","Temur Prowess
Izzet Midrange",Taiki Kageyama won 2-1-0
Round 5,144,"Kazuhito Nobuta
yasuhiro yazu","Selesnya Landfall
Selesnya Ouroboroid",yasuhiro yazu won 2-0-0
Round 5,145,"itomasayoshi He/Him
satoshi kuroiwa","Temur Aggro
Temur Prowess",itomasayoshi won 2-1-0
Round 5,146,"Hiroto Ogata
Ryosuke Nishiura He/Him","Izzet Control
Selesnya Landfall",Ryosuke Nishiura won 2-0-0
Round 5,147,"Kazune Kosaka He/Him
Akira Tanaka He/Him","Temur Prowess
Izzet Lessons",Kazune Kosaka won 2-0-0
Round 5,148,"sawada jun He/Him
TOMOKI EGEYAMA He/Him","Jeskai Control
Izzet Prowess",TOMOKI EGEYAMA won 2-1-0
Round 5,149,"Ryo Ito
Kazuki Murata","Jeskai Control
Dimir Excruciator",Kazuki Murata won 2-1-0
Round 5,150,"ERISON
Naoyuki Hashimoto He/Him","Mono-White Tokens
Dimir Excruciator",ERISON won 2-0-0
Round 5,151,"Yutaro Tokuyama
maegawa","Orzhov Aggro
Selesnya Aggro",maegawa won 2-0-0
Round 5,152,"Takurou Yamaguchi Other
taegyun lim","Sultai Control
Grixis Midrange",taegyun lim won 2-0-0
Round 5,153,"SHUNICHI NAKASHIMA
Mikita Hirano He/Him","Selesnya Ouroboroid
Izzet Spellementals",Mikita Hirano won 2-0-0
Round 5,154,"Naoki Higashida
Yosuke Oka He/Him","Izzet Prowess
Izzet Prowess",Yosuke Oka won 2-0-0
Round 5,155,"Shigeo Murase
Kazuaki Kurokawa","Jeskai Control
Izzet Prowess",Shigeo Murase won 2-0-0
Round 5,156,"Kim Hoyeon He/Him
Yoshihiro Oohashi He/Him","Golgari Midrange
Jeskai Control",Kim Hoyeon won 2-1-0
Round 5,157,"KENTA KATAGIRI
toya","Selesnya Rhythm
W-U-B-R Control",KENTA KATAGIRI won 2-1-0
Round 5,158,"takayuki denishi Other
Yuya Minezaki","Selesnya Landfall
Temur Prowess",Yuya Minezaki won 2-1-0
Round 5,159,"Hiroaki Itou
JUNYA YOSHIKAWA","Sultai Control
Temur Prowess",JUNYA YOSHIKAWA won 2-1-0
Round 6,1,"Kenji Sego
Masataka Hori","Izzet Spellementals
Selesnya Ouroboroid",Masataka Hori won 2-1-0
Round 6,2,"Masakuni Hamaguchi
Tomonori Hirami","Selesnya Landfall
Azorius Flash",Tomonori Hirami won 2-0-0
Round 6,3,"Keisuke Komatsu
Hiroaki Kitahara","Izzet Spellementals
Sultai Control",Hiroaki Kitahara won 2-1-0
Round 6,4,"Yuya Hosokawa He/Him
ReiSakano Other","Jeskai Control
Jeskai Control",ReiSakano won 2-1-0
Round 6,5,"akira ishikawa
Go Nakamura He/Him","Selesnya Landfall
Sultai Control",akira ishikawa won 2-0-0
Round 6,6,"HarryJPN He/Him
Keisuke Naitou","Selesnya Landfall
Temur Prowess",HarryJPN won 2-1-0
Round 6,7,"Kenichiro Omori He/Him
Takumi Utsunomiya He/Him","Izzet Spellementals
Izzet Spellementals",Kenichiro Omori won 2-0-0
Round 6,8,"KatsumataTomoaki
nakatatsuyoshi","Temur Prowess
Izzet Prowess",nakatatsuyoshi won 2-0-0
Round 6,9,"taiyo ishii He/Him
Tomohiro Matsumoto He/Him","Izzet
Izzet Spellementals",Tomohiro Matsumoto won 2-1-0
Round 6,10,"Satoshi Mizu
YsoHq They/Them","Izzet Elementals
Izzet Prowess",Satoshi Mizu won 2-0-0
Round 6,11,"takuya taniguchi
Kenya Ishikawa He/Him","Selesnya Landfall
Izzet Spellementals",Kenya Ishikawa won 2-1-0
Round 6,12,"Shintaro Kurata
Haruka Murano He/They","Izzet Aggro
Dimir Excruciator",Shintaro Kurata won 2-0-0
Round 6,13,"Masahiko Noguchi
Keita Tonouchi He/Him","Selesnya Landfall
Selesnya Landfall",Keita Tonouchi won 2-0-0
Round 6,14,"YUJI KAWABATA He/Him
Hiroaki Taniguchi He/Him","Izzet Spellementals
Golgari Midrange",Hiroaki Taniguchi won 2-1-0
Round 6,15,"Keiichiro Matsumoto
ホリエ トオル He/Him","W-U-B-R Control
Jeskai Control",Keiichiro Matsumoto won 2-1-0
Round 6,16,"Keita Ito
Tomoya Kobayashi","Izzet Prowess
Izzet Control",Keita Ito won 2-1-0
Round 6,17,"ryuichiro ishida He/Him
SAYAMA TATSUNOSUKE","Selesnya Rhythm
Dimir Control",ryuichiro ishida won 2-0-0
Round 6,18,"Toshiya Kanegawa
Ma Noah","Selesnya Aggro
Selesnya Ouroboroid",Ma Noah won 2-1-0
Round 6,19,"Rei Hirayama
kento shiraki He/Him","Izzet Spellementals
Selesnya Landfall",kento shiraki won 2-0-0
Round 6,20,"syaka3845
Yoshihiko Ikawa He/Him","Temur Prowess
Izzet Spellementals",syaka3845 won 2-0-0
Round 6,21,"Masaaki Hitomi He/Him
Kenta Imai He/Him","Selesnya Aggro
Izzet Prowess",Kenta Imai won 2-0-0
Round 6,22,"KazukiYada
Yosuke Kasagawa","Temur Prowess
Mono-Green Aggro",KazukiYada won 2-0-0
Round 6,23,"Yuta Akamine They/Them
RYUJI INOUE","Izzet Spellementals
Izzet Aggro",Yuta Akamine won 2-1-0
Round 6,24,"Shinya Saito He/Him
Takato Ueno","Temur Prowess
Temur Prowess",Shinya Saito won 2-1-0
Round 6,25,"shinichiro watanabe
Yuichiro Maruyama","Temur Prowess
Izzet Spellementals",Yuichiro Maruyama won 2-1-0
Round 6,26,"Shinnosuke Hando
Hiroki Yamagata","Selesnya
Izzet Prowess",Shinnosuke Hando won 2-0-0
Round 6,27,"TAKUYA HASEGAWA
Yoshitaka Fujino","Selesnya Landfall
Selesnya Aggro",Yoshitaka Fujino won 2-0-0
Round 6,28,"Hirotaka Kawasaki
baronlee","Selesnya Ouroboroid
Temur",Hirotaka Kawasaki won 2-1-0
Round 6,29,"Sho Miyasaka
Jeongwoo Cho He/Him","Izzet Prowess
Izzet Prowess",Sho Miyasaka won 2-0-0
Round 6,30,"genki ogino
Yosuke Shimizu He/Him","Izzet Aggro
Dimir Deceit",Yosuke Shimizu won 2-0-0
Round 6,31,"Toshiki Okai
yoshiki yamashita He/Him","Izzet Prowess
Izzet Spellementals",Toshiki Okai won 2-0-0
Round 6,32,"Takeshi Miyawaki He/Him
grodri1999","Dimir Excruciator
Bant Rhythm",grodri1999 won 2-1-0
Round 6,33,"MASAHIDE MORIYAMA
Hideki Yoshioka He/Him","Izzet Spellementals
Azorius Flash",MASAHIDE MORIYAMA won 2-1-0
Round 6,34,"LiDuoyan
Pol Uros","Azorius Blink
Izzet Spellementals",LiDuoyan won 2-0-0
Round 6,35,"Yu Tanaka
Ryuji Murae","Golgari Control
Izzet Aggro",Yu Tanaka won 2-1-0
Round 6,36,"RIKI KAMO He/Him
Takamichi Asai","Mono-Green Landfall
Temur Prowess",RIKI KAMO won 2-1-0
Round 6,37,"Taro Takahashi
Takeshi Ozawa He/Him","Sultai Control
Bant Rhythm",Taro Takahashi won 2-1-0
Round 6,38,"yuuji yoshida
TomohiroSakai He/Him","Temur Aggro
Izzet Prowess",TomohiroSakai won 2-0-0
Round 6,39,"Keisuke Sato
Takahisa Oonishi","Temur Prowess
Temur Combo",Keisuke Sato won 2-0-0
Round 6,40,"Yoshiyuki Ogyu
Yohei Nomiya He/Him","Dimir Excruciator
Izzet Spellementals",Yoshiyuki Ogyu won 2-1-0
Round 6,41,"Yusuke Takaoka He/Him
YUSUKE NAKAMURA","Izzet Aggro
Izzet Prowess",Yusuke Takaoka won 2-0-0
Round 6,42,"yasutaka Nagao
Yukinori Ishibashi","W-U-B-R Control
Selesnya Landfall",Yukinori Ishibashi won 2-1-0
Round 6,43,"naoki kamizono
Akinori Hishida","Temur Prowess
Selesnya",naoki kamizono won 2-0-0
Round 6,44,"Shunsuke Nose He/Him
Masayoshi Yoshida","Izzet Monument
Selesnya Landfall",Masayoshi Yoshida won 2-0-0
Round 6,45,"IchiwakiFumihiro
YutaYamada","Jeskai Control
Izzet Prowess",YutaYamada won 2-1-0
Round 6,46,"Leo Isogaya
satoshi hashimoto He/Him","Izzet Lessons
Bant Midrange",Leo Isogaya won 2-1-0
Round 6,47,"Haruka Ookura
Hosokawa Kouta He/Him","Selesnya Landfall
Bant Rhythm",Hosokawa Kouta won 2-1-0
Round 6,48,"Sho Yoshimori He/Him
Mikita Hisano","Selesnya Landfall
Boros",Sho Yoshimori won 2-1-0
Round 6,49,"Shingo Takada He/Him
Takashi Inui","Izzet Elementals
Izzet Spellementals",Shingo Takada won 2-0-0
Round 6,50,"sintarou yamada
Hojun Yoon","Izzet Prowess
Izzet Aggro",Hojun Yoon won 2-1-0
Round 6,51,"Kouta Mochizuki He/Him
EIJI SOGO","Temur Prowess
Mono-Green Landfall",Kouta Mochizuki won 2-0-0
Round 6,52,"akira uemura He/Him
Masashiro Kuroda He/Him","Selesnya Landfall
Izzet Spellementals",Masashiro Kuroda won 2-1-0
Round 6,53,"Dod2gaia He/Him
MASAAKI SAKAMOTO","Jeskai Control
Selesnya Midrange",Dod2gaia won 2-1-0
Round 6,54,"Satoshi Ishiguro Other
Yuuki Fujii","Temur Aggro
Azorius Flash",Yuuki Fujii won 2-0-0
Round 6,55,"Takayuki Rita
kouichi ishiwata","Jeskai Control
Bant Rhythm",Takayuki Rita won 2-1-0
Round 6,56,"Masaki Ooura
Takahiro Obara","Izzet Prowess
Izzet Prowess",Masaki Ooura won 2-0-0
Round 6,57,"TakahashiRyoma
Masanari Fukasawa He/Him","Golgari Demons
Selesnya Landfall",Masanari Fukasawa won 2-0-0
Round 6,58,"takahiro yamaguchi
toru kono","Izzet Lessons
Izzet Spellementals",toru kono won 2-0-0
Round 6,59,"Yuta Inukai He/Him
Daichi Takemura Other","Selesnya Landfall
Selesnya Ouroboroid",Daichi Takemura won 2-0-0
Round 6,60,"藤垣 琢矢 He/Him
cckew He/Him","Mono-Green Aggro
Izzet Spellementals",藤垣 琢矢 won 2-1-0
Round 6,61,"naoya okamura He/Him
Koala40","Izzet Elementals
Dimir Demons",Koala40 won 2-0-0
Round 6,62,"DBAngel
Shunichi Nakajima","Temur Omniscience
Izzet Prowess",Shunichi Nakajima won 2-1-0
Round 6,63,"fukutome masayuki He/Him
RyosukeHayashi","Sultai Control
Temur Midrange",fukutome masayuki won 2-1-0
Round 6,64,"Kazuaki WATANABE They/Them
Takaaki Okumura He/Him","Selesnya Landfall
Izzet Prowess",Takaaki Okumura won 2-1-0
Round 6,65,"Tatsuumi KOBAYASHI
RuiyuanLu","Izzet Spellementals
Dimir Midrange",RuiyuanLu won 2-1-0
Round 6,66,"Takuya Aoki
whiteLeghorn He/Him","Izzet
Temur Tempo",Takuya Aoki won 2-1-0
Round 6,67,"TASE YUYA Other
Ryota Ishikawa","Azorius Aggro
Selesnya Landfall",TASE YUYA won 2-0-0
Round 6,68,"Tetsuji Yamamoto
MASAO ODA He/Him","Golgari Midrange
Mono-Green Landfall",Tetsuji Yamamoto won 2-0-0
Round 6,69,"Kotaro Takahashi
ryo kasuga","Selesnya Landfall
Selesnya Landfall",ryo kasuga won 2-0-0
Round 6,70,"Hiroki Toyota
Kazuki Kawata He/Him","Mono-Green Landfall
Jeskai Control",Hiroki Toyota won 2-1-0
Round 6,71,"Sangjoon Kong He/Him
sho kamezaki","Grixis Midrange
Mono-Green Landfall",sho kamezaki won 2-0-0
Round 6,72,"Yuya Mizuno He/Him
Koki Nakamura","Selesnya Landfall
Selesnya Landfall",Koki Nakamura won 2-1-0
Round 6,73,"shohei kiyota
Andreas Holmqvist","Izzet Prowess
Selesnya Landfall",shohei kiyota won 2-1-0
Round 6,74,"Manato Hosomi He/Him
IngyunAhn He/Him","Izzet Aggro
Izzet Prowess",Manato Hosomi won 2-1-0
Round 6,75,"HIDENARI IKEDA He/Him
KOUSUKE CHINEN","Selesnya Landfall
Izzet Spellementals",KOUSUKE CHINEN won 2-0-0
Round 6,76,"Taisei Nakayama He/Him
yusuke matsubara","Izzet Prowess
Izzet Lessons",yusuke matsubara won 2-0-0
Round 6,77,"junsei yamaguchi He/Him
Shimpo Kosuke","Jeskai Control
Izzet Prowess",Shimpo Kosuke won 2-0-0
Round 6,78,"Tomoaki Ogasawara
Hiroki Kageyama","Selesnya Ouroboroid
Izzet Otters",Tomoaki Ogasawara won 2-1-0
Round 6,79,"hirofumi nakamatsu
Gaku Oohashi","Temur Aggro
Selesnya Landfall",Gaku Oohashi won 2-0-0
Round 6,80,"Keisuke Kirito
Shota Takao","Izzet Tempo
Selesnya Landfall",Keisuke Kirito won 2-1-0
Round 6,81,"Shota Miyashita
Masaki Oi","Izzet Lessons
Izzet Prowess",Masaki Oi won 2-1-0
Round 6,82,"TakuroIto
Atsushi Nakashima","Selesnya Landfall
Jeskai Control",Atsushi Nakashima won 2-0-0
Round 6,83,"Sotaro Wada
Yuusuke Ooyama","Izzet Prowess
Izzet Elementals",Sotaro Wada won 2-1-0
Round 6,84,"naoto yamane
John Im He/Him","Selesnya Ouroboroid
Izzet",John Im won 2-1-0
Round 6,85,"Kazuhiro Noine
Tamon","Selesnya Landfall
Dimir Excruciator",Kazuhiro Noine won 2-1-0
Round 6,86,"LaturaPK
junpei nakamura","Izzet
Golgari Midrange",junpei nakamura won 2-1-0
Round 6,87,"MAKITOYOSHIYAMA
Takehito Kawakami","Temur Aggro
Jeskai Control",Takehito Kawakami won 2-0-0
Round 6,88,"HIDEYUKI ICHIKAWA
Shunsuke Kimura He/Him","Izzet Prowess
Sultai Control",HIDEYUKI ICHIKAWA won 2-0-0
Round 6,89,"Takaya Saito
Yuuhei Komatsu","Azorius Control
Selesnya Landfall",Takaya Saito won 2-0-0
Round 6,90,"Atsushi Hasegawa He/Him
Shicheng Peng","Mono-White Aggro
Jeskai Control",Shicheng Peng won 2-0-0
Round 6,91,"takayukikumakura
JunSatoX1","Dimir Demons
Boros Tokens",takayukikumakura won 2-0-0
Round 6,92,"Taiki Kageyama
XU BAOZHONG","Temur Prowess
Jeskai Aggro",XU BAOZHONG won 2-0-0
Round 6,93,"takanori watanabe He/Him
trexdog001","Selesnya Aggro
Izzet Control",takanori watanabe won 2-0-0
Round 6,94,"Katsuki Fukumoto He/Him
Shigeo Murase","Selesnya Landfall
Jeskai Control",Katsuki Fukumoto won 2-0-0
Round 6,95,"ryuji mimido
Kenichirise","Dimir Demons
Izzet Bounce",ryuji mimido won 2-0-0
Round 6,96,"HUNG KAIYANG
Ryutarou Machida","Boros Aggro
Jeskai Control",Ryutarou Machida won 2-0-0
Round 6,97,"Kazuki Murata
Charles Namchaisiri","Dimir Excruciator
Izzet Spellementals",Charles Namchaisiri won 2-1-0
Round 6,98,"Hasedaigo
ERISON","Izzet Aggro
Mono-White Tokens",ERISON won 2-0-0
Round 6,99,"Riku Kumagai
aqua haruka#50863 He/Him","Izzet Spellementals
Temur Prowess",Riku Kumagai won 2-0-0
Round 6,100,"SHINICHI NAGAI
Onoda Kenji He/Him","Izzet Lessons
Izzet Lessons",Onoda Kenji won 2-1-0
Round 6,101,"TimYip
Kiho Choi He/Him","Izzet
Izzet Prowess",TimYip won 2-1-0
Round 6,102,"Kazuya Kiyofuji
空 大黒","Selesnya Landfall
Sultai Control",空 大黒 won 2-1-0
Round 6,103,"Ryo Inazawa He/Him
kyohei fukuyama They/Them","Selesnya Landfall
Selesnya",kyohei fukuyama won 2-0-0
Round 6,104,"tanono
TATSURO ASANO","Mardu Monument
Izzet Prowess",TATSURO ASANO won 2-0-0
Round 6,105,"Taichi Akiyama
junichi takayama He/Him","Azorius Tempo
Izzet Spellementals",Taichi Akiyama won 2-0-0
Round 6,106,"Yotaki
emotosatoshi","Jeskai Elementals
Temur Prowess",emotosatoshi won 2-1-0
Round 6,107,"Kyohei Murayama He/Him
Koichi Kudo","Sultai Control
Selesnya Ouroboroid",Kyohei Murayama won 2-1-0
Round 6,108,"Tetsu Kawaguchi
MASATO YAMADE","W-U-B-R Control
Izzet Spellementals",Tetsu Kawaguchi won 2-1-0
Round 6,109,"Yosuke Oka He/Him
KENTA KATAGIRI","Izzet Prowess
Selesnya Rhythm",Yosuke Oka won 2-0-0
Round 6,110,"MAIMScrubs
Eisuke Oono He/Him","Selesnya Landfall
Selesnya Landfall",Eisuke Oono won 2-1-0
Round 6,111,"Miyanishi Makoto He/Him
yasuhiro yazu","Izzet Prowess
Selesnya Ouroboroid",Miyanishi Makoto won 2-1-0
Round 6,112,"Syunsuke Nakazima
shintarou yoshida He/Him","Jeskai Control
Jeskai Control",shintarou yoshida won 2-0-0
Round 6,113,"Ryosuke Okada He/Him
Toru Yanagisaka","Izzet Aggro
Dimir Combo",Ryosuke Okada won 2-1-0
Round 6,114,"Kazune Kosaka He/Him
Yosuke Hieda He/They","Temur Prowess
W-U-B-R Control",Yosuke Hieda won 2-0-0
Round 6,115,"Minoru Sato
TOMOKI EGEYAMA He/Him","Sultai Combo
Izzet Prowess",TOMOKI EGEYAMA won 2-0-0
Round 6,116,"TaeHyoungKim He/Him
Yusuke Ohkawa","Selesnya Aggro
Izzet Lessons",TaeHyoungKim won 2-1-0
Round 6,117,"HYUNDEOK JANG He/Him
yamamotoatsushi","Boros Dragons
Mono-Green Landfall",HYUNDEOK JANG won 2-0-0
Round 6,118,"Chikara Nakajima
Atsushi Hozuki","Mono-Green Landfall
Selesnya Aggro",Atsushi Hozuki won 2-1-0
Round 6,119,"yohei hoshino
Ryota Motegi","Temur Prowess
Mardu",Ryota Motegi won 2-1-0
Round 6,120,"suganumakatuhiro
taegyun lim","Grixis Reanimator
Grixis Midrange",taegyun lim won 2-1-0
Round 6,121,"rintaro honda
Jun Furukawa","Temur Aggro
Izzet Aggro",rintaro honda won 2-1-0
Round 6,122,"AxeBang
NOBUAKI JINBA Other","Izzet Elementals
Temur Omniscience",NOBUAKI JINBA won 2-0-0
Round 6,123,"Takumi Matsuura
Atsuki Kihara He/Him","Izzet Prowess
Sultai Control",Takumi Matsuura won 2-0-0
Round 6,124,"Toyoharu Mizuno He/Him
Akira Yamawaki","Selesnya Landfall
Azorius Tempo",Akira Yamawaki won 2-0-0
Round 6,125,"maegawa
itomasayoshi He/Him","Selesnya Aggro
Temur Aggro",maegawa won 2-0-0
Round 6,126,"shun asano He/Him
Kim Hoyeon He/Him","Sultai Control
Golgari Midrange",Kim Hoyeon won 2-1-0
Round 6,127,"Tomoya Tanaka
Tomoki Usui He/Him","Izzet Prowess
Golgari Midrange",Tomoya Tanaka won 2-1-0
Round 6,128,"TOYOSHIMAYUMA He/Him
Ryosuke Nishiura He/Him","Jeskai Artifacts
Selesnya Landfall",Ryosuke Nishiura won 2-0-0
Round 6,129,"Yuichiro Sasa
takuya yamada He/Him","Boros Aggro
W-U-B-R Control",takuya yamada won 2-1-0
Round 6,130,"HataRyushi
Hideaki Teruya","Temur Aggro
Izzet Tempo",Hideaki Teruya won 2-0-0
Round 6,131,"Yutaro Morimoto He/Him
Shogo Kajita","Selesnya Ouroboroid
U-B-R-G Reanimator",Yutaro Morimoto won 2-1-0
Round 6,132,"Taishi_Tokairin
Yuki Wada","Selesnya Landfall
Mono-Red Aggro",Taishi_Tokairin won 2-0-0
Round 6,133,"YUKI OTA He/Him
syuhei nakayama","Izzet Control
Izzet Prowess",YUKI OTA won 2-0-0
Round 6,134,"Masayasu
Mikita Hirano He/Him","Izzet Elementals
Izzet Spellementals",Masayasu won 2-0-0
Round 6,135,"Marei Okamura
彰信 梶谷","Sultai Control
Selesnya Landfall",Marei Okamura won 2-1-0
Round 6,136,"john_1_10_taka
mcgottsu","Izzet Prowess
Mardu Aggro",john_1_10_taka won 2-1-0
Round 6,137,"Yoshihiro Oohashi He/Him
GonTV He/Him","Jeskai Control
Dimir Excruciator",GonTV won 2-1-0
Round 6,138,"Naoki Higashida
Yuya Minezaki","Izzet Prowess
Temur Prowess",Naoki Higashida won 2-0-0
Round 6,139,"JUNYA YOSHIKAWA
SHUNICHI NAKASHIMA","Temur Prowess
Selesnya Ouroboroid",SHUNICHI NAKASHIMA won 2-1-0
Round 6,140,"Hiroto Ogata
Ryouji Hirokawa","Izzet Control
Dimir Demons",Ryouji Hirokawa won 2-1-0
Round 6,141,"Ryo Ito
Kazuhito Nobuta","Jeskai Control
Selesnya Landfall",Kazuhito Nobuta won 2-1-0
Round 6,142,"HARUKA KAWANOBE
TatsumasaTAKANO","Izzet Midrange
Jeskai Midrange",HARUKA KAWANOBE won 2-0-0
Round 6,143,"RYOUTA SHIMIZU
DaichiKo","Izzet Spellementals
Izzet Prowess",RYOUTA SHIMIZU won 2-0-0
Round 7,1,"Hiroaki Kitahara
akira ishikawa","Sultai Control
Selesnya Landfall",akira ishikawa won 2-0-0
Round 7,2,"ReiSakano Other
Tomonori Hirami","Jeskai Control
Azorius Flash",ReiSakano won 2-1-0
Round 7,3,"Masataka Hori
HarryJPN He/Him","Selesnya Ouroboroid
Selesnya Landfall",Masataka Hori won 2-1-0
Round 7,4,"Keita Ito
Yoshitaka Fujino","Izzet Prowess
Selesnya Aggro",Yoshitaka Fujino won 2-1-0
Round 7,5,"Keiichiro Matsumoto
Yosuke Shimizu He/Him","W-U-B-R Control
Dimir Deceit",Keiichiro Matsumoto won 2-0-0
Round 7,6,"Tomohiro Matsumoto He/Him
Yuta Akamine They/Them","Izzet Spellementals
Izzet Spellementals",Tomohiro Matsumoto won 2-0-0
Round 7,7,"Satoshi Mizu
Hiroaki Taniguchi He/Him","Izzet Elementals
Golgari Midrange",Satoshi Mizu won 2-0-0
Round 7,8,"Kenta Imai He/Him
Sho Miyasaka","Izzet Prowess
Izzet Prowess",Sho Miyasaka won 2-0-0
Round 7,9,"syaka3845
Keisuke Komatsu","Temur Prowess
Izzet Spellementals",Keisuke Komatsu won 2-0-0
Round 7,10,"Hirotaka Kawasaki
Kenichiro Omori He/Him","Selesnya Ouroboroid
Izzet Spellementals",Hirotaka Kawasaki won 2-1-0
Round 7,11,"Kenya Ishikawa He/Him
Shintaro Kurata","Izzet Spellementals
Izzet Aggro",Kenya Ishikawa won 2-1-0
Round 7,12,"ryuichiro ishida He/Him
Kenji Sego","Selesnya Rhythm
Izzet Spellementals",Kenji Sego won 2-0-0
Round 7,13,"grodri1999
MASAHIDE MORIYAMA","Bant Rhythm
Izzet Spellementals",MASAHIDE MORIYAMA won 2-0-0
Round 7,14,"Ma Noah
Yuichiro Maruyama","Selesnya Ouroboroid
Izzet Spellementals",Ma Noah won 2-0-0
Round 7,15,"Masakuni Hamaguchi
Toshiki Okai","Selesnya Landfall
Izzet Prowess",Toshiki Okai won 2-0-0
Round 7,16,"kento shiraki He/Him
Shinya Saito He/Him","Selesnya Landfall
Temur Prowess",Shinya Saito won 2-1-0
Round 7,17,"Keita Tonouchi He/Him
Shinnosuke Hando","Selesnya Landfall
Selesnya",Keita Tonouchi won 2-0-0
Round 7,18,"Go Nakamura He/Him
nakatatsuyoshi","Sultai Control
Izzet Prowess",Go Nakamura won 2-0-0
Round 7,19,"KazukiYada
Yuya Hosokawa He/Him","Temur Prowess
Jeskai Control",Yuya Hosokawa won 2-0-0
Round 7,20,"LiDuoyan
ホリエ トオル He/Him","Azorius Blink
Jeskai Control",ホリエ トオル won 2-1-0
Round 7,21,"genki ogino
YsoHq They/Them","Izzet Aggro
Izzet Prowess",YsoHq won 2-0-0
Round 7,22,"Yu Tanaka
TomohiroSakai He/Him","Golgari Control
Izzet Prowess",TomohiroSakai won 2-1-0
Round 7,23,"Yoshihiko Ikawa He/Him
YutaYamada","Izzet Spellementals
Izzet Prowess",Yoshihiko Ikawa won 2-0-0
Round 7,24,"toru kono
naoki kamizono","Izzet Spellementals
Temur Prowess",toru kono won 2-1-0
Round 7,25,"Takeshi Miyawaki He/Him
Yosuke Kasagawa","Dimir Excruciator
Mono-Green Aggro",Yosuke Kasagawa won 2-1-0
Round 7,26,"Gaku Oohashi
SAYAMA TATSUNOSUKE","Selesnya Landfall
Dimir Control",Gaku Oohashi won 2-0-0
Round 7,27,"Yoshiyuki Ogyu
shohei kiyota","Dimir Excruciator
Izzet Prowess",Yoshiyuki Ogyu won 2-1-0
Round 7,28,"John Im He/Him
Masaki Oi","Izzet
Izzet Prowess",Masaki Oi won 2-0-0
Round 7,29,"Toshiya Kanegawa
Koki Nakamura","Selesnya Aggro
Selesnya Landfall",Koki Nakamura won 2-0-0
Round 7,30,"Taro Takahashi
Keisuke Naitou","Sultai Control
Temur Prowess",Keisuke Naitou won 2-0-0
Round 7,31,"YUJI KAWABATA He/Him
Masashiro Kuroda He/Him","Izzet Spellementals
Izzet Spellementals",Masashiro Kuroda won 2-0-0
Round 7,32,"TAKUYA HASEGAWA
Hiroki Toyota","Selesnya Landfall
Mono-Green Landfall",TAKUYA HASEGAWA won 2-1-0
Round 7,33,"Haruka Murano He/They
yusuke matsubara","Dimir Excruciator
Izzet Lessons",yusuke matsubara won 2-0-0
Round 7,34,"Kazuhiro Noine
藤垣 琢矢 He/Him","Selesnya Landfall
Mono-Green Aggro",Kazuhiro Noine won 2-1-0
Round 7,35,"Takayuki Rita
TASE YUYA Other","Jeskai Control
Azorius Aggro",TASE YUYA won 2-1-0
Round 7,36,"ryo kasuga
Sho Yoshimori He/Him","Selesnya Landfall
Selesnya Landfall",Sho Yoshimori won 2-0-0
Round 7,37,"Takuya Aoki
Yusuke Takaoka He/Him","Izzet
Izzet Aggro",Yusuke Takaoka won 2-1-0
Round 7,38,"Keisuke Sato
Masayoshi Yoshida","Temur Prowess
Selesnya Landfall",Keisuke Sato won 2-0-0
Round 7,39,"Yuuki Fujii
Koala40","Azorius Flash
Dimir Demons",Yuuki Fujii won 2-0-0
Round 7,40,"Sotaro Wada
Masanari Fukasawa He/Him","Izzet Prowess
Selesnya Landfall",Sotaro Wada won 2-1-0
Round 7,41,"Masaki Ooura
Rei Hirayama","Izzet Prowess
Izzet Spellementals",Rei Hirayama won 2-1-0
Round 7,42,"Tomoya Kobayashi
fukutome masayuki He/Him","Izzet Control
Sultai Control",1-1-0 Draw
Round 7,43,"taiyo ishii He/Him
RIKI KAMO He/Him","Izzet
Mono-Green Landfall",RIKI KAMO won 2-1-0
Round 7,44,"RuiyuanLu
Leo Isogaya","Dimir Midrange
Izzet Lessons",RuiyuanLu won 2-1-0
Round 7,45,"Takato Ueno
Atsushi Nakashima","Temur Prowess
Jeskai Control",Takato Ueno won 2-1-0
Round 7,46,"sho kamezaki
Masahiko Noguchi","Mono-Green Landfall
Selesnya Landfall",Masahiko Noguchi won 2-1-0
Round 7,47,"Keisuke Kirito
Masaaki Hitomi He/Him","Izzet Tempo
Selesnya Aggro",Masaaki Hitomi won 2-1-0
Round 7,48,"Dod2gaia He/Him
Manato Hosomi He/Him","Jeskai Control
Izzet Aggro",Dod2gaia won 2-1-0
Round 7,49,"Shunichi Nakajima
baronlee","Izzet Prowess
Temur",baronlee won 2-0-0
Round 7,50,"Hiroki Yamagata
yoshiki yamashita He/Him","Izzet Prowess
Izzet Spellementals",yoshiki yamashita won 2-1-0
Round 7,51,"Hosokawa Kouta He/Him
Jeongwoo Cho He/Him","Bant Rhythm
Izzet Prowess",Hosokawa Kouta won 2-1-0
Round 7,52,"Tomoaki Ogasawara
Hojun Yoon","Selesnya Ouroboroid
Izzet Aggro",Hojun Yoon won 2-1-0
Round 7,53,"RYUJI INOUE
Takumi Utsunomiya He/Him","Izzet Aggro
Izzet Spellementals",Takumi Utsunomiya won 2-1-0
Round 7,54,"Kouta Mochizuki He/Him
Shimpo Kosuke","Temur Prowess
Izzet Prowess",Kouta Mochizuki won 2-0-0
Round 7,55,"Tetsuji Yamamoto
KOUSUKE CHINEN","Golgari Midrange
Izzet Spellementals",KOUSUKE CHINEN won 2-1-0
Round 7,56,"Yukinori Ishibashi
Takaaki Okumura He/Him","Selesnya Landfall
Izzet Prowess",Yukinori Ishibashi won 2-1-0
Round 7,57,"Shingo Takada He/Him
KatsumataTomoaki","Izzet Elementals
Temur Prowess",Shingo Takada won 2-1-0
Round 7,58,"shinichiro watanabe
Daichi Takemura Other","Temur Prowess
Selesnya Ouroboroid",shinichiro watanabe won 2-1-0
Round 7,59,"takuya taniguchi
Pol Uros","Selesnya Landfall
Izzet Spellementals",takuya taniguchi won 2-0-0
Round 7,60,"takayukikumakura
Takaya Saito","Dimir Demons
Azorius Control",Takaya Saito won 2-1-0
Round 7,61,"Takehito Kawakami
HIDEYUKI ICHIKAWA","Jeskai Control
Izzet Prowess",Takehito Kawakami won 2-1-0
Round 7,62,"junpei nakamura
Hideki Yoshioka He/Him","Golgari Midrange
Azorius Flash",junpei nakamura won 2-0-0
Round 7,63,"Shicheng Peng
Yutaro Morimoto He/Him","Jeskai Control
Selesnya Ouroboroid",Yutaro Morimoto won 2-1-0
Round 7,64,"YUKI OTA He/Him
taegyun lim","Izzet Control
Grixis Midrange",taegyun lim won 2-1-0
Round 7,65,"rintaro honda
emotosatoshi","Temur Aggro
Temur Prowess",emotosatoshi won 2-1-0
Round 7,66,"Kotaro Takahashi
Taishi_Tokairin","Selesnya Landfall
Selesnya Landfall",Taishi_Tokairin won 2-1-0
Round 7,67,"Shota Takao
Marei Okamura","Selesnya Landfall
Sultai Control",Marei Okamura won 2-1-0
Round 7,68,"YUSUKE NAKAMURA
Onoda Kenji He/Him","Izzet Prowess
Izzet Lessons",YUSUKE NAKAMURA won 2-1-0
Round 7,69,"Ryota Ishikawa
RyosukeHayashi","Selesnya Landfall
Temur Midrange",RyosukeHayashi won 2-1-0
Round 7,70,"MASAO ODA He/Him
Charles Namchaisiri","Mono-Green Landfall
Izzet Spellementals",Charles Namchaisiri won 2-0-0
Round 7,71,"Hiroki Kageyama
XU BAOZHONG","Izzet Otters
Jeskai Aggro",Hiroki Kageyama won 2-1-0
Round 7,72,"IngyunAhn He/Him
Yohei Nomiya He/Him","Izzet Prowess
Izzet Spellementals",Yohei Nomiya won 2-1-0
Round 7,73,"Hideaki Teruya
Sangjoon Kong He/Him","Izzet Tempo
Grixis Midrange",Sangjoon Kong won 2-0-0
Round 7,74,"Tatsuumi KOBAYASHI
Taisei Nakayama He/Him","Izzet Spellementals
Izzet Prowess",Tatsuumi KOBAYASHI won 2-0-0
Round 7,75,"Kazuaki WATANABE They/Them
akira uemura He/Him","Selesnya Landfall
Selesnya Landfall",akira uemura won 2-0-0
Round 7,76,"Mikita Hisano
Akira Yamawaki","Boros
Azorius Tempo",Akira Yamawaki won 2-0-0
Round 7,77,"junsei yamaguchi He/Him
Ryosuke Okada He/Him","Jeskai Control
Izzet Aggro",Ryosuke Okada won 2-0-0
Round 7,78,"TOMOKI EGEYAMA He/Him
takahiro yamaguchi","Izzet Prowess
Izzet Lessons",takahiro yamaguchi won 2-1-0
Round 7,79,"TakahashiRyoma
Kyohei Murayama He/Him","Golgari Demons
Sultai Control",TakahashiRyoma won 2-1-0
Round 7,80,"Eisuke Oono He/Him
空 大黒","Selesnya Landfall
Sultai Control",Eisuke Oono won 2-1-0
Round 7,81,"cckew He/Him
sintarou yamada","Izzet Spellementals
Izzet Prowess",sintarou yamada won 2-0-0
Round 7,82,"IchiwakiFumihiro
Taichi Akiyama","Jeskai Control
Azorius Tempo",Taichi Akiyama won 2-1-0
Round 7,83,"HIDENARI IKEDA He/Him
Yosuke Oka He/Him","Selesnya Landfall
Izzet Prowess",HIDENARI IKEDA won 2-0-0
Round 7,84,"Ryuji Murae
Akinori Hishida","Izzet Aggro
Selesnya",Akinori Hishida won 2-0-0
Round 7,85,"Yosuke Hieda He/They
Shota Miyashita","W-U-B-R Control
Izzet Lessons",Yosuke Hieda won 2-1-0
Round 7,86,"kyohei fukuyama They/Them
shintarou yoshida He/Him","Selesnya
Jeskai Control",shintarou yoshida won 2-0-0
Round 7,87,"TakuroIto
Yuya Mizuno He/Him","Selesnya Landfall
Selesnya Landfall",Yuya Mizuno won 2-1-0
Round 7,88,"TimYip
Shunsuke Nose He/Him","Izzet
Izzet Monument",Shunsuke Nose won 2-1-0
Round 7,89,"Tomoya Tanaka
Ryutarou Machida","Izzet Prowess
Jeskai Control",Ryutarou Machida won 2-1-0
Round 7,90,"Satoshi Ishiguro Other
TATSURO ASANO","Temur Aggro
Izzet Prowess",Satoshi Ishiguro won 2-1-0
Round 7,91,"Yuta Inukai He/Him
Ryosuke Nishiura He/Him","Selesnya Landfall
Selesnya Landfall",Yuta Inukai won 2-0-0
Round 7,92,"MASAAKI SAKAMOTO
naoto yamane","Selesnya Midrange
Selesnya Ouroboroid",naoto yamane won 2-1-0
Round 7,93,"Takashi Inui
Kazuki Kawata He/Him","Izzet Spellementals
Jeskai Control",Takashi Inui won 2-1-0
Round 7,94,"Takahiro Obara
Kim Hoyeon He/Him","Izzet Prowess
Golgari Midrange",Kim Hoyeon won 2-1-0
Round 7,95,"EIJI SOGO
takuya yamada He/Him","Mono-Green Landfall
W-U-B-R Control",EIJI SOGO won 2-1-0
Round 7,96,"takanori watanabe He/Him
Atsushi Hozuki","Selesnya Aggro
Selesnya Aggro",Atsushi Hozuki won 2-1-0
Round 7,97,"hirofumi nakamatsu
TaeHyoungKim He/Him","Temur Aggro
Selesnya Aggro",TaeHyoungKim won 2-1-0
Round 7,98,"Haruka Ookura
Andreas Holmqvist","Selesnya Landfall
Selesnya Landfall",Andreas Holmqvist won 2-0-0
Round 7,99,"satoshi hashimoto He/Him
maegawa","Bant Midrange
Selesnya Aggro",satoshi hashimoto won 2-0-0
Round 7,100,"Yuusuke Ooyama
Takumi Matsuura","Izzet Elementals
Izzet Prowess",Yuusuke Ooyama won 2-1-0
Round 7,101,"Katsuki Fukumoto He/Him
naoya okamura He/Him","Selesnya Landfall
Izzet Elementals",naoya okamura won 2-1-0
Round 7,102,"Tamon
yuuji yoshida","Dimir Excruciator
Temur Aggro",Tamon won 2-1-0
Round 7,103,"Takeshi Ozawa He/Him
Tetsu Kawaguchi","Bant Rhythm
W-U-B-R Control",Tetsu Kawaguchi won 2-0-0
Round 7,104,"Ryota Motegi
Riku Kumagai","Mardu
Izzet Spellementals",Ryota Motegi won 2-0-0
Round 7,105,"HYUNDEOK JANG He/Him
Masayasu","Boros Dragons
Izzet Elementals",HYUNDEOK JANG won 2-1-0
Round 7,106,"ryuji mimido
yasutaka Nagao","Dimir Demons
W-U-B-R Control",ryuji mimido won 2-0-0
Round 7,107,"Miyanishi Makoto He/Him
NOBUAKI JINBA Other","Izzet Prowess
Temur Omniscience",Miyanishi Makoto won 2-1-0
Round 7,108,"Takamichi Asai
ERISON","Temur Prowess
Mono-White Tokens",ERISON won 2-1-0
Round 7,109,"DBAngel
whiteLeghorn He/Him","Temur Omniscience
Temur Tempo",whiteLeghorn won 2-1-0
Round 7,110,"Atsushi Hasegawa He/Him
Yuki Wada","Mono-White Aggro
Mono-Red Aggro",Atsushi Hasegawa won 2-1-0
Round 7,111,"Shunsuke Kimura He/Him
Yotaki","Sultai Control
Jeskai Elementals",Shunsuke Kimura won 2-1-0
Round 7,112,"Yuuhei Komatsu
yamamotoatsushi","Selesnya Landfall
Mono-Green Landfall",yamamotoatsushi won 2-1-0
Round 7,113,"Naoki Higashida
RYOUTA SHIMIZU","Izzet Prowess
Izzet Spellementals",RYOUTA SHIMIZU won 2-0-0
Round 7,114,"Hasedaigo
Yusuke Ohkawa","Izzet Aggro
Izzet Lessons",Hasedaigo won 2-0-0
Round 7,115,"tanono
HARUKA KAWANOBE","Mardu Monument
Izzet Midrange",HARUKA KAWANOBE won 2-0-0
Round 7,116,"syuhei nakayama
Kazuhito Nobuta","Izzet Prowess
Selesnya Landfall",syuhei nakayama won 2-0-0
Round 7,117,"HataRyushi
JunSatoX1","Temur Aggro
Boros Tokens",JunSatoX1 won 2-1-0
Round 7,118,"HUNG KAIYANG
KENTA KATAGIRI","Boros Aggro
Selesnya Rhythm",HUNG KAIYANG won 2-1-0
Round 7,119,"Kenichirise
MASATO YAMADE","Izzet Bounce
Izzet Spellementals",MASATO YAMADE won 2-0-0
Round 7,120,"Ryo Inazawa He/Him
Yuichiro Sasa","Selesnya Landfall
Boros Aggro",Ryo Inazawa won 2-1-0
Round 7,121,"yasuhiro yazu
john_1_10_taka","Selesnya Ouroboroid
Izzet Prowess",john_1_10_taka won 2-0-0
Round 7,122,"Shogo Kajita
Ryouji Hirokawa","U-B-R-G Reanimator
Dimir Demons",Shogo Kajita won 2-0-0
Round 7,123,"Taiki Kageyama
Toru Yanagisaka","Temur Prowess
Dimir Combo",Toru Yanagisaka won 2-1-0
Round 7,124,"Kiho Choi He/Him
yohei hoshino","Izzet Prowess
Temur Prowess",yohei hoshino won 2-1-0
Round 7,125,"GonTV He/Him
TOYOSHIMAYUMA He/Him","Dimir Excruciator
Jeskai Artifacts",TOYOSHIMAYUMA won 2-0-0
Round 7,126,"MAIMScrubs
suganumakatuhiro","Selesnya Landfall
Grixis Reanimator",MAIMScrubs won 2-0-0
Round 7,127,"SHUNICHI NAKASHIMA
DaichiKo","Selesnya Ouroboroid
Izzet Prowess",SHUNICHI NAKASHIMA won 2-1-0
Round 7,128,"Hiroto Ogata
Yoshihiro Oohashi He/Him","Izzet Control
Jeskai Control",Yoshihiro Oohashi won 2-0-0
Round 7,129,"TatsumasaTAKANO
Yuya Minezaki","Jeskai Midrange
Temur Prowess",Yuya Minezaki won 2-1-0
Round 8,1,"ReiSakano Other
Masataka Hori","Jeskai Control
Selesnya Ouroboroid",ReiSakano won 2-1-0
Round 8,2,"akira ishikawa
Kenya Ishikawa He/Him","Selesnya Landfall
Izzet Spellementals",akira ishikawa won 2-1-0
Round 8,3,"Tomonori Hirami
MASAHIDE MORIYAMA","Azorius Flash
Izzet Spellementals",MASAHIDE MORIYAMA won 2-0-0
Round 8,4,"Yoshitaka Fujino
Keisuke Komatsu","Selesnya Aggro
Izzet Spellementals",Yoshitaka Fujino won 2-0-0
Round 8,5,"Kenji Sego
Keiichiro Matsumoto","Izzet Spellementals
W-U-B-R Control",Keiichiro Matsumoto won 2-1-0
Round 8,6,"Ma Noah
Satoshi Mizu","Selesnya Ouroboroid
Izzet Elementals",Satoshi Mizu won 2-1-0
Round 8,7,"Toshiki Okai
Tomohiro Matsumoto He/Him","Izzet Prowess
Izzet Spellementals",Tomohiro Matsumoto won 2-1-0
Round 8,8,"Hiroaki Kitahara
Keita Tonouchi He/Him","Sultai Control
Selesnya Landfall",Hiroaki Kitahara won 2-1-0
Round 8,9,"Hirotaka Kawasaki
Sho Miyasaka","Selesnya Ouroboroid
Izzet Prowess",Sho Miyasaka won 2-0-0
Round 8,10,"Shinya Saito He/Him
Go Nakamura He/Him","Temur Prowess
Sultai Control",Go Nakamura won 2-1-0
Round 8,11,"Yuya Hosokawa He/Him
HarryJPN He/Him","Jeskai Control
Selesnya Landfall",HarryJPN won 2-0-0
Round 8,12,"Yoshihiko Ikawa He/Him
Koki Nakamura","Izzet Spellementals
Selesnya Landfall",Yoshihiko Ikawa won 2-0-0
Round 8,13,"KazukiYada
Shintaro Kurata","Temur Prowess
Izzet Aggro",KazukiYada won 2-1-0
Round 8,14,"Keita Ito
kento shiraki He/Him","Izzet Prowess
Selesnya Landfall",Keita Ito won 2-1-0
Round 8,15,"Yosuke Shimizu He/Him
Yuuki Fujii","Dimir Deceit
Azorius Flash",Yuuki Fujii won 2-1-0
Round 8,16,"Hosokawa Kouta He/Him
toru kono","Bant Rhythm
Izzet Spellementals",toru kono won 2-0-0
Round 8,17,"Kouta Mochizuki He/Him
nakatatsuyoshi","Temur Prowess
Izzet Prowess",nakatatsuyoshi won 2-0-0
Round 8,18,"Yuta Akamine They/Them
Masashiro Kuroda He/Him","Izzet Spellementals
Izzet Spellementals",Masashiro Kuroda won 2-0-0
Round 8,19,"RIKI KAMO He/Him
Sotaro Wada","Mono-Green Landfall
Izzet Prowess",Sotaro Wada won 2-0-0
Round 8,20,"Hojun Yoon
Yukinori Ishibashi","Izzet Aggro
Selesnya Landfall",Yukinori Ishibashi won 2-1-0
Round 8,21,"yoshiki yamashita He/Him
Kenichiro Omori He/Him","Izzet Spellementals
Izzet Spellementals",yoshiki yamashita won 2-0-0
Round 8,22,"syaka3845
Hiroaki Taniguchi He/Him","Temur Prowess
Golgari Midrange",syaka3845 won 2-0-0
Round 8,23,"Masakuni Hamaguchi
TomohiroSakai He/Him","Selesnya Landfall
Izzet Prowess",TomohiroSakai won 2-0-0
Round 8,24,"KOUSUKE CHINEN
Kenta Imai He/Him","Izzet Spellementals
Izzet Prowess",Kenta Imai won 2-1-0
Round 8,25,"baronlee
Kazuhiro Noine","Temur
Selesnya Landfall",baronlee won 2-0-0
Round 8,26,"takuya taniguchi
Yuichiro Maruyama","Selesnya Landfall
Izzet Spellementals",takuya taniguchi won 2-1-0
Round 8,27,"ホリエ トオル He/Him
YsoHq They/Them","Jeskai Control
Izzet Prowess",ホリエ トオル won 2-0-0
Round 8,28,"yusuke matsubara
TASE YUYA Other","Izzet Lessons
Azorius Aggro",TASE YUYA won 2-0-0
Round 8,29,"Keisuke Naitou
Yoshiyuki Ogyu","Temur Prowess
Dimir Excruciator",Keisuke Naitou won 2-0-0
Round 8,30,"Sho Yoshimori He/Him
Masahiko Noguchi","Selesnya Landfall
Selesnya Landfall",Sho Yoshimori won 2-0-0
Round 8,31,"Shinnosuke Hando
shinichiro watanabe","Selesnya
Temur Prowess",Shinnosuke Hando won 2-0-0
Round 8,32,"Yosuke Kasagawa
TAKUYA HASEGAWA","Mono-Green Aggro
Selesnya Landfall",TAKUYA HASEGAWA won 2-0-0
Round 8,33,"Takato Ueno
ryuichiro ishida He/Him","Temur Prowess
Selesnya Rhythm",Takato Ueno won 2-1-0
Round 8,34,"Yusuke Takaoka He/Him
Shingo Takada He/Him","Izzet Aggro
Izzet Elementals",Yusuke Takaoka won 2-1-0
Round 8,35,"Masaaki Hitomi He/Him
Gaku Oohashi","Selesnya Aggro
Selesnya Landfall",Masaaki Hitomi won 2-1-0
Round 8,36,"grodri1999
RuiyuanLu","Bant Rhythm
Dimir Midrange",RuiyuanLu won 2-0-0
Round 8,37,"Keisuke Sato
Takumi Utsunomiya He/Him","Temur Prowess
Izzet Spellementals",Keisuke Sato won 2-1-0
Round 8,38,"Dod2gaia He/Him
Rei Hirayama","Jeskai Control
Izzet Spellementals",Rei Hirayama won 2-0-0
Round 8,39,"Masaki Oi
Takaya Saito","Izzet Prowess
Azorius Control",Takaya Saito won 2-0-0
Round 8,40,"Tomoya Kobayashi
junpei nakamura","Izzet Control
Golgari Midrange",junpei nakamura won 2-1-0
Round 8,41,"fukutome masayuki He/Him
Takehito Kawakami","Sultai Control
Jeskai Control",fukutome masayuki won 2-0-0
Round 8,42,"LiDuoyan
akira uemura He/Him","Azorius Blink
Selesnya Landfall",LiDuoyan won 2-0-0
Round 8,43,"RyosukeHayashi
Akinori Hishida","Temur Midrange
Selesnya",Akinori Hishida won 2-1-0
Round 8,44,"John Im He/Him
YutaYamada","Izzet
Izzet Prowess",John Im won 2-0-0
Round 8,45,"Takuya Aoki
Kim Hoyeon He/Him","Izzet
Golgari Midrange",Kim Hoyeon won 2-1-0
Round 8,46,"Yutaro Morimoto He/Him
RYUJI INOUE","Selesnya Ouroboroid
Izzet Aggro",Yutaro Morimoto won 2-1-0
Round 8,47,"EIJI SOGO
Satoshi Ishiguro Other","Mono-Green Landfall
Temur Aggro",Satoshi Ishiguro won 2-1-0
Round 8,48,"Yohei Nomiya He/Him
Takashi Inui","Izzet Spellementals
Izzet Spellementals",Takashi Inui won 2-1-0
Round 8,49,"Masanari Fukasawa He/Him
Marei Okamura","Selesnya Landfall
Sultai Control",Marei Okamura won 2-1-0
Round 8,50,"Taro Takahashi
Masaki Ooura","Sultai Control
Izzet Prowess",Masaki Ooura won 2-1-0
Round 8,51,"TaeHyoungKim He/Him
sintarou yamada","Selesnya Aggro
Izzet Prowess",sintarou yamada won 2-1-0
Round 8,52,"HYUNDEOK JANG He/Him
takahiro yamaguchi","Boros Dragons
Izzet Lessons",takahiro yamaguchi won 2-1-0
Round 8,53,"Charles Namchaisiri
Ryosuke Okada He/Him","Izzet Spellementals
Izzet Aggro",Charles Namchaisiri won 2-1-0
Round 8,54,"TakahashiRyoma
Yosuke Hieda He/They","Golgari Demons
W-U-B-R Control",TakahashiRyoma won 2-1-0
Round 8,55,"Shunsuke Nose He/Him
YUSUKE NAKAMURA","Izzet Monument
Izzet Prowess",YUSUKE NAKAMURA won 2-0-0
Round 8,56,"Keisuke Kirito
Yuusuke Ooyama","Izzet Tempo
Izzet Elementals",Yuusuke Ooyama won 2-0-0
Round 8,57,"Takayuki Rita
Tetsuji Yamamoto","Jeskai Control
Golgari Midrange",Takayuki Rita won 2-0-0
Round 8,58,"sho kamezaki
Ryutarou Machida","Mono-Green Landfall
Jeskai Control",sho kamezaki won 2-1-0
Round 8,59,"Shunichi Nakajima
taiyo ishii He/Him","Izzet Prowess
Izzet",taiyo ishii won 2-1-0
Round 8,60,"Ryota Motegi
Manato Hosomi He/Him","Mardu
Izzet Aggro",Ryota Motegi won 2-0-0
Round 8,61,"Yu Tanaka
HIDENARI IKEDA He/Him","Golgari Control
Selesnya Landfall",Yu Tanaka won 2-1-0
Round 8,62,"Leo Isogaya
ryuji mimido","Izzet Lessons
Dimir Demons",ryuji mimido won 2-1-0
Round 8,63,"Akira Yamawaki
Miyanishi Makoto He/Him","Azorius Tempo
Izzet Prowess",Akira Yamawaki won 2-0-0
Round 8,64,"YUJI KAWABATA He/Him
Atsushi Nakashima","Izzet Spellementals
Jeskai Control",YUJI KAWABATA won 2-0-0
Round 8,65,"naoto yamane
Hiroki Toyota","Selesnya Ouroboroid
Mono-Green Landfall",naoto yamane won 2-0-0
Round 8,66,"Taishi_Tokairin
Masayoshi Yoshida","Selesnya Landfall
Selesnya Landfall",Taishi_Tokairin won 2-1-0
Round 8,67,"Takeshi Miyawaki He/Him
Koala40","Dimir Excruciator
Dimir Demons",Takeshi Miyawaki won 2-1-0
Round 8,68,"satoshi hashimoto He/Him
Andreas Holmqvist","Bant Midrange
Selesnya Landfall",satoshi hashimoto won 2-0-0
Round 8,69,"Takaaki Okumura He/Him
KatsumataTomoaki","Izzet Prowess
Temur Prowess",KatsumataTomoaki won 2-0-0
Round 8,70,"Hiroki Kageyama
shintarou yoshida He/Him","Izzet Otters
Jeskai Control",Hiroki Kageyama won 2-0-0
Round 8,71,"whiteLeghorn He/Him
Eisuke Oono He/Him","Temur Tempo
Selesnya Landfall",whiteLeghorn won 2-1-0
Round 8,72,"Yuya Mizuno He/Him
naoki kamizono","Selesnya Landfall
Temur Prowess",naoki kamizono won 2-1-0
Round 8,73,"taegyun lim
Taichi Akiyama","Grixis Midrange
Azorius Tempo",taegyun lim won 2-0-0
Round 8,74,"Sangjoon Kong He/Him
Atsushi Hozuki","Grixis Midrange
Selesnya Aggro",Atsushi Hozuki won 2-1-0
Round 8,75,"藤垣 琢矢 He/Him
SAYAMA TATSUNOSUKE","Mono-Green Aggro
Dimir Control",SAYAMA TATSUNOSUKE won 2-0-0
Round 8,76,"Tatsuumi KOBAYASHI
naoya okamura He/Him","Izzet Spellementals
Izzet Elementals",Tatsuumi KOBAYASHI won 2-0-0
Round 8,77,"ERISON
Daichi Takemura Other","Mono-White Tokens
Selesnya Ouroboroid",Daichi Takemura won 2-0-0
Round 8,78,"Tomoaki Ogasawara
Shimpo Kosuke","Selesnya Ouroboroid
Izzet Prowess",Shimpo Kosuke won 2-0-0
Round 8,79,"Haruka Murano He/They
Tamon","Dimir Excruciator
Dimir Excruciator",Haruka Murano won 2-0-0
Round 8,80,"emotosatoshi
Hiroki Yamagata","Temur Prowess
Izzet Prowess",Hiroki Yamagata won 2-1-0
Round 8,81,"genki ogino
Yuta Inukai He/Him","Izzet Aggro
Selesnya Landfall",Yuta Inukai won 2-0-0
Round 8,82,"Tetsu Kawaguchi
ryo kasuga","W-U-B-R Control
Selesnya Landfall",1-1-0 Draw
Round 8,83,"shohei kiyota
takayukikumakura","Izzet Prowess
Dimir Demons",shohei kiyota won 2-1-0
Round 8,84,"Shunsuke Kimura He/Him
Shicheng Peng","Sultai Control
Jeskai Control",Shunsuke Kimura won 2-0-0
Round 8,85,"Hideki Yoshioka He/Him
Atsushi Hasegawa He/Him","Azorius Flash
Mono-White Aggro",Hideki Yoshioka won 2-1-0
Round 8,86,"HIDEYUKI ICHIKAWA
Kazuaki WATANABE They/Them","Izzet Prowess
Selesnya Landfall",HIDEYUKI ICHIKAWA won 2-0-0
Round 8,87,"Mikita Hisano
Masayasu","Boros
Izzet Elementals",Masayasu won 2-1-0
Round 8,88,"Kazuki Kawata He/Him
TOYOSHIMAYUMA He/Him","Jeskai Control
Jeskai Artifacts",TOYOSHIMAYUMA won 2-1-0
Round 8,89,"MAIMScrubs
IngyunAhn He/Him","Selesnya Landfall
Izzet Prowess",IngyunAhn won 2-0-0
Round 8,90,"Ryota Ishikawa
yamamotoatsushi","Selesnya Landfall
Mono-Green Landfall",yamamotoatsushi won 2-1-0
Round 8,91,"HARUKA KAWANOBE
JunSatoX1","Izzet Midrange
Boros Tokens",HARUKA KAWANOBE won 2-0-0
Round 8,92,"Tomoya Tanaka
yohei hoshino","Izzet Prowess
Temur Prowess",Tomoya Tanaka won 2-1-0
Round 8,93,"NOBUAKI JINBA Other
MASAO ODA He/Him","Temur Omniscience
Mono-Green Landfall",NOBUAKI JINBA won 2-0-0
Round 8,94,"yuuji yoshida
syuhei nakayama","Temur Aggro
Izzet Prowess",yuuji yoshida won 2-1-0
Round 8,95,"Hasedaigo
MASATO YAMADE","Izzet Aggro
Izzet Spellementals",Hasedaigo won 2-0-0
Round 8,96,"Ryo Inazawa He/Him
hirofumi nakamatsu","Selesnya Landfall
Temur Aggro",hirofumi nakamatsu won 2-1-0
Round 8,97,"Shogo Kajita
Hideaki Teruya","U-B-R-G Reanimator
Izzet Tempo",Shogo Kajita won 2-0-0
Round 8,98,"TakuroIto
TATSURO ASANO","Selesnya Landfall
Izzet Prowess",TATSURO ASANO won 2-1-0
Round 8,99,"Haruka Ookura
SHUNICHI NAKASHIMA","Selesnya Landfall
Selesnya Ouroboroid",SHUNICHI NAKASHIMA won 2-0-0
Round 8,100,"IchiwakiFumihiro
RYOUTA SHIMIZU","Jeskai Control
Izzet Spellementals",IchiwakiFumihiro won 2-0-0
Round 8,101,"Katsuki Fukumoto He/Him
john_1_10_taka","Selesnya Landfall
Izzet Prowess",Katsuki Fukumoto won 2-1-0
Round 8,102,"Kotaro Takahashi
TOMOKI EGEYAMA He/Him","Selesnya Landfall
Izzet Prowess",Kotaro Takahashi won 2-0-0
Round 8,103,"Toru Yanagisaka
HUNG KAIYANG","Dimir Combo
Boros Aggro",Toru Yanagisaka won 2-0-0
Round 8,104,"maegawa
Taisei Nakayama He/Him","Selesnya Aggro
Izzet Prowess",maegawa won 2-1-0
Round 8,105,"Yuuhei Komatsu
Yuki Wada","Selesnya Landfall
Mono-Red Aggro",Yuki Wada won 2-0-0
Round 8,106,"Yuichiro Sasa
Taiki Kageyama","Boros Aggro
Temur Prowess",Taiki Kageyama won 2-0-0
Round 8,107,"Kiho Choi He/Him
HataRyushi","Izzet Prowess
Temur Aggro",HataRyushi won 2-0-0
Round 8,108,"suganumakatuhiro
GonTV He/Him","Grixis Reanimator
Dimir Excruciator",GonTV won 2-0-0
Round 8,109,"tanono
DaichiKo","Mardu Monument
Izzet Prowess",tanono won 2-0-0
Round 9,-,Yuichiro Sasa,Boros Aggro,Yuichiro Sasa was assigned a bye
Round 9,1,"ReiSakano Other
akira ishikawa","Jeskai Control
Selesnya Landfall",ReiSakano won 2-0-0
Round 9,2,"Hiroaki Kitahara
Masataka Hori","Sultai Control
Selesnya Ouroboroid",Masataka Hori won 2-0-0
Round 9,3,"Yoshitaka Fujino
Sho Miyasaka","Selesnya Aggro
Izzet Prowess",Yoshitaka Fujino won 2-0-0
Round 9,4,"Go Nakamura He/Him
Keiichiro Matsumoto","Sultai Control
W-U-B-R Control",Keiichiro Matsumoto won 2-0-0
Round 9,5,"MASAHIDE MORIYAMA
Satoshi Mizu","Izzet Spellementals
Izzet Elementals",MASAHIDE MORIYAMA won 2-1-0
Round 9,6,"Tomohiro Matsumoto He/Him
HarryJPN He/Him","Izzet Spellementals
Selesnya Landfall",HarryJPN won 2-1-0
Round 9,7,"Sotaro Wada
Kenta Imai He/Him","Izzet Prowess
Izzet Prowess",Sotaro Wada won 2-1-0
Round 9,8,"Yusuke Takaoka He/Him
nakatatsuyoshi","Izzet Aggro
Izzet Prowess",nakatatsuyoshi won 2-0-0
Round 9,9,"Masaaki Hitomi He/Him
Masashiro Kuroda He/Him","Selesnya Aggro
Izzet Spellementals",Masashiro Kuroda won 2-1-0
Round 9,10,"toru kono
baronlee","Izzet Spellementals
Temur",toru kono won 2-1-0
Round 9,11,"Keita Tonouchi He/Him
TASE YUYA Other","Selesnya Landfall
Azorius Aggro",TASE YUYA won 2-1-0
Round 9,12,"Keisuke Komatsu
ホリエ トオル He/Him","Izzet Spellementals
Jeskai Control",ホリエ トオル won 2-1-0
Round 9,13,"Tomonori Hirami
Keita Ito","Azorius Flash
Izzet Prowess",Keita Ito won 2-0-0
Round 9,14,"Takato Ueno
Hirotaka Kawasaki","Temur Prowess
Selesnya Ouroboroid",Hirotaka Kawasaki won 2-1-0
Round 9,15,"takuya taniguchi
RuiyuanLu","Selesnya Landfall
Dimir Midrange",takuya taniguchi won 2-0-0
Round 9,16,"Sho Yoshimori He/Him
KazukiYada","Selesnya Landfall
Temur Prowess",Sho Yoshimori won 2-0-0
Round 9,17,"Kenji Sego
Shinnosuke Hando","Izzet Spellementals
Selesnya",Kenji Sego won 2-1-0
Round 9,18,"Shinya Saito He/Him
Rei Hirayama","Temur Prowess
Izzet Spellementals",Shinya Saito won 2-1-0
Round 9,19,"Keisuke Naitou
Ma Noah","Temur Prowess
Selesnya Ouroboroid",Ma Noah won 2-0-0
Round 9,20,"syaka3845
TAKUYA HASEGAWA","Temur Prowess
Selesnya Landfall",syaka3845 won 2-1-0
Round 9,21,"Yoshihiko Ikawa He/Him
Kenya Ishikawa He/Him","Izzet Spellementals
Izzet Spellementals",Yoshihiko Ikawa won 2-1-0
Round 9,22,"TomohiroSakai He/Him
Yuuki Fujii","Izzet Prowess
Azorius Flash",Yuuki Fujii won 2-1-0
Round 9,23,"Toshiki Okai
Yuya Hosokawa He/Him","Izzet Prowess
Jeskai Control",Yuya Hosokawa won 2-0-0
Round 9,24,"yoshiki yamashita He/Him
Keisuke Sato","Izzet Spellementals
Temur Prowess",yoshiki yamashita won 2-1-0
Round 9,25,"Yukinori Ishibashi
fukutome masayuki He/Him","Selesnya Landfall
Sultai Control",Yukinori Ishibashi won 2-1-0
Round 9,26,"junpei nakamura
LiDuoyan","Golgari Midrange
Azorius Blink",junpei nakamura won 2-0-0
Round 9,27,"Takaya Saito
Masakuni Hamaguchi","Azorius Control
Selesnya Landfall",Masakuni Hamaguchi won 2-0-0
Round 9,28,"Yuichiro Maruyama
YUSUKE NAKAMURA","Izzet Spellementals
Izzet Prowess",YUSUKE NAKAMURA won 2-1-0
Round 9,29,"YUJI KAWABATA He/Him
Yosuke Kasagawa","Izzet Spellementals
Mono-Green Aggro",YUJI KAWABATA won 2-1-0
Round 9,30,"KatsumataTomoaki
Atsushi Hozuki","Temur Prowess
Selesnya Aggro",Atsushi Hozuki won 2-1-0
Round 9,31,"Kazuhiro Noine
Koki Nakamura","Selesnya Landfall
Selesnya Landfall",Koki Nakamura won 2-0-0
Round 9,32,"Ryota Motegi
Satoshi Ishiguro Other","Mardu
Temur Aggro",Ryota Motegi won 2-1-0
Round 9,33,"Takeshi Miyawaki He/Him
Yoshiyuki Ogyu","Dimir Excruciator
Dimir Excruciator",Yoshiyuki Ogyu won 2-0-0
Round 9,34,"YsoHq They/Them
Takumi Utsunomiya He/Him","Izzet Prowess
Izzet Spellementals",Takumi Utsunomiya won 2-0-0
Round 9,35,"ryuji mimido
Yu Tanaka","Dimir Demons
Golgari Control",Yu Tanaka won 2-1-0
Round 9,36,"Yuta Akamine They/Them
sho kamezaki","Izzet Spellementals
Mono-Green Landfall",sho kamezaki won 2-1-0
Round 9,37,"Takashi Inui
Charles Namchaisiri","Izzet Spellementals
Izzet Spellementals",Charles Namchaisiri won 2-1-0
Round 9,38,"Yutaro Morimoto He/Him
Kouta Mochizuki He/Him","Selesnya Ouroboroid
Temur Prowess",Yutaro Morimoto won 2-0-0
Round 9,39,"John Im He/Him
shohei kiyota","Izzet
Izzet Prowess",shohei kiyota won 2-1-0
Round 9,40,"yusuke matsubara
Kim Hoyeon He/Him","Izzet Lessons
Golgari Midrange",yusuke matsubara won 2-0-0
Round 9,41,"Hosokawa Kouta He/Him
Yosuke Shimizu He/Him","Bant Rhythm
Dimir Deceit",Hosokawa Kouta won 2-0-0
Round 9,42,"KOUSUKE CHINEN
TakahashiRyoma","Izzet Spellementals
Golgari Demons",TakahashiRyoma won 2-1-0
Round 9,43,"Takayuki Rita
Yuusuke Ooyama","Jeskai Control
Izzet Elementals",Yuusuke Ooyama won 2-0-0
Round 9,44,"Hiroki Yamagata
satoshi hashimoto He/Him","Izzet Prowess
Bant Midrange",Hiroki Yamagata won 2-0-0
Round 9,45,"Taishi_Tokairin
SAYAMA TATSUNOSUKE","Selesnya Landfall
Dimir Control",Taishi_Tokairin won 2-0-0
Round 9,46,"Yuta Inukai He/Him
Akira Yamawaki","Selesnya Landfall
Azorius Tempo",Yuta Inukai won 2-1-0
Round 9,47,"Hiroki Kageyama
Tatsuumi KOBAYASHI","Izzet Otters
Izzet Spellementals",Hiroki Kageyama won 2-1-0
Round 9,48,"taiyo ishii He/Him
Kenichiro Omori He/Him","Izzet
Izzet Spellementals",taiyo ishii won 2-1-0
Round 9,49,"sintarou yamada
Masaki Oi","Izzet Prowess
Izzet Prowess",Masaki Oi won 2-1-0
Round 9,50,"Shingo Takada He/Him
Masaki Ooura","Izzet Elementals
Izzet Prowess",Shingo Takada won 2-1-0
Round 9,51,"Marei Okamura
ryuichiro ishida He/Him","Sultai Control
Selesnya Rhythm",Marei Okamura won 2-0-0
Round 9,52,"Haruka Murano He/They
RIKI KAMO He/Him","Dimir Excruciator
Mono-Green Landfall",Haruka Murano won 2-1-0
Round 9,53,"Gaku Oohashi
takahiro yamaguchi","Selesnya Landfall
Izzet Lessons",Gaku Oohashi won 2-0-0
Round 9,54,"Masahiko Noguchi
naoto yamane","Selesnya Landfall
Selesnya Ouroboroid",Masahiko Noguchi won 2-1-0
Round 9,55,"grodri1999
Hiroaki Taniguchi He/Him","Bant Rhythm
Golgari Midrange",grodri1999 won 2-0-0
Round 9,56,"Hojun Yoon
shinichiro watanabe","Izzet Aggro
Temur Prowess",Hojun Yoon won 2-1-0
Round 9,57,"Shimpo Kosuke
Dod2gaia He/Him","Izzet Prowess
Jeskai Control",Shimpo Kosuke won 2-1-0
Round 9,58,"Akinori Hishida
taegyun lim","Selesnya
Grixis Midrange",taegyun lim won 2-1-0
Round 9,59,"Daichi Takemura Other
Shintaro Kurata","Selesnya Ouroboroid
Izzet Aggro",Daichi Takemura won 2-0-0
Round 9,60,"whiteLeghorn He/Him
naoki kamizono","Temur Tempo
Temur Prowess",naoki kamizono won 2-1-0
Round 9,61,"kento shiraki He/Him
Hideki Yoshioka He/Him","Selesnya Landfall
Azorius Flash",Hideki Yoshioka won 2-1-0
Round 9,62,"Tetsu Kawaguchi
HIDEYUKI ICHIKAWA","W-U-B-R Control
Izzet Prowess",HIDEYUKI ICHIKAWA won 2-0-0
Round 9,63,"Shunsuke Kimura He/Him
Tomoya Kobayashi","Sultai Control
Izzet Control",Tomoya Kobayashi won 2-0-0
Round 9,64,"ryo kasuga
Takehito Kawakami","Selesnya Landfall
Jeskai Control",ryo kasuga won 2-1-0
Round 9,65,"Tomoya Tanaka
NOBUAKI JINBA Other","Izzet Prowess
Temur Omniscience",Tomoya Tanaka won 2-1-0
Round 9,66,"ERISON
Toru Yanagisaka","Mono-White Tokens
Dimir Combo",ERISON won 2-1-0
Round 9,67,"SHUNICHI NAKASHIMA
maegawa","Selesnya Ouroboroid
Selesnya Aggro",maegawa won 2-0-0
Round 9,68,"Kotaro Takahashi
naoya okamura He/Him","Selesnya Landfall
Izzet Elementals",1-1-0 Draw
Round 9,69,"RYUJI INOUE
藤垣 琢矢 He/Him","Izzet Aggro
Mono-Green Aggro",藤垣 琢矢 won 2-1-0
Round 9,70,"IchiwakiFumihiro
Tamon","Jeskai Control
Dimir Excruciator",Tamon won 2-1-0
Round 9,71,"hirofumi nakamatsu
shintarou yoshida He/Him","Temur Aggro
Jeskai Control",hirofumi nakamatsu won 2-1-0
Round 9,72,"Taichi Akiyama
Masayasu","Azorius Tempo
Izzet Elementals",Masayasu won 2-1-0
Round 9,73,"Eisuke Oono He/Him
HARUKA KAWANOBE","Selesnya Landfall
Izzet Midrange",Eisuke Oono won 2-1-0
Round 9,74,"Ryosuke Okada He/Him
emotosatoshi","Izzet Aggro
Temur Prowess",emotosatoshi won 2-1-0
Round 9,75,"TATSURO ASANO
genki ogino","Izzet Prowess
Izzet Aggro",TATSURO ASANO won 2-0-0
Round 9,76,"Tetsuji Yamamoto
Miyanishi Makoto He/Him","Golgari Midrange
Izzet Prowess",Miyanishi Makoto won 2-0-0
Round 9,77,"YutaYamada
Katsuki Fukumoto He/Him","Izzet Prowess
Selesnya Landfall",Katsuki Fukumoto won 2-1-0
Round 9,78,"Yuya Mizuno He/Him
Hasedaigo","Selesnya Landfall
Izzet Aggro",Hasedaigo won 2-0-0
Round 9,79,"Hiroki Toyota
TOYOSHIMAYUMA He/Him","Mono-Green Landfall
Jeskai Artifacts",Hiroki Toyota won 2-1-0
Round 9,80,"Shogo Kajita
Leo Isogaya","U-B-R-G Reanimator
Izzet Lessons",Shogo Kajita won 2-0-0
Round 9,81,"IngyunAhn He/Him
yuuji yoshida","Izzet Prowess
Temur Aggro",yuuji yoshida won 2-1-0
Round 9,82,"RyosukeHayashi
Ryutarou Machida","Temur Midrange
Jeskai Control",Ryutarou Machida won 2-1-0
Round 9,83,"Masayoshi Yoshida
Yosuke Hieda He/They","Selesnya Landfall
W-U-B-R Control",Masayoshi Yoshida won 2-0-0
Round 9,84,"HYUNDEOK JANG He/Him
Shunsuke Nose He/Him","Boros Dragons
Izzet Monument",Shunsuke Nose won 2-1-0
Round 9,85,"yamamotoatsushi
takayukikumakura","Mono-Green Landfall
Dimir Demons",yamamotoatsushi won 2-0-0
Round 9,86,"Shicheng Peng
syuhei nakayama","Jeskai Control
Izzet Prowess",syuhei nakayama won 2-1-0
Round 9,87,"tanono
Taiki Kageyama","Mardu Monument
Temur Prowess",tanono won 2-0-0
Round 9,88,"Yuki Wada
Haruka Ookura","Mono-Red Aggro
Selesnya Landfall",Haruka Ookura won 2-0-0
Round 9,89,"GonTV He/Him
Kazuaki WATANABE They/Them","Dimir Excruciator
Selesnya Landfall",GonTV won 2-1-0
Round 9,90,"JunSatoX1
yohei hoshino","Boros Tokens
Temur Prowess",JunSatoX1 won 2-0-0
Round 9,91,"Ryota Ishikawa
MASATO YAMADE","Selesnya Landfall
Izzet Spellementals",MASATO YAMADE won 2-0-0
Round 9,92,"HataRyushi
MAIMScrubs","Temur Aggro
Selesnya Landfall",MAIMScrubs won 2-1-0
Round 9,93,"Ryo Inazawa He/Him
suganumakatuhiro","Selesnya Landfall
Grixis Reanimator",1-1-0 Draw
Round 10,-,yohei hoshino,Temur Prowess,yohei hoshino was assigned a bye
Round 10,1,"ReiSakano Other
MASAHIDE MORIYAMA","Jeskai Control
Izzet Spellementals",ReiSakano won 2-0-0
Round 10,2,"akira ishikawa
Masataka Hori","Selesnya Landfall
Selesnya Ouroboroid",Masataka Hori won 2-0-0
Round 10,3,"Yoshitaka Fujino
Keiichiro Matsumoto","Selesnya Aggro
W-U-B-R Control",Yoshitaka Fujino won 2-0-0
Round 10,4,"HarryJPN He/Him
Masashiro Kuroda He/Him","Selesnya Landfall
Izzet Spellementals",Masashiro Kuroda won 2-0-0
Round 10,5,"Sho Miyasaka
TASE YUYA Other","Izzet Prowess
Azorius Aggro",TASE YUYA won 2-1-0
Round 10,6,"yoshiki yamashita He/Him
Go Nakamura He/Him","Izzet Spellementals
Sultai Control",yoshiki yamashita won 2-1-0
Round 10,7,"takuya taniguchi
Ma Noah","Selesnya Landfall
Selesnya Ouroboroid",Ma Noah won 2-0-0
Round 10,8,"Satoshi Mizu
Sotaro Wada","Izzet Elementals
Izzet Prowess",Satoshi Mizu won 2-0-0
Round 10,9,"Hirotaka Kawasaki
Yuuki Fujii","Selesnya Ouroboroid
Azorius Flash",Hirotaka Kawasaki won 2-0-0
Round 10,10,"nakatatsuyoshi
Yoshihiko Ikawa He/Him","Izzet Prowess
Izzet Spellementals",Yoshihiko Ikawa won 2-0-0
Round 10,11,"Keita Ito
ホリエ トオル He/Him","Izzet Prowess
Jeskai Control",ホリエ トオル won 2-1-0
Round 10,12,"Yuya Hosokawa He/Him
Yukinori Ishibashi","Jeskai Control
Selesnya Landfall",Yukinori Ishibashi won 2-1-0
Round 10,13,"Shinya Saito He/Him
syaka3845","Temur Prowess
Temur Prowess",Shinya Saito won 2-0-0
Round 10,14,"Tomohiro Matsumoto He/Him
Kenji Sego","Izzet Spellementals
Izzet Spellementals",Tomohiro Matsumoto won 2-1-0
Round 10,15,"toru kono
Hiroaki Kitahara","Izzet Spellementals
Sultai Control",Hiroaki Kitahara won 2-1-0
Round 10,16,"Sho Yoshimori He/Him
junpei nakamura","Selesnya Landfall
Golgari Midrange",junpei nakamura won 2-1-0
Round 10,17,"Yu Tanaka
YUSUKE NAKAMURA","Golgari Control
Izzet Prowess",YUSUKE NAKAMURA won 2-0-0
Round 10,18,"sho kamezaki
Keita Tonouchi He/Him","Mono-Green Landfall
Selesnya Landfall",Keita Tonouchi won 2-0-0
Round 10,19,"naoki kamizono
YUJI KAWABATA He/Him","Temur Prowess
Izzet Spellementals",YUJI KAWABATA won 2-0-0
Round 10,20,"Kenta Imai He/Him
Keisuke Sato","Izzet Prowess
Temur Prowess",Kenta Imai won 2-1-0
Round 10,21,"Marei Okamura
shohei kiyota","Sultai Control
Izzet Prowess",Marei Okamura won 2-0-0
Round 10,22,"Rei Hirayama
Hojun Yoon","Izzet Spellementals
Izzet Aggro",Rei Hirayama won 2-0-0
Round 10,23,"Kenya Ishikawa He/Him
Yutaro Morimoto He/Him","Izzet Spellementals
Selesnya Ouroboroid",Kenya Ishikawa won 2-0-0
Round 10,24,"RuiyuanLu
TomohiroSakai He/Him","Dimir Midrange
Izzet Prowess",RuiyuanLu won 2-1-0
Round 10,25,"Masaki Oi
baronlee","Izzet Prowess
Temur",Masaki Oi won 2-1-0
Round 10,26,"Shingo Takada He/Him
Daichi Takemura Other","Izzet Elementals
Selesnya Ouroboroid",Shingo Takada won 2-1-0
Round 10,27,"TakahashiRyoma
Hiroki Yamagata","Golgari Demons
Izzet Prowess",TakahashiRyoma won 2-0-0
Round 10,28,"Tomonori Hirami
Keisuke Komatsu","Azorius Flash
Izzet Spellementals",Tomonori Hirami won 2-1-0
Round 10,29,"KazukiYada
Masaaki Hitomi He/Him","Temur Prowess
Selesnya Aggro",KazukiYada won 2-1-0
Round 10,30,"grodri1999
Yoshiyuki Ogyu","Bant Rhythm
Dimir Excruciator",Yoshiyuki Ogyu won 2-0-0
Round 10,31,"Shimpo Kosuke
Takato Ueno","Izzet Prowess
Temur Prowess",Shimpo Kosuke won 2-0-0
Round 10,32,"Gaku Oohashi
Toshiki Okai","Selesnya Landfall
Izzet Prowess",Toshiki Okai won 2-1-0
Round 10,33,"Koki Nakamura
Masakuni Hamaguchi","Selesnya Landfall
Selesnya Landfall",Koki Nakamura won 2-0-0
Round 10,34,"taiyo ishii He/Him
Masahiko Noguchi","Izzet
Selesnya Landfall",Masahiko Noguchi won 2-1-0
Round 10,35,"Ryota Motegi
Takumi Utsunomiya He/Him","Mardu
Izzet Spellementals",Takumi Utsunomiya won 2-1-0
Round 10,36,"taegyun lim
Atsushi Hozuki","Grixis Midrange
Selesnya Aggro",taegyun lim won 2-0-0
Round 10,37,"Shinnosuke Hando
Hosokawa Kouta He/Him","Selesnya
Bant Rhythm",Hosokawa Kouta won 2-1-0
Round 10,38,"Haruka Murano He/They
Hiroki Kageyama","Dimir Excruciator
Izzet Otters",Hiroki Kageyama won 2-1-0
Round 10,39,"TAKUYA HASEGAWA
Charles Namchaisiri","Selesnya Landfall
Izzet Spellementals",TAKUYA HASEGAWA won 2-0-0
Round 10,40,"Yusuke Takaoka He/Him
yusuke matsubara","Izzet Aggro
Izzet Lessons",Yusuke Takaoka won 2-1-0
Round 10,41,"Yuta Inukai He/Him
Yuusuke Ooyama","Selesnya Landfall
Izzet Elementals",Yuusuke Ooyama won 2-1-0
Round 10,42,"Taishi_Tokairin
Keisuke Naitou","Selesnya Landfall
Temur Prowess",Taishi_Tokairin won 2-0-0
Round 10,43,"ryo kasuga
LiDuoyan","Selesnya Landfall
Azorius Blink",LiDuoyan won 2-0-0
Round 10,44,"fukutome masayuki He/Him
Hideki Yoshioka He/Him","Sultai Control
Azorius Flash",fukutome masayuki won 2-1-0
Round 10,45,"Tomoya Kobayashi
Takaya Saito","Izzet Control
Azorius Control",Tomoya Kobayashi won 2-1-0
Round 10,46,"HIDEYUKI ICHIKAWA
takahiro yamaguchi","Izzet Prowess
Izzet Lessons",takahiro yamaguchi won 2-0-0
Round 10,47,"Kazuhiro Noine
SAYAMA TATSUNOSUKE","Selesnya Landfall
Dimir Control",SAYAMA TATSUNOSUKE won 2-1-0
Round 10,48,"yuuji yoshida
yamamotoatsushi","Temur Aggro
Mono-Green Landfall",yamamotoatsushi won 2-0-0
Round 10,49,"maegawa
Eisuke Oono He/Him","Selesnya Aggro
Selesnya Landfall",maegawa won 2-1-0
Round 10,50,"Masayoshi Yoshida
kento shiraki He/Him","Selesnya Landfall
Selesnya Landfall",kento shiraki won 2-1-0
Round 10,51,"Tomoya Tanaka
hirofumi nakamatsu","Izzet Prowess
Temur Aggro",Tomoya Tanaka won 2-1-0
Round 10,52,"Shunsuke Nose He/Him
Dod2gaia He/Him","Izzet Monument
Jeskai Control",Dod2gaia won 2-1-0
Round 10,53,"Takayuki Rita
shinichiro watanabe","Jeskai Control
Temur Prowess",shinichiro watanabe won 2-0-0
Round 10,54,"Yuichiro Maruyama
KatsumataTomoaki","Izzet Spellementals
Temur Prowess",KatsumataTomoaki won 2-0-0
Round 10,55,"ryuichiro ishida He/Him
Katsuki Fukumoto He/Him","Selesnya Rhythm
Selesnya Landfall",ryuichiro ishida won 2-1-0
Round 10,56,"Yuta Akamine They/Them
Akira Yamawaki","Izzet Spellementals
Azorius Tempo",Yuta Akamine won 2-0-0
Round 10,57,"Tamon
Shogo Kajita","Dimir Excruciator
U-B-R-G Reanimator",Tamon won 2-1-0
Round 10,58,"Miyanishi Makoto He/Him
Yosuke Kasagawa","Izzet Prowess
Mono-Green Aggro",Yosuke Kasagawa won 2-0-0
Round 10,59,"Hiroaki Taniguchi He/Him
Kim Hoyeon He/Him","Golgari Midrange
Golgari Midrange",Kim Hoyeon won 2-1-0
Round 10,60,"ryuji mimido
John Im He/Him","Dimir Demons
Izzet",John Im won 2-1-0
Round 10,61,"藤垣 琢矢 He/Him
Takeshi Miyawaki He/Him","Mono-Green Aggro
Dimir Excruciator",Takeshi Miyawaki won 2-1-0
Round 10,62,"naoto yamane
emotosatoshi","Selesnya Ouroboroid
Temur Prowess",naoto yamane won 2-0-0
Round 10,63,"Takashi Inui
Hiroki Toyota","Izzet Spellementals
Mono-Green Landfall",Takashi Inui won 2-1-0
Round 10,64,"Ryutarou Machida
sintarou yamada","Jeskai Control
Izzet Prowess",sintarou yamada won 2-1-0
Round 10,65,"ERISON
Masayasu","Mono-White Tokens
Izzet Elementals",ERISON won 2-1-0
Round 10,66,"Hasedaigo
Ryosuke Okada He/Him","Izzet Aggro
Izzet Aggro",Hasedaigo won 2-1-0
Round 10,67,"JunSatoX1
genki ogino","Boros Tokens
Izzet Aggro",genki ogino won 2-1-0
Round 10,68,"HARUKA KAWANOBE
syuhei nakayama","Izzet Midrange
Izzet Prowess",HARUKA KAWANOBE won 2-0-0
Round 10,69,"HYUNDEOK JANG He/Him
IchiwakiFumihiro","Boros Dragons
Jeskai Control",IchiwakiFumihiro won 2-1-0
Round 11,-,JunSatoX1,Boros Tokens,JunSatoX1 was assigned a bye
Round 11,1,"ReiSakano Other
Yoshitaka Fujino","Jeskai Control
Selesnya Aggro",ReiSakano won 2-1-0
Round 11,2,"Masataka Hori
Keiichiro Matsumoto","Selesnya Ouroboroid
W-U-B-R Control",Keiichiro Matsumoto won 2-0-0
Round 11,3,"Tomohiro Matsumoto He/Him
MASAHIDE MORIYAMA","Izzet Spellementals
Izzet Spellementals",MASAHIDE MORIYAMA won 2-1-0
Round 11,4,"Ma Noah
Hiroaki Kitahara","Selesnya Ouroboroid
Sultai Control",Ma Noah won 2-1-0
Round 11,5,"akira ishikawa
Yoshihiko Ikawa He/Him","Selesnya Landfall
Izzet Spellementals",Yoshihiko Ikawa won 2-0-0
Round 11,6,"Yukinori Ishibashi
TASE YUYA Other","Selesnya Landfall
Azorius Aggro",TASE YUYA won 2-1-0
Round 11,7,"Hirotaka Kawasaki
Satoshi Mizu","Selesnya Ouroboroid
Izzet Elementals",Satoshi Mizu won 2-0-0
Round 11,8,"Shinya Saito He/Him
yoshiki yamashita He/Him","Temur Prowess
Izzet Spellementals",Shinya Saito won 2-0-0
Round 11,9,"ホリエ トオル He/Him
Masashiro Kuroda He/Him","Jeskai Control
Izzet Spellementals",ホリエ トオル won 2-0-0
Round 11,10,"HarryJPN He/Him
Kenya Ishikawa He/Him","Selesnya Landfall
Izzet Spellementals",HarryJPN won 2-1-0
Round 11,11,"junpei nakamura
nakatatsuyoshi","Golgari Midrange
Izzet Prowess",nakatatsuyoshi won 2-0-0
Round 11,12,"Tomonori Hirami
Yuya Hosokawa He/Him","Azorius Flash
Jeskai Control",Tomonori Hirami won 2-1-0
Round 11,13,"Hiroki Kageyama
Yusuke Takaoka He/Him","Izzet Otters
Izzet Aggro",Yusuke Takaoka won 2-1-0
Round 11,14,"Sotaro Wada
Sho Miyasaka","Izzet Prowess
Izzet Prowess",Sotaro Wada won 2-1-0
Round 11,15,"Masaki Oi
syaka3845","Izzet Prowess
Temur Prowess",Masaki Oi won 2-1-0
Round 11,16,"TakahashiRyoma
toru kono","Golgari Demons
Izzet Spellementals",TakahashiRyoma won 2-1-0
Round 11,17,"Kenji Sego
Rei Hirayama","Izzet Spellementals
Izzet Spellementals",Rei Hirayama won 2-0-0
Round 11,18,"Shingo Takada He/Him
Marei Okamura","Izzet Elementals
Sultai Control",Shingo Takada won 2-1-0
Round 11,19,"YUSUKE NAKAMURA
taegyun lim","Izzet Prowess
Grixis Midrange",YUSUKE NAKAMURA won 2-0-0
Round 11,20,"Toshiki Okai
Yuuki Fujii","Izzet Prowess
Azorius Flash",Toshiki Okai won 2-0-0
Round 11,21,"Yuusuke Ooyama
takuya taniguchi","Izzet Elementals
Selesnya Landfall",takuya taniguchi won 2-1-0
Round 11,22,"Hosokawa Kouta He/Him
RuiyuanLu","Bant Rhythm
Dimir Midrange",Hosokawa Kouta won 2-1-0
Round 11,23,"Yoshiyuki Ogyu
Keita Ito","Dimir Excruciator
Izzet Prowess",Keita Ito won 2-0-0
Round 11,24,"Kenta Imai He/Him
TAKUYA HASEGAWA","Izzet Prowess
Selesnya Landfall",Kenta Imai won 2-1-0
Round 11,25,"Shimpo Kosuke
Go Nakamura He/Him","Izzet Prowess
Sultai Control",Shimpo Kosuke won 2-0-0
Round 11,26,"Taishi_Tokairin
KazukiYada","Selesnya Landfall
Temur Prowess",Taishi_Tokairin won 2-0-0
Round 11,27,"YUJI KAWABATA He/Him
Keita Tonouchi He/Him","Izzet Spellementals
Selesnya Landfall",YUJI KAWABATA won 2-1-0
Round 11,28,"Masahiko Noguchi
Takumi Utsunomiya He/Him","Selesnya Landfall
Izzet Spellementals",Takumi Utsunomiya won 2-1-0
Round 11,29,"Sho Yoshimori He/Him
Koki Nakamura","Selesnya Landfall
Selesnya Landfall",Koki Nakamura won 2-1-0
Round 11,30,"Tomoya Kobayashi
LiDuoyan","Izzet Control
Azorius Blink",Tomoya Kobayashi won 2-1-0
Round 11,31,"fukutome masayuki He/Him
Takato Ueno","Sultai Control
Temur Prowess",fukutome masayuki won 2-0-0
Round 11,32,"yamamotoatsushi
Kim Hoyeon He/Him","Mono-Green Landfall
Golgari Midrange",yamamotoatsushi won 2-1-0
Round 11,33,"Tamon
Keisuke Komatsu","Dimir Excruciator
Izzet Spellementals",Keisuke Komatsu won 2-0-0
Round 11,34,"Haruka Murano He/They
Masaaki Hitomi He/Him","Dimir Excruciator
Selesnya Aggro",Haruka Murano won 2-1-0
Round 11,35,"Takeshi Miyawaki He/Him
Keisuke Sato","Dimir Excruciator
Temur Prowess",Keisuke Sato won 2-1-0
Round 11,36,"Yu Tanaka
Tomoya Tanaka","Golgari Control
Izzet Prowess",Tomoya Tanaka won 2-0-0
Round 11,37,"TomohiroSakai He/Him
Shinnosuke Hando","Izzet Prowess
Selesnya",Shinnosuke Hando won 2-0-0
Round 11,38,"naoki kamizono
ryuichiro ishida He/Him","Temur Prowess
Selesnya Rhythm",naoki kamizono won 2-1-0
Round 11,39,"Atsushi Hozuki
shohei kiyota","Selesnya Aggro
Izzet Prowess",shohei kiyota won 2-0-0
Round 11,40,"Yuta Inukai He/Him
Yutaro Morimoto He/Him","Selesnya Landfall
Selesnya Ouroboroid",Yuta Inukai won 2-1-0
Round 11,41,"grodri1999
yusuke matsubara","Bant Rhythm
Izzet Lessons",grodri1999 won 2-0-0
Round 11,42,"Daichi Takemura Other
Keisuke Naitou","Selesnya Ouroboroid
Temur Prowess",Keisuke Naitou won 2-0-0
Round 11,43,"baronlee
Gaku Oohashi","Temur
Selesnya Landfall",Gaku Oohashi won 2-0-0
Round 11,44,"takahiro yamaguchi
Ryota Motegi","Izzet Lessons
Mardu",takahiro yamaguchi won 2-1-0
Round 11,45,"SAYAMA TATSUNOSUKE
taiyo ishii He/Him","Dimir Control
Izzet",taiyo ishii won 2-0-0
Round 11,46,"shinichiro watanabe
kento shiraki He/Him","Temur Prowess
Selesnya Landfall",shinichiro watanabe won 2-1-0
Round 11,47,"sho kamezaki
Yosuke Kasagawa","Mono-Green Landfall
Mono-Green Aggro",sho kamezaki won 2-1-0
Round 11,48,"naoto yamane
ERISON","Selesnya Ouroboroid
Mono-White Tokens",naoto yamane won 2-0-0
Round 11,49,"Yuta Akamine They/Them
Dod2gaia He/Him","Izzet Spellementals
Jeskai Control",Yuta Akamine won 2-1-0
Round 11,50,"sintarou yamada
Charles Namchaisiri","Izzet Prowess
Izzet Spellementals",Charles Namchaisiri won 2-0-0
Round 11,51,"Hasedaigo
Takashi Inui","Izzet Aggro
Izzet Spellementals",Takashi Inui won 2-0-0
Round 11,52,"KatsumataTomoaki
maegawa","Temur Prowess
Selesnya Aggro",maegawa won 2-0-0
Round 11,53,"Hojun Yoon
John Im He/Him","Izzet Aggro
Izzet",Hojun Yoon won 2-1-0
Round 11,54,"Masakuni Hamaguchi
Hideki Yoshioka He/Him","Selesnya Landfall
Azorius Flash",Masakuni Hamaguchi won 2-0-0
Round 11,55,"HIDEYUKI ICHIKAWA
ryo kasuga","Izzet Prowess
Selesnya Landfall",ryo kasuga won 2-1-0
Round 11,56,"Takaya Saito
Hiroki Toyota","Azorius Control
Mono-Green Landfall",Takaya Saito won 2-1-0
Round 11,57,"Ryutarou Machida
Katsuki Fukumoto He/Him","Jeskai Control
Selesnya Landfall",Ryutarou Machida won 2-0-0
Round 11,58,"Akira Yamawaki
Kazuhiro Noine","Azorius Tempo
Selesnya Landfall",Kazuhiro Noine won 2-1-0
Round 11,59,"IchiwakiFumihiro
genki ogino","Jeskai Control
Izzet Aggro",IchiwakiFumihiro won 2-1-0
Round 11,60,"藤垣 琢矢 He/Him
HARUKA KAWANOBE","Mono-Green Aggro
Izzet Midrange",藤垣 琢矢 won 2-1-0
Round 11,61,"Hiroaki Taniguchi He/Him
emotosatoshi","Golgari Midrange
Temur Prowess",Hiroaki Taniguchi won 2-1-0
Round 11,62,"Miyanishi Makoto He/Him
Shunsuke Nose He/Him","Izzet Prowess
Izzet Monument",Miyanishi Makoto won 2-1-0
Round 11,63,"ryuji mimido
Shogo Kajita","Dimir Demons
U-B-R-G Reanimator",Shogo Kajita won 2-0-0
Round 11,64,"yohei hoshino
Takayuki Rita","Temur Prowess
Jeskai Control",yohei hoshino won 2-0-0
Round 12,-,genki ogino,Izzet Aggro,genki ogino was assigned a bye
Round 12,1,"ReiSakano Other
Satoshi Mizu","Jeskai Control
Izzet Elementals",ReiSakano won 2-1-0
Round 12,2,"ホリエ トオル He/Him
Ma Noah","Jeskai Control
Selesnya Ouroboroid",ホリエ トオル won 2-1-0
Round 12,3,"Keiichiro Matsumoto
MASAHIDE MORIYAMA","W-U-B-R Control
Izzet Spellementals",Keiichiro Matsumoto won 2-1-0
Round 12,4,"Yoshihiko Ikawa He/Him
Shinya Saito He/Him","Izzet Spellementals
Temur Prowess",Yoshihiko Ikawa won 2-1-0
Round 12,5,"TASE YUYA Other
Masataka Hori","Azorius Aggro
Selesnya Ouroboroid",TASE YUYA won 2-0-0
Round 12,6,"Yoshitaka Fujino
HarryJPN He/Him","Selesnya Aggro
Selesnya Landfall",HarryJPN won 2-0-0
Round 12,7,"Tomonori Hirami
Taishi_Tokairin","Azorius Flash
Selesnya Landfall",Tomonori Hirami won 2-1-0
Round 12,8,"Kenta Imai He/Him
Hirotaka Kawasaki","Izzet Prowess
Selesnya Ouroboroid",Kenta Imai won 2-1-0
Round 12,9,"nakatatsuyoshi
YUJI KAWABATA He/Him","Izzet Prowess
Izzet Spellementals",YUJI KAWABATA won 2-1-0
Round 12,10,"Takumi Utsunomiya He/Him
takuya taniguchi","Izzet Spellementals
Selesnya Landfall",Takumi Utsunomiya won 2-1-0
Round 12,11,"Shingo Takada He/Him
Hiroaki Kitahara","Izzet Elementals
Sultai Control",Shingo Takada won 2-0-0
Round 12,12,"Hosokawa Kouta He/Him
YUSUKE NAKAMURA","Bant Rhythm
Izzet Prowess",YUSUKE NAKAMURA won 2-0-0
Round 12,13,"Sotaro Wada
Rei Hirayama","Izzet Prowess
Izzet Spellementals",Rei Hirayama won 2-1-0
Round 12,14,"Toshiki Okai
Shimpo Kosuke","Izzet Prowess
Izzet Prowess",Toshiki Okai won 2-1-0
Round 12,15,"Yusuke Takaoka He/Him
Masashiro Kuroda He/Him","Izzet Aggro
Izzet Spellementals",Yusuke Takaoka won 2-1-0
Round 12,16,"Yukinori Ishibashi
akira ishikawa","Selesnya Landfall
Selesnya Landfall",Yukinori Ishibashi won 2-0-0
Round 12,17,"yoshiki yamashita He/Him
Masaki Oi","Izzet Spellementals
Izzet Prowess",yoshiki yamashita won 2-1-0
Round 12,18,"Koki Nakamura
Tomohiro Matsumoto He/Him","Selesnya Landfall
Izzet Spellementals",Koki Nakamura won 2-1-0
Round 12,19,"TakahashiRyoma
Keita Ito","Golgari Demons
Izzet Prowess",TakahashiRyoma won 2-0-0
Round 12,20,"junpei nakamura
fukutome masayuki He/Him","Golgari Midrange
Sultai Control",junpei nakamura won 2-1-0
Round 12,21,"Tomoya Kobayashi
Hojun Yoon","Izzet Control
Izzet Aggro",Hojun Yoon won 2-1-0
Round 12,22,"toru kono
shinichiro watanabe","Izzet Spellementals
Temur Prowess",toru kono won 2-0-0
Round 12,23,"taiyo ishii He/Him
sho kamezaki","Izzet
Mono-Green Landfall",taiyo ishii won 2-0-0
Round 12,24,"Tomoya Tanaka
Yuya Hosokawa He/Him","Izzet Prowess
Jeskai Control",Tomoya Tanaka won 2-0-0
Round 12,25,"Go Nakamura He/Him
Sho Miyasaka","Sultai Control
Izzet Prowess",1-1-0 Draw
Round 12,26,"naoto yamane
Masakuni Hamaguchi","Selesnya Ouroboroid
Selesnya Landfall",naoto yamane won 2-1-0
Round 12,27,"Charles Namchaisiri
RuiyuanLu","Izzet Spellementals
Dimir Midrange",Charles Namchaisiri won 2-0-0
Round 12,28,"Yuusuke Ooyama
Keisuke Naitou","Izzet Elementals
Temur Prowess",Keisuke Naitou won 2-1-0
Round 12,29,"Masahiko Noguchi
Hiroki Kageyama","Selesnya Landfall
Izzet Otters",Hiroki Kageyama won 2-0-0
Round 12,30,"Keisuke Sato
Marei Okamura","Temur Prowess
Sultai Control",Keisuke Sato won 2-0-0
Round 12,31,"KazukiYada
yamamotoatsushi","Temur Prowess
Mono-Green Landfall",yamamotoatsushi won 2-0-0
Round 12,32,"taegyun lim
Shinnosuke Hando","Grixis Midrange
Selesnya",Shinnosuke Hando won 2-0-0
Round 12,33,"syaka3845
Takashi Inui","Temur Prowess
Izzet Spellementals",Takashi Inui won 2-0-0
Round 12,34,"grodri1999
naoki kamizono","Bant Rhythm
Temur Prowess",grodri1999 won 2-1-0
Round 12,35,"maegawa
Keisuke Komatsu","Selesnya Aggro
Izzet Spellementals",Keisuke Komatsu won 2-1-0
Round 12,36,"Yuuki Fujii
shohei kiyota","Azorius Flash
Izzet Prowess",shohei kiyota won 2-0-0
Round 12,37,"Keita Tonouchi He/Him
Yoshiyuki Ogyu","Selesnya Landfall
Dimir Excruciator",Yoshiyuki Ogyu won 2-1-0
Round 12,38,"Yuta Akamine They/Them
Sho Yoshimori He/Him","Izzet Spellementals
Selesnya Landfall",Yuta Akamine won 2-0-0
Round 12,39,"Kenji Sego
Haruka Murano He/They","Izzet Spellementals
Dimir Excruciator",Kenji Sego won 2-0-0
Round 12,40,"TAKUYA HASEGAWA
takahiro yamaguchi","Selesnya Landfall
Izzet Lessons",TAKUYA HASEGAWA won 2-1-0
Round 12,41,"Yuta Inukai He/Him
Gaku Oohashi","Selesnya Landfall
Selesnya Landfall",Yuta Inukai won 2-1-0
Round 12,42,"Kenya Ishikawa He/Him
ryo kasuga","Izzet Spellementals
Selesnya Landfall",ryo kasuga won 2-1-0
Round 12,43,"Takaya Saito
LiDuoyan","Azorius Control
Azorius Blink",LiDuoyan won 2-0-0
Round 12,44,"Dod2gaia He/Him
Yosuke Kasagawa","Jeskai Control
Mono-Green Aggro",Dod2gaia won 2-1-0
Round 12,45,"Takeshi Miyawaki He/Him
Kim Hoyeon He/Him","Dimir Excruciator
Golgari Midrange",Takeshi Miyawaki won 2-1-0
Round 12,46,"Hiroaki Taniguchi He/Him
Shogo Kajita","Golgari Midrange
U-B-R-G Reanimator",Shogo Kajita won 2-1-0
Round 12,47,"Atsushi Hozuki
Takato Ueno","Selesnya Aggro
Temur Prowess",Atsushi Hozuki won 2-0-0
Round 12,48,"John Im He/Him
sintarou yamada","Izzet
Izzet Prowess",John Im won 2-1-0
Round 12,49,"SAYAMA TATSUNOSUKE
Miyanishi Makoto He/Him","Dimir Control
Izzet Prowess",SAYAMA TATSUNOSUKE won 2-0-0
Round 12,50,"Tamon
baronlee","Dimir Excruciator
Temur",baronlee won 2-0-0
Round 12,51,"ryuichiro ishida He/Him
藤垣 琢矢 He/Him","Selesnya Rhythm
Mono-Green Aggro",ryuichiro ishida won 2-0-0
Round 12,52,"Kazuhiro Noine
TomohiroSakai He/Him","Selesnya Landfall
Izzet Prowess",Kazuhiro Noine won 2-1-0
Round 12,53,"Hasedaigo
IchiwakiFumihiro","Izzet Aggro
Jeskai Control",IchiwakiFumihiro won 2-1-0
Round 12,54,"Ryota Motegi
JunSatoX1","Mardu
Boros Tokens",JunSatoX1 won 2-0-0
Round 12,55,"yohei hoshino
Akira Yamawaki","Temur Prowess
Azorius Tempo",yohei hoshino won 2-1-0
Round 12,56,"ryuji mimido
Shunsuke Nose He/Him","Dimir Demons
Izzet Monument",ryuji mimido won 2-0-0
Round 12,57,"emotosatoshi
Hiroki Toyota","Temur Prowess
Mono-Green Landfall",Hiroki Toyota won 2-0-0
Round 13,-,Akira Yamawaki,Azorius Tempo,Akira Yamawaki was assigned a bye
Round 13,1,"ReiSakano Other
Yoshihiko Ikawa He/Him","Jeskai Control
Izzet Spellementals",0-0-3 Draw
Round 13,2,"Keiichiro Matsumoto
TASE YUYA Other","W-U-B-R Control
Azorius Aggro",0-0-3 Draw
Round 13,3,"ホリエ トオル He/Him
HarryJPN He/Him","Jeskai Control
Selesnya Landfall",0-0-3 Draw
Round 13,4,"Tomonori Hirami
Masataka Hori","Azorius Flash
Selesnya Ouroboroid",Tomonori Hirami won 2-0-0
Round 13,5,"MASAHIDE MORIYAMA
Rei Hirayama","Izzet Spellementals
Izzet Spellementals",MASAHIDE MORIYAMA won 2-1-0
Round 13,6,"Ma Noah
Yusuke Takaoka He/Him","Selesnya Ouroboroid
Izzet Aggro",Ma Noah won 2-1-0
Round 13,7,"Yoshitaka Fujino
yoshiki yamashita He/Him","Selesnya Aggro
Izzet Spellementals",yoshiki yamashita won 2-0-0
Round 13,8,"Satoshi Mizu
Shinya Saito He/Him","Izzet Elementals
Temur Prowess",Shinya Saito won 2-0-0
Round 13,9,"Kenta Imai He/Him
Takumi Utsunomiya He/Him","Izzet Prowess
Izzet Spellementals",Takumi Utsunomiya won 2-1-0
Round 13,10,"TakahashiRyoma
Toshiki Okai","Golgari Demons
Izzet Prowess",Toshiki Okai won 2-0-0
Round 13,11,"YUJI KAWABATA He/Him
Koki Nakamura","Izzet Spellementals
Selesnya Landfall",Koki Nakamura won 2-0-0
Round 13,12,"Shingo Takada He/Him
YUSUKE NAKAMURA","Izzet Elementals
Izzet Prowess",YUSUKE NAKAMURA won 2-0-0
Round 13,13,"Yukinori Ishibashi
junpei nakamura","Selesnya Landfall
Golgari Midrange",junpei nakamura won 2-1-0
Round 13,14,"akira ishikawa
Tomohiro Matsumoto He/Him","Selesnya Landfall
Izzet Spellementals",Tomohiro Matsumoto won 2-1-0
Round 13,15,"nakatatsuyoshi
Masashiro Kuroda He/Him","Izzet Prowess
Izzet Spellementals",Masashiro Kuroda won 2-1-0
Round 13,16,"Keita Ito
Keisuke Naitou","Izzet Prowess
Temur Prowess",Keisuke Naitou won 2-0-0
Round 13,17,"Kenji Sego
Keisuke Komatsu","Izzet Spellementals
Izzet Spellementals",Kenji Sego won 2-0-0
Round 13,18,"Hiroaki Kitahara
shohei kiyota","Sultai Control
Izzet Prowess",shohei kiyota won 2-1-0
Round 13,19,"Hirotaka Kawasaki
Hosokawa Kouta He/Him","Selesnya Ouroboroid
Bant Rhythm",Hosokawa Kouta won 2-0-0
Round 13,20,"Shinnosuke Hando
TAKUYA HASEGAWA","Selesnya
Selesnya Landfall",TAKUYA HASEGAWA won 2-0-0
Round 13,21,"Sotaro Wada
toru kono","Izzet Prowess
Izzet Spellementals",Sotaro Wada won 2-1-0
Round 13,22,"grodri1999
Keisuke Sato","Bant Rhythm
Temur Prowess",grodri1999 won 2-1-0
Round 13,23,"Hojun Yoon
takuya taniguchi","Izzet Aggro
Selesnya Landfall",Hojun Yoon won 2-1-0
Round 13,24,"taiyo ishii He/Him
Shimpo Kosuke","Izzet
Izzet Prowess",Shimpo Kosuke won 2-0-0
Round 13,25,"Yoshiyuki Ogyu
Yuta Akamine They/Them","Dimir Excruciator
Izzet Spellementals",Yoshiyuki Ogyu won 2-1-0
Round 13,26,"Hiroki Kageyama
Takashi Inui","Izzet Otters
Izzet Spellementals",0-0-3 Draw
Round 13,27,"naoto yamane
Taishi_Tokairin","Selesnya Ouroboroid
Selesnya Landfall",0-0-3 Draw
Round 13,28,"Masaki Oi
Tomoya Tanaka","Izzet Prowess
Izzet Prowess",0-0-3 Draw
Round 13,29,"Yuta Inukai He/Him
Charles Namchaisiri","Selesnya Landfall
Izzet Spellementals",0-0-3 Draw
Round 13,30,"yamamotoatsushi
Go Nakamura He/Him","Mono-Green Landfall
Sultai Control",yamamotoatsushi won 2-1-0
Round 13,31,"Sho Miyasaka
Tomoya Kobayashi","Izzet Prowess
Izzet Control",Tomoya Kobayashi won 2-0-0
Round 13,32,"fukutome masayuki He/Him
LiDuoyan","Sultai Control
Azorius Blink",fukutome masayuki won 2-1-0
Round 13,33,"ryo kasuga
Yuya Hosokawa He/Him","Selesnya Landfall
Jeskai Control",Yuya Hosokawa won 2-1-0
Round 13,34,"Keita Tonouchi He/Him
syaka3845","Selesnya Landfall
Temur Prowess",Keita Tonouchi won 2-0-0
Round 13,35,"Masahiko Noguchi
Masakuni Hamaguchi","Selesnya Landfall
Selesnya Landfall",Masahiko Noguchi won 2-1-0
Round 13,36,"Kenya Ishikawa He/Him
baronlee","Izzet Spellementals
Temur",Kenya Ishikawa won 2-1-0
Round 13,37,"Gaku Oohashi
KazukiYada","Selesnya Landfall
Temur Prowess",Gaku Oohashi won 2-1-0
Round 13,38,"Yuusuke Ooyama
John Im He/Him","Izzet Elementals
Izzet",John Im won 2-1-0
Round 13,39,"Sho Yoshimori He/Him
naoki kamizono","Selesnya Landfall
Temur Prowess",naoki kamizono won 2-0-0
Round 13,40,"sho kamezaki
Marei Okamura","Mono-Green Landfall
Sultai Control",sho kamezaki won 2-0-0
Round 13,41,"ryuichiro ishida He/Him
Yuuki Fujii","Selesnya Rhythm
Azorius Flash",ryuichiro ishida won 2-0-0
Round 13,42,"SAYAMA TATSUNOSUKE
Dod2gaia He/Him","Dimir Control
Jeskai Control",SAYAMA TATSUNOSUKE won 2-1-0
Round 13,43,"Kazuhiro Noine
RuiyuanLu","Selesnya Landfall
Dimir Midrange",Kazuhiro Noine won 2-0-0
Round 13,44,"takahiro yamaguchi
Takeshi Miyawaki He/Him","Izzet Lessons
Dimir Excruciator",takahiro yamaguchi won 2-0-0
Round 13,45,"maegawa
Atsushi Hozuki","Selesnya Aggro
Selesnya Aggro",maegawa won 2-0-0
Round 13,46,"IchiwakiFumihiro
Shogo Kajita","Jeskai Control
U-B-R-G Reanimator",Shogo Kajita won 2-1-0
Round 13,47,"taegyun lim
Takaya Saito","Grixis Midrange
Azorius Control",Takaya Saito won 2-1-0
Round 13,48,"Hiroaki Taniguchi He/Him
Yosuke Kasagawa","Golgari Midrange
Mono-Green Aggro",Yosuke Kasagawa won 2-0-0
Round 13,49,"Tamon
sintarou yamada","Dimir Excruciator
Izzet Prowess",sintarou yamada won 2-0-0
Round 13,50,"ryuji mimido
Hiroki Toyota","Dimir Demons
Mono-Green Landfall",ryuji mimido won 2-0-0
Round 13,51,"Kim Hoyeon He/Him
藤垣 琢矢 He/Him","Golgari Midrange
Mono-Green Aggro",藤垣 琢矢 won 2-1-0
Round 13,52,"genki ogino
yohei hoshino","Izzet Aggro
Temur Prowess",yohei hoshino won 2-1-0
Round 13,53,"JunSatoX1
Shunsuke Nose He/Him","Boros Tokens
Izzet Monument",JunSatoX1 won 2-1-0
Quarterfinals,1,"ReiSakano Other
Ma Noah","Jeskai Control
Selesnya Ouroboroid",ReiSakano won 2-1-0
Quarterfinals,2,"ホリエ トオル He/Him
TASE YUYA Other","Jeskai Control
Azorius Aggro",ホリエ トオル won 2-1-0
Quarterfinals,3,"Keiichiro Matsumoto
Tomonori Hirami","W-U-B-R Control
Azorius Flash",Keiichiro Matsumoto won 2-0-0
Quarterfinals,4,"Yoshihiko Ikawa He/Him
MASAHIDE MORIYAMA","Izzet Spellementals
Izzet Spellementals",Yoshihiko Ikawa won 2-1-0
Semifinals,1,"ReiSakano Other
ホリエ トオル He/Him","Jeskai Control
Jeskai Control",ホリエ トオル won 2-1-0
Semifinals,2,"Keiichiro Matsumoto
Yoshihiko Ikawa He/Him","W-U-B-R Control
Izzet Spellementals",Keiichiro Matsumoto won 2-0-0
Finals,1,"ホリエ トオル He/Him
Keiichiro Matsumoto","Jeskai Control
W-U-B-R Control",Keiichiro Matsumoto won 2-0-0
