Round,Table,Players,Decks,Winner
Round 1,-,Yat Ka Leung He/Him,Izzet Prowess,Yat Ka Leung was awarded a bye
Round 1,1,"Pierre Liebsch He/Him
jruxc","Temur Harmonizer
Dimir Excruciator",Pierre Liebsch won 2-0-0
Round 1,2,"Rodney Bedell
Jacob1200 He/Him","Selesnya Landfall
Azorius Otters",Jacob1200 won 2-1-0
Round 1,3,"Jacob Borrowdale He/Him
Louis-Samuel Deltour","Izzet Prowess
Izzet Prowess",Louis-Samuel Deltour won 2-0-0
Round 1,4,"Franco Cicchini He/Him
Luke Merryweather He/Him","Izzet Prowess
Izzet Lessons",Luke Merryweather won 2-0-0
Round 1,5,"George Worsnop He/Him
Alexander Gordon-Brown He/Him","Izzet Prowess
Sultai Control",George Worsnop won 2-0-0
Round 1,6,"Francesco Ghelli He/Him
Careknight He/Him","Selesnya Ouroboroid
Azorius Prison",Francesco Ghelli won 2-0-0
Round 1,7,"Sandiagos He/Him
Branoc Richards He/Him","Abzan Midrange
Izzet Prowess",Sandiagos won 2-0-0
Round 1,8,"ItMakesSens He/Him
THErev23 He/Him","Selesnya Landfall
Azorius Momo",ItMakesSens won 2-0-0
Round 1,9,"Fabian Jonckeer He/Him
Christian Mayr He/Him","Mono-Green Landfall
Four-Color Elementals",Christian Mayr won 2-1-0
Round 1,10,"SkottCooper He/Him
Ignacio Garcia He/Him","Azorius Prison
Azorius Momo",Ignacio Garcia won 2-0-0
Round 1,11,"IanB3 He/Him
Sytse He/Him","Izzet Spellementals
Sultai Control",Sytse won 2-0-0
Round 1,12,"LinkangYang He/Him
rtsolo She/They","Izzet Lessons
Mardu Mobilize",LinkangYang won 2-0-0
Round 1,13,"Martin Forrester He/They
EtherealBlue She/Her","Sultai Reanimator
Izzet Spellementals",Martin Forrester won 2-0-0
Round 1,14,"Martin Ramos He/Him
Graveturner He/Him","Mono-White Momo
Izzet Lessons",Martin Ramos won 2-0-0
Round 1,15,"AlexMacIsaac He/Him
alshay2020 He/Him","Izzet Prowess
Izzet Prowess",AlexMacIsaac won 2-1-0
Round 1,16,"Russell Seeley He/Him
KeesvanMontfoort","Golgari Midrange
Izzet Prowess",Russell Seeley won 2-1-0
Round 1,17,"Kyle Brennan He/Him
jbailey46 He/Him","Azorius Prison
Azorius Flash",Kyle Brennan won 2-0-0
Round 1,18,"Sandro1811 He/Him
jamestimms He/They","Dimir Bounce
Azorius Prison",jamestimms won 2-1-0
Round 1,19,"Xifan He/Him
WompRat He/Him","Izzet Prowess
Boros Mobilize",WompRat won 2-0-0
Round 1,20,"Gary Smith He/Him
Jacob Hauch","Jeskai Control
Azorius Prison",Gary Smith won 2-0-0
Round 1,21,"Mikki Klokkedal He/Him
Inherentmac He/Him","Selesnya Landfall
Grixis Discard",Inherentmac won 2-1-0
Round 1,22,"Rookiemookie He/Him
Tudor Marin He/Him","Jeskai Control
Selesnya Ouroboroid",Rookiemookie won 2-0-0
Round 1,23,"Tom8520 He/Him
NicolasM He/Him","Bant Rhythm
Four-Color Control",NicolasM won 2-0-0
Round 1,24,"Vincenzo Manzari She/Her
Lewis Foster He/Him","Izzet Prowess
Selesnya Landfall",Lewis Foster won 2-0-0
Round 1,25,"Francesco Vitiello He/Him
Fraser Dallachy He/Him","Selesnya Landfall
Abzan Cosmogoyf",Francesco Vitiello won 2-0-0
Round 1,26,"Harry Burke He/Him
mundisv He/Him","Azorius Momo
Izzet Prowess",Harry Burke won 2-1-0
Round 1,27,"Patrickleydecker He/Him
tsz shing so He/Him","Izzet Spellementals
Mono-Red Aggro",Patrickleydecker won 2-1-0
Round 1,28,"Niels Wardenier He/Him
JackTheJester He/Him","Azorius Prison
Four-Color Control",JackTheJester won 2-0-0
Round 1,29,"pileshuffle
DThomps He/Him","Four-Color Elementals
Izzet Prowess",pileshuffle won 2-1-0
Round 1,30,"JoaoM He/Him
Etienne Foare He/Him","Izzet Prowess
Izzet Lessons",Etienne Foare won 2-1-0
Round 1,31,"TomaszDudziec He/Him
Krzysztof Drzewiecki He/Him","Izzet Prowess
Azorius",TomaszDudziec won 2-0-0
Round 1,32,"Johnathan Wilkes He/Him
Tien Thanh Pham He/Him","Golgari Midrange
Azorius Prison",Tien Thanh Pham won 2-0-0
Round 1,33,"Zaraffyro
Ondrej Strasky He/Him","Izzet Prowess
Izzet Lessons",Zaraffyro won 2-1-0
Round 1,34,"Brad Barclay He/Him
Jonah Strommenger He/Him","Four-Color Control
Izzet Prowess",Brad Barclay won 2-1-0
Round 1,35,"Duskfire He/Him
Liam Tiller-Collins He/Him","Selesnya Landfall
Selesnya Midrange",Liam Tiller-Collins won 2-1-0
Round 1,36,"Brian Rasmussen He/Him
Pier Paolo Moro They/Them","Dimir Excruciator
Izzet Prowess",Pier Paolo Moro won 2-0-0
Round 1,37,"Dorian Wiese He/Him
Robert Wiseman","Golgari Midrange
Izzet Prowess",Dorian Wiese won 2-1-0
Round 1,38,"Metadontmatter He/Him
Vittorio Viti","Jeskai Control
Four-Color Control",Vittorio Viti won 2-0-0
Round 1,39,"HarryHollingworth He/They
Daniel Larsen He/Him","Bant Rhythm
Selesnya Landfall",HarryHollingworth won 2-0-0
Round 1,40,"Adam Davis He/Him
Petr96 He/Him","Izzet Lessons
W-U-B-R Control",Petr96 won 2-1-0
Round 1,41,"Nigel Stikker He/Him
StrongEUW He/Him","Izzet Spellementals
Gruul Harmonizer",StrongEUW won 2-1-0
Round 1,42,"DarkDeno
Kim Homsma He/Him","Selesnya Landfall
Selesnya Landfall",DarkDeno won 2-1-0
Round 1,43,"Mae French She/Her
oldemodave He/Him","Izzet Lessons
Dimir Deceit",Mae French won 2-0-0
Round 1,44,"Guliver He/Him
Simon Leigh","Selesnya Landfall
Izzet Spellementals",Guliver won 2-0-0
Round 1,45,"David Woodland He/Him
Daniel Bjerkan He/Him","Izzet Spellementals
Selesnya Landfall",Daniel Bjerkan won 2-1-0
Round 1,46,"Hans Ludvig Skovli He/Him
Christian Kerr He/Him","Izzet Prowess
Selesnya Landfall",Christian Kerr won 2-1-0
Round 1,47,"Charlie Kennett He/Him
Emelia St John She/They","Dimir Excruciator
Izzet Spellementals",Charlie Kennett won 2-0-0
Round 1,48,"StuBoi3
Daniel Lind He/Him","Dimir Aggro
Selesnya Landfall",Daniel Lind won 2-1-0
Round 1,49,"Jasper Nielsen He/Him
Svenja Hill She/Her","Izzet Spellementals
Mono-Red Aggro",Jasper Nielsen won 2-1-0
Round 1,50,"Cartheron Other
RyaS","Mono-Black Demons
Naya Yuna",Cartheron won 2-0-0
Round 1,51,"Hiltinchest He/They
Douglas Penman He/Him","Izzet Prowess
Selesnya Ouroboroid",Douglas Penman won 2-0-0
Round 1,52,"JackNewell He/Him
Xcunonophus He/They","Boros Discard
Azorius Artifacts",JackNewell won 2-1-0
Round 1,53,"Jan Pruchniewicz He/Him
Hal8999 He/Him","Simic Omniscience
Izzet Monument",Jan Pruchniewicz won 2-0-0
Round 1,54,"Alex Göbel He/Him
Olivier Geffroy He/Him","Dimir Midrange
Izzet Prowess",Alex Göbel won 2-0-0
Round 1,55,"Jędrek Szmyd He/Him
Conrad Scherb","Izzet Lessons
Jeskai Control",Conrad Scherb won 2-0-0
Round 1,56,"Dominic Ulke He/Him
Scute He/Him","Izzet Prowess
Dimir Excruciator",Dominic Ulke won 2-0-0
Round 1,57,"Jonny 🐘 Edmondson He/Him
Phillip Scutter-Cairns He/Him","Izzet Prowess
Jeskai Control",Phillip Scutter-Cairns won 2-0-0
Round 1,58,"JoshuaPyleCarter Other
197564 He/Him","Simic Omniscience
Azorius Tempo",197564 won 2-0-0
Round 1,59,"Gwen Wall She/Her
Noz777 He/Him","Azorius Tempo
Izzet Spellementals",Gwen Wall won 2-0-0
Round 1,60,"WillKillsTime He/Him
Piotr Głogowski He/Him","Izzet Prowess
Izzet Lessons",Piotr Głogowski won 2-0-0
Round 1,61,"Brady Crooks He/Him
Coulsy He/Him","Izzet Lessons
Azorius Artifacts",Coulsy won 2-0-0
Round 1,62,"Syyslehti He/Him
Leif Schöniger He/Him","Izzet Spellementals
Selesnya Landfall",Leif Schöniger won 2-0-0
Round 1,63,"Chris Grenville He/Him
Dafta He/Him","Izzet Prowess
Mono-Green",Chris Grenville won 2-1-0
Round 1,64,"Giulio Tommaso Gomitoni
SrKaronte He/Him","Izzet Lessons
Azorius Artifacts",SrKaronte won 2-0-0
Round 1,65,"Geri925 He/Him
AustinMi He/They","Selesnya Ouroboroid
Izzet Prowess",Geri925 won 2-0-0
Round 1,66,"Jadrzwi He/Him
DoubleDavey He/Him","Izzet Lessons
Selesnya Landfall",Jadrzwi won 2-1-0
Round 1,67,"Marco Oliveto He/Him
Riccardo Bragato He/Him","Golgari Rhythm
Selesnya Rhythm",Marco Oliveto won 2-1-0
Round 1,68,"art3mique
christian gullberg He/Him","Izzet Lessons
Izzet Spellementals",christian gullberg won 2-0-0
Round 1,69,"RyanNorthcott He/Him
Thomas Walder","Boros Momo
Mardu Artifacts",Thomas Walder won 2-0-0
Round 1,70,"Cwlvyn He/Him
Valentin Orru He/Him","Selesnya Landfall
Izzet Prowess",Valentin Orru won 2-0-0
Round 1,71,"Oscar Christensen He/Him
Max Spencer He/Him","Selesnya Ouroboroid
Golgari Changelings",Oscar Christensen won 2-0-0
Round 1,72,"Max Staas He/Him
StannersPOTUS","Dimir Excruciator
Mardu",StannersPOTUS won 2-0-0
Round 1,73,"Adam Jansson He/Him
Daniele Vinciguerra He/Him","Izzet Prowess
Dimir Otters",Daniele Vinciguerra won 2-0-0
Round 1,74,"Marco Vay He/Him
Alex Campbell","Dimir Excruciator
Jeskai Control",Alex Campbell won 2-0-0
Round 1,75,"Edgar Baumler He/Him
TomR","Bant Rhythm
Izzet Prowess",Edgar Baumler won 2-1-0
Round 1,76,"Rasmus Nilsson He/Him
SilK1 He/Him","Selesnya
Izzet Prowess",Rasmus Nilsson won 2-1-0
Round 1,77,"Draysor He/Him
Anjo Brand He/Him","Selesnya Landfall
Selesnya Landfall",Draysor won 2-0-0
Round 1,78,"no_justice_mtg She/Her
Mehdi Khelfa He/Him","Four-Color Control
Izzet Prowess",Mehdi Khelfa won 2-1-0
Round 1,79,"Jay_Flimmzky He/Him
Noah Bacine He/Him","Dimir Mill
Jeskai Control",Noah Bacine won 2-1-0
Round 1,80,"MaruMtg He/Him
Stanislau Zubovich He/Him","Izzet Prowess
Izzet Prowess",Stanislau Zubovich won 2-1-0
Round 1,81,"Victor Manuel Graveto
Christian Richard He/Him","Azorius Prison
Temur Harmonizer",Victor Manuel Graveto won 2-0-0
Round 1,82,"Jack Buckland
swxgv He/Him","Selesnya Aggro
Izzet Prowess",swxgv won 2-0-0
Round 1,83,"Jacob Vogts He/Him
Kristoffer Roland He/Him","Izzet Lessons
Gruul Leyline",Kristoffer Roland won 2-1-0
Round 1,84,"Julian Riedener He/Him
CalMc","Bant Rhythm
Izzet Lessons",Julian Riedener won 2-1-0
Round 1,85,"Drew Martin He/Him
Marco Capitanio","Izzet Prowess
Izzet Lessons",Marco Capitanio won 2-1-0
Round 1,86,"Grimbakor He/They
Josh Corless He/Him","Dimir Monument
Izzet Spellementals",Josh Corless won 2-0-0
Round 1,87,"manyrollies
Badmaths222 He/Him","Izzet Spellementals
Four-Color Elementals",manyrollies won 2-1-0
Round 1,88,"bugthefriend She/Her
Gerardo D'Elia He/Him","Dimir Midrange
Jeskai Control",Gerardo D'Elia won 2-0-0
Round 1,89,"Dan Stokes He/Him
Marian Bunganic He/Him","Four-Color Control
Izzet Lessons",Marian Bunganic won 2-0-0
Round 1,90,"Kristoffer Payumo He/Him
Angra He/Him","Four-Color Elementals
Mono-White Enchantments",Kristoffer Payumo won 2-0-0
Round 1,91,"Tim Paplewski He/Him
dietcruella She/Her","Dimir Excruciator
Dimir Excruciator",Tim Paplewski won 2-0-0
Round 1,92,"Tan-Tai Nguyen He/Him
shaneoc He/Him","Four-Color Control
Izzet Prowess",shaneoc won 2-1-0
Round 1,93,"Salvatore Cardali
L-E-D He/They","Azorius Prison
Mono-White Momo",1-1-0 Draw
Round 1,94,"Misty Manek She/Her
Noah Anderson Weiskircher They/Them","Azorius Prison
Izzet",1-1-0 Draw
Round 1,95,"Alvaro Nicosia He/Him
Björn Kimminich He/Him","Izzet Prowess
Izzet Prowess",Björn Kimminich won 2-1-0
Round 1,96,"Michael Baalham
Kevin Broløs He/Him","Selesnya Landfall
Izzet Prowess",Michael Baalham won 2-0-0
Round 1,97,"HarW7
Corrlight He/Him","Four-Color Control
Azorius Prison",HarW7 won 2-0-0
Round 1,98,"pizzangry He/Him
KnuxIBF He/Him","Izzet Prowess
Five-Color Control",pizzangry won 2-0-0
Round 1,99,"Vince Geluk He/Him
gwendalvador He/Him","Jeskai Control
Selesnya Landfall",gwendalvador won 2-1-0
Round 1,100,"CJ Vice He/Him
Daniel Lewis He/Him","Esper Oculus
Four-Color Control",Daniel Lewis won 2-0-0
Round 1,101,"Vincent Reiter He/Him
Skite He/They","Izzet Prowess
Selesnya Landfall",Vincent Reiter won 2-1-0
Round 1,102,"ZakP He/Him
guislaindumont","Mono-Green Landfall
Azorius Prison",ZakP won 2-1-0
Round 1,103,"Marcio Carvalho
soufian hriz He/Him","Selesnya Landfall
Izzet Spellementals",Marcio Carvalho won 2-0-0
Round 1,104,"Léo Thiémard He/Him
Adrien Beaussart He/Him","Bant Rhythm
Four-Color Elementals",Léo Thiémard won 2-1-0
Round 1,105,"kristofff He/Him
Yannick29000 He/Him","Dimir Excruciator
Izzet Prowess",kristofff won 2-0-0
Round 1,106,"ReiLiv She/They
Jari Rentsch He/Him","Izzet Prowess
Izzet Prowess",Jari Rentsch won 2-1-0
Round 1,107,"Nathan McDowell He/Him
Gabriele1991 He/Him","Izzet Prowess
Selesnya Landfall",Nathan McDowell won 2-0-0
Round 1,108,"Sillylio He/Him
Daniel Aranyi He/Him","Temur Stormsplitter
Izzet Spellementals",Daniel Aranyi won 2-0-0
Round 1,109,"Andrew Berry
Will Berrington He/Him","Izzet Spellementals
Mono-Green Landfall",Andrew Berry won 2-0-0
Round 1,110,"Leaham He/Him
gabriele tribulato Ze/zir","Selesnya Landfall
Bant Rhythm",Leaham won 2-0-0
Round 1,111,"James Ball He/Him
tip He/Him","Izzet Prowess
Selesnya Ouroboroid",tip won 2-0-0
Round 1,112,"jjjimbo They/Them
Manuel Nowak He/Him","Izzet
Selesnya Rhythm",Manuel Nowak won 2-0-0
Round 1,113,"Daniele Scatassi
AdamPC He/Him","Izzet Prowess
Izzet Prowess",AdamPC won 2-1-0
Round 1,114,"Aidan Currah
Andreas Foreman Jensen He/Him","Selesnya Landfall
Selesnya Ouroboroid",Aidan Currah won 2-1-0
Round 1,115,"milesofford He/Him
Wojciech Kowalczuk He/Him","Sultai Reanimator
Selesnya Landfall",milesofford won 2-0-0
Round 1,116,"Fabian Klein
Aras Şenyüz He/Him","Dimir Excruciator
Temur",Fabian Klein won 2-0-0
Round 1,117,"CelestinBARRE He/Him
filpin He/Him","Golgari Skeletons
Selesnya Ouroboroid",filpin won 2-0-0
Round 1,118,"Geko
Shadow_helm He/Him","Izzet Aggro
Azorius Artifacts",Geko won 2-0-0
Round 1,119,"AlexRoebuck He/Him
Luka Fuchs","Izzet Prowess
Mono-Blue Tempo",AlexRoebuck won 2-0-0
Round 1,120,"Zak Cowen
GiorgioCanezin He/Him","Izzet Prowess
Azorius Prison",GiorgioCanezin won 2-0-0
Round 1,121,"Robert Pennington
Titouan LE BERRE He/Him","Simic Omniscience
Izzet Prowess",Titouan LE BERRE won 2-1-0
Round 1,122,"Landstar He/They
Maciej Olczak He/Him","Selesnya Ouroboroid
Selesnya Landfall",Landstar won 2-1-0
Round 1,123,"Roberto Fabiani
Dawid Florczyk","Grixis Deceit
Izzet Lessons",Dawid Florczyk won 2-1-0
Round 1,124,"HarryPendall
Lucas Hyttel He/Him","Izzet Lessons
Mono-Green Landfall",Lucas Hyttel won 2-1-0
Round 1,125,"jundazhang He/Him
Bryant Yang He/Him","Izzet Prowess
Izzet Prowess",jundazhang won 2-0-0
Round 1,126,"Gargaroth He/Him
Oliver Frith He/Him","Simic Ouroboroid
Simic Omniscience",Gargaroth won 2-0-0
Round 1,127,"Dan Robinson
LuigiC He/Him","Boros Dragons
Golgari Demons",Dan Robinson won 2-0-0
Round 1,128,"Horia Vernescu He/Him
EdGlease He/Him","Selesnya Ouroboroid
Izzet Aggro",Horia Vernescu won 2-1-0
Round 1,129,"Michael Boardman He/Him
Orry He/Him","Mono-Red Aggro
Izzet Spellementals",Michael Boardman won 2-1-0
Round 1,130,"Splitseven He/Him
Philip White He/They","Izzet Lessons
Izzet Prowess",Philip White won 2-0-0
Round 1,131,"Alexander Stehno
ANNAVALILA He/Him","Jeskai Control
Izzet Prowess",ANNAVALILA won 2-1-0
Round 1,132,"vixmac22 She/Her
Andrew Jaquith He/Him","Izzet Spellementals
Izzet Lessons",vixmac22 won 2-0-0
Round 1,133,"Filipe Gusmão He/Him
seany He/Him","Golgari Demons
Izzet Lessons",Filipe Gusmão won 2-0-0
Round 1,134,"Tadhg Murphy
Matthieu Tassa He/Him","Izzet Prowess
Izzet Prowess",Matthieu Tassa won 2-0-0
Round 1,135,"karim mzoughi
Kieran Malloy He/Him","Grixis
Izzet Prowess",karim mzoughi won 2-1-0
Round 1,136,"JoaoCorvina Other
Alex Winter","Selesnya Landfall
Boros Mobilize",Alex Winter won 2-1-0
Round 1,137,"Thoralf Severin He/Him
Nomae He/Him","Selesnya Landfall
Selesnya Ouroboroid",Nomae won 2-1-0
Round 1,138,"Tobia Daniele Nappi He/Him
DavidGrant","Four-Color Control
Selesnya Midrange",Tobia Daniele Nappi won 2-0-0
Round 1,139,"TGalla
AnilDG He/Him","Azorius Merfolk
Azorius Prison",AnilDG won 2-0-0
Round 1,140,"Matt MT He/Him
Jamie Walsh He/Him","Sultai Reanimator
Four-Color Control",Jamie Walsh won 2-0-0
Round 1,141,"David Dunitza He/Him
Alice Casey She/Her","Izzet Spellementals
Izzet Spellementals",David Dunitza won 2-1-0
Round 1,142,"Lucas Jensen He/They
fabse He/Him","Jeskai Control
Izzet Prowess",fabse won 2-1-0
Round 1,143,"MikeRoss He/They
superaggo He/Him","Izzet Lessons
Four-Color Elementals",superaggo won 2-0-0
Round 1,144,"Francesco Latorre He/Him
Nick Rogiers He/Him","Izzet Prowess
Dimir Excruciator",Nick Rogiers won 2-1-0
Round 1,145,"Mangara He/Him
Pedro Magalhães He/Him","Azorius Flash
Boros Dragons",Pedro Magalhães won 2-0-0
Round 1,146,"Lubos Leskovjansky He/They
NilHomar","Mono-White Momo
Golgari Midrange",Lubos Leskovjansky won 2-0-0
Round 1,147,"Victor Simon Wilhelm Lumholtz He/Him
Barnaby Mannox","Selesnya Ouroboroid
Dimir",Victor Simon Wilhelm Lumholtz won 2-1-0
Round 1,148,"Teemu Alanko He/Him
Enchanted He/Him","Mono-White Momo
Temur Omniscience",Enchanted won 2-1-0
Round 1,149,"Jack Goldsworthy He/Him
Julian Lamprecht He/Him","Izzet Prowess
Selesnya Landfall",Julian Lamprecht won 2-1-0
Round 1,150,"Jonathan Lee
Filip Tetera He/Him","Izzet Lessons
Bant Rhythm",Jonathan Lee won 2-0-0
Round 1,151,"Peppo0212 They/Them
Harry_Ersky He/Him","Izzet Lessons
Izzet Lessons",Peppo0212 won 2-0-0
Round 1,152,"Giuseppe Miele He/Him
Christian Rothen He/Him","Izzet Lessons
Jeskai Control",Christian Rothen won 2-0-0
Round 1,153,"Yanatoy
ViolentRich He/Him","Izzet Opus
Izzet Prowess",Yanatoy won 2-1-0
Round 1,154,"MasterDPW
Bolutin He/They","Four-Color Control
Dimir Midrange",Bolutin won 2-0-0
Round 1,155,"Lukas Paugsch
EvanColly He/Him","Dimir Excruciator
Izzet Prowess",EvanColly won 2-0-0
Round 1,156,"Antoine Bernier He/Him
MatthewKubisa He/Him","Izzet Lessons
Mono-Red Firebending",Antoine Bernier won 2-1-0
Round 1,157,"felipins He/Him
Tifenn Samyn She/Her","Dimir Excruciator
Izzet Spellementals",felipins won 2-0-0
Round 1,158,"Tim Priwe He/Him
Gustavo Colon He/Him","Izzet Prowess
Four-Color Control",Gustavo Colon won 2-1-0
Round 1,159,"Lena Marchant She/Her
Sören Liesener He/Him","Izzet Lessons
Selesnya Ouroboroid",Sören Liesener won 2-0-0
Round 1,160,"Nicolas Prail He/Him
Goblingrenade He/Him","Izzet Prowess
Azorius Momo",Goblingrenade won 2-0-0
Round 1,161,"Paul Bittner He/Him
Jamie Popay He/Him","Azorius Prison
Golgari Midrange",Jamie Popay won 2-0-0
Round 1,162,"Fabien Li He/Him
DanoClark","Boros Mobilize
Four-Color Control",DanoClark won 2-1-0
Round 1,163,"oDwin He/Him
ucoconut871 Other","Orzhov Momo
Temur",oDwin won 2-1-0
Round 1,164,"Manuel Danninger He/Him
Tomáš Krupička He/Him","Izzet Lessons
Selesnya Landfall",Manuel Danninger won 2-1-0
Round 1,165,"Gavin Thacker
Thomas Chenery He/Him","Boros Dragons
Izzet Spellementals",Gavin Thacker won 2-1-0
Round 1,166,"darkblueturbo He/Him
George Stuart He/Him","Izzet Spellementals
Izzet Spellementals",George Stuart won 2-0-0
Round 1,167,"Maxime Desiront He/Him
Kewin Lozicki He/Him","Sultai Reanimator
Azorius Tempo",Maxime Desiront won 2-0-0
Round 1,168,"Jacopo Bartollini He/Him
Lucca LiPuma","Azorius Prison
Izzet Prowess",Lucca LiPuma won 2-1-0
Round 1,169,"CoreyPeel He/Him
EricZhou He/Him","Jeskai Control
Izzet Prowess",EricZhou won 2-0-0
Round 1,170,"Aaron Tavaler He/Him
RobinVahland He/Him","Izzet Prowess
Songcrafter Control",RobinVahland won 2-0-0
Round 1,171,"Michael Rutter He/Him
Aeryn McCann She/They","Izzet Spellementals
Izzet Lessons",Aeryn McCann won 2-1-0
Round 1,172,"RoreosaRory He/Him
Jonas_Erbe","Four-Color Elementals
Simic Rhythm",Jonas_Erbe won 2-1-0
Round 1,173,"Siamon He/Him
Nathan Goldberg He/Him","Selesnya Ouroboroid
Selesnya",Nathan Goldberg won 2-0-0
Round 1,174,"jdwzf He/Him
Ethanv83 He/Him","Izzet Spellementals
Selesnya Landfall",Ethanv83 won 2-0-0
Round 1,175,"Jakub Janáč
Krister Karlsen He/Him","Izzet Prowess
Bant Rhythm",Jakub Janáč won 2-1-0
Round 1,176,"woebringer He/Him
Mirand Shtërbani He/Him","Izzet Prowess
Four-Color Control",woebringer won 2-0-0
Round 1,177,"Nick Arnold He/Him
Jakub Pardubsky He/Him","Dimir Excruciator
Bant Rhythm",Nick Arnold won 2-1-0
Round 1,178,"Andrew Smith He/Him
Chris Mander He/Him","Mono-Green Landfall
Izzet Prowess",Chris Mander won 2-1-0
Round 1,179,"Magnus Jørgensen He/Him
Ben Seck He/Him","Izzet Prowess
Bant Rhythm",Ben Seck won 2-1-0
Round 1,180,"Dom He/Him
enraeh He/Him","Azorius Momo
Sultai Excruciator",Dom won 2-0-0
Round 1,181,"Daniel Johnson He/Him
Jason Handy He/Him","Azorius Prison
Dimir Deceit",1-1-0 Draw
Round 1,182,"Stefano Belloni He/Him
SquirrelSovereign","Izzet Prowess
Izzet Prowess",SquirrelSovereign won 2-1-0
Round 1,183,"MickMadsen He/Him
Storm Losell He/Him","Izzet Spellementals
Selesnya Landfall",Storm Losell won 2-1-0
Round 1,184,"Callum Bousfield
Shadybadger46 He/Him","Izzet Prowess
Mono-Blue Control",Callum Bousfield won 2-0-0
Round 1,185,"Edward Cushion He/Him
Calum Gittins He/Him","Izzet Lessons
Izzet Prowess",Edward Cushion won 2-0-0
Round 1,186,"Josef Zivec He/Him
Mclockin He/Him","Bant Rhythm
Selesnya Ouroboroid",Josef Zivec won 2-0-0
Round 1,187,"ShaC28
TheRiedl He/Him","Mardu Combo
Izzet Lessons",TheRiedl won 2-0-0
Round 1,188,"Tolga Sertbas
ClementLumeau He/They","Mono-Red Aggro
Izzet Prowess",1-1-0 Draw
Round 1,189,"Matteo Silvestri He/Him
EricNewton He/Him","Four-Color Elementals
Jeskai Control",EricNewton won 2-1-0
Round 1,190,"James Jenkins He/Him
Dylan Coates He/Him","Izzet Prowess
Izzet Lessons",Dylan Coates won 2-0-0
Round 1,191,"Dotraki
Lee Medhurst He/Him","Temur Tempo
Grixis Elementals",Dotraki won 2-0-0
Round 1,192,"Philipp Schwaiger
Juan Manuel Lorenzi He/Him","Abzan Bats
Selesnya Landfall",Philipp Schwaiger won 2-1-0
Round 1,193,"Alexandre Furstenberger He/Him
Robert Bailey He/Him","Bant Rhythm
Izzet Aggro",Robert Bailey won 2-1-0
Round 1,194,"Andrei Nikolov
FerruccioMicheli He/Him","Izzet Prowess
Selesnya Landfall",Andrei Nikolov won 2-1-0
Round 1,195,"Dominic White He/Him
Masaya_Hoshino He/Him","Dimir Deceit
Selesnya Landfall",Masaya_Hoshino won 2-1-0
Round 1,196,"Dylan Gregory-Martin He/They
Zurgo128","Izzet Spellementals
Izzet Lessons",Zurgo128 won 2-0-0
Round 1,197,"pamkung She/Her
Morgan Lebrument He/Him","Bant Rhythm
Izzet Prowess",Morgan Lebrument won 2-1-0
Round 1,198,"Cantthinkofanything
louisfrith He/Him","Mono-Green Landfall
Azorius Prison",Cantthinkofanything won 2-0-0
Round 1,199,"MatteoLB He/Him
ShababC He/Him","Four-Color Control
Simic Rhythm",ShababC won 2-0-0
Round 1,200,"Mihaly Varadi He/Him
Dan Rose","Azorius Prison
Izzet Lessons",Dan Rose won 2-1-0
Round 1,201,"Pebus101 He/Him
SimonMercer He/Him","Bant Rhythm
Mono-White Enchantments",Pebus101 won 2-1-0
Round 1,202,"Andy Stephens He/Him
AndyHenwood","Selesnya Landfall
Mono-Green Landfall",Andy Stephens won 2-1-0
Round 1,203,"Callum Laird He/Him
Devis Rossini He/Him","Izzet Prowess
Bant Rhythm",Callum Laird won 2-0-0
Round 1,204,"plantgirl She/Her
Philippe Wirz He/Him","Mono-Blue Spellementals
Azorius Momo",Philippe Wirz won 2-1-0
Round 1,205,"Viktor Hybinette He/Him
Andrew Stevenson He/Him","Golgari Midrange
Jeskai Control",Andrew Stevenson won 2-1-0
Round 1,206,"Charles Eliatamby He/Him
MangoMango She/Her","Bant Rhythm
Jeskai Control",Charles Eliatamby won 2-1-0
Round 1,207,"AndrewHM He/They
Nostromo He/Him","Azorius Control
Izzet Prowess",Nostromo won 2-1-0
Round 1,208,"Pedro Lemos He/Him
Christian Smith He/Him","Selesnya Ouroboroid
Azorius Prison",Pedro Lemos won 2-1-0
Round 1,209,"ophoox He/Him
Luke Doyle He/Him","Boros Dragons
Izzet Prowess",ophoox won 2-1-0
Round 1,210,"Gianluca Boaretto He/Him
MY13Dragonfly They/Them","Izzet Spellementals
Bant Rhythm",Gianluca Boaretto won 2-0-0
Round 1,211,"Jorge Muniz
Alexander Mehta He/Him","Dimir Excruciator
Izzet Prowess",Jorge Muniz won 2-0-0
Round 1,212,"Paul Farnsworth
Neil Deacon He/Him","Dimir Excruciator
Izzet Prowess",Neil Deacon won 2-1-0
Round 1,213,"Andrea Piemonti He/Him
GiuseppeG He/Him","Izzet Lessons
Selesnya Landfall",GiuseppeG won 2-1-0
Round 1,214,"Unkillable13 He/Him
StephenSodusta He/Him","Izzet Prowess
Temur Ferocious",Unkillable13 won 2-1-0
Round 1,215,"Luca Fessia He/Him
Juan Godoy He/Him","Selesnya Combo
Four-Color Elementals",Juan Godoy won 2-0-0
Round 1,216,"Truls Mathisen He/Him
GliedTamas He/Him","Mono-Blue Spellementals
Sultai Control",GliedTamas won 2-0-0
Round 1,217,"treefr0gg
Arwad He/Him","Mono-Green Landfall
Dimir Midrange",Arwad won 2-0-0
Round 1,218,"wuxxd He/Him
Narzyss","Mono-Green
Azorius Prison",Narzyss won 2-1-0
Round 1,219,"djsuk She/Her
Nikita Yurochko He/Him","-
-",djsuk won 2-1-0
Round 1,220,"Elia Libralato He/Him
Charles Rivet He/Him","Bant Rhythm
Izzet Prowess",Charles Rivet won 2-1-0
Round 1,221,"SimD22
Enrico Libralato He/Him","Jeskai Control
Azorius Prison",SimD22 won 2-0-0
Round 1,222,"jwhiley93 He/Him
ADSandslash He/They","Orzhov Sacrifice
Azorius Artifacts",ADSandslash won 2-1-0
Round 1,223,"Kjetil Wevling He/Him
Claes de Graaff","Izzet Spellementals
Izzet Prowess",Kjetil Wevling won 2-1-0
Round 1,224,"Ben Jones
Cosmin Achim He/Him","Izzet Lessons
Mardu Demons",Ben Jones won 2-1-0
Round 1,225,"Sindre Mortensen
Mattia Colombo He/Him","Selesnya Rhythm
Dimir Control",Mattia Colombo won 2-0-0
Round 1,226,"Yiannis Kyriazis
AARB12 He/Him","Four-Color Control
Azorius Prison",1-1-0 Draw
Round 1,227,"EriS28 He/Him
M0J0 He/Him","Izzet Aggro
Dimir Midrange",M0J0 won 2-1-0
Round 1,228,"Picomtg
Felix Wieland He/Him","Bant Rhythm
Sultai Midrange",Picomtg won 2-1-0
Round 1,229,"JJ Hidson He/Him
JamesTaylor He/Him","Mono-Green Chocobo
Selesnya Landfall",JamesTaylor won 2-0-0
Round 1,230,"Ine Jernelv
Elyacht","Izzet Lessons
Izzet Prowess",Ine Jernelv won 2-0-0
Round 1,231,"Olphod He/Him
Dan McCarthy He/Him","Mardu Discard
Azorius Prison",Dan McCarthy won 2-1-0
Round 1,232,"Jack Young He/Him
Sergio Seoane He/Him","Izzet Spellementals
Selesnya Landfall",Sergio Seoane won 2-1-0
Round 1,233,"Coachjennsen23 He/Him
Nabil","Boros Dragons
Izzet Prowess",Nabil won 2-1-0
Round 1,234,"wailingpath He/Him
Bratwurst","Orzhov Lifegain
Selesnya Landfall",Bratwurst won 2-0-0
Round 1,235,"Decio Sacco He/Him
CraigLong He/Him","Selesnya Ouroboroid
Dimir Excruciator",Decio Sacco won 2-1-0
Round 1,236,"Andreas Nordahl
Léo Guimard He/Him","Izzet
Selesnya Landfall",Léo Guimard won 2-1-0
Round 1,237,"Freddie Barber He/Him
AgentEdward","Gruul Leyline
Izzet Prowess",AgentEdward won 2-0-0
Round 1,238,"Elevenzees He/Him
williametchells He/Him","Izzet Lessons
Naya Legends",Elevenzees won 2-1-0
Round 1,239,"Jonatan Svendsen He/Him
Gonçalo Paneiro He/Him","Selesnya Landfall
Izzet Prowess",Jonatan Svendsen won 2-0-0
Round 1,240,"Lilian Lescure He/Him
Kun150 He/Him","Dimir Excruciator
Dimir Excruciator",Kun150 won 2-0-0
Round 1,241,"Maciej Barwik He/Him
ollei He/Him","Izzet Prowess
Izzet Prowess",Maciej Barwik won 2-0-0
Round 1,242,"Andrew Fiedler He/Him
SayNuthinTillYaSeeClaude He/Him","Dimir Excruciator
Jeskai Control",Andrew Fiedler won 2-0-0
Round 1,243,"Francesco Alacca He/Him
Alex Day","Izzet Lessons
Jund Leyline",Francesco Alacca won 2-1-0
Round 1,244,"Cedric Gäde
Alvaro Fernandez Torres He/Him","Azorius Prison
Izzet Prowess",Alvaro Fernandez Torres won 2-1-0
Round 1,245,"Zijun Wang He/Him
Pier Iaquinta He/Him","Temur Harmonizer
Jeskai Control",Zijun Wang won 2-0-0
Round 1,246,"Jake Swales He/They
Nuno Duarte","Izzet Lessons
Dimir Excruciator",Jake Swales won 2-1-0
Round 1,247,"Jonny Gu He/Him
Derek Choi He/Him","Izzet Spellementals
Dimir Excruciator",Jonny Gu won 2-1-0
Round 1,248,"Patrick Burchert He/Him
Tommi Erola He/Him","Azorius Prison
Mono-Green Landfall",Tommi Erola won 2-1-0
Round 1,249,"Koen de Vos
Emilio Morabito","Azorius Momo
Izzet Prowess",Koen de Vos won 2-0-0
Round 1,250,"Francisco Sanchez
Barry Horwood He/Him","Temur
Azorius Pixie",Francisco Sanchez won 2-0-0
Round 1,251,"George Berrett He/Him
Gwendolyn Noble She/Her","Dimir Excruciator
Bant Rhythm",George Berrett won 2-0-0
Round 1,252,"Ozan Sevsevil He/Him
Nicholas Brown","Jeskai Control
Selesnya Landfall",Nicholas Brown won 2-0-0
Round 1,253,"spikesmaster He/Him
Ode2TheMets He/Him","Selesnya Ouroboroid
Mono-Green Landfall",spikesmaster won 2-0-0
Round 1,254,"ClaudioBisioo
Rakhi09 She/They","Four-Color Control
Izzet Prowess",ClaudioBisioo won 2-0-0
Round 1,255,"Alex Hillier He/Him
jlc93 He/Him","Four-Color Elementals
Selesnya Rabbits",Alex Hillier won 2-0-0
Round 1,256,"alexwalton64 He/Him
Shin33 He/Him","Izzet Spellementals
Dimir Combo",alexwalton64 won 2-0-0
Round 1,257,"iamkrazy1 He/Him
Sebastian Sachse","Izzet Prowess
Temur Harmonizer",Sebastian Sachse won 2-0-0
Round 1,258,"AlexG1995 He/Him
Vincent Pernel He/Him","Mono-Green Landfall
Dimir Artifacts",Vincent Pernel won 2-0-0
Round 1,259,"Gonaclo Magalhães Diogo He/Him
krystianM He/Him","Izzet Prowess
Izzet Lessons",Gonaclo Magalhães Diogo won 2-1-0
Round 1,260,"BenR4
Thraxi He/Him","Jeskai Control
Mono-Green Landfall",BenR4 won 2-0-0
Round 1,261,"Mikkel Vestergaard He/Him
Crowtaur She/Her","Four-Color Control
Izzet Prowess",Crowtaur won 2-1-0
Round 1,262,"Cristian Jimenez He/Him
Félix Maurin He/Him","Four-Color Control
Orzhov Momo",Cristian Jimenez won 2-1-0
Round 1,263,"DomS17 He/Him
Stefan Kramm","Izzet Prowess
Boros Dragons",Stefan Kramm won 2-1-0
Round 1,264,"Henry Cooke
addypalooza","Izzet Prowess
Golgari Crimes",addypalooza won 2-1-0
Round 1,265,"Klaus_Mikaelson He/Him
Max Blümel He/Him","Four-Color Control
Izzet Prowess",Klaus_Mikaelson won 2-0-0
Round 1,266,"Robin Clark She/Her
Theodor eliassen He/Him","Sultai Reanimator
Izzet Lessons",Theodor eliassen won 2-1-0
Round 1,267,"RomainAlexandre He/Him
Nate314 He/Him","Izzet Spellementals
Mono-White Momo",Nate314 won 2-0-0
Round 1,268,"Alexander Maier He/Him
Jammyf99 He/Him","Izzet Lessons
Sultai Reanimator",Jammyf99 won 2-1-0
Round 1,269,"Pirrakos He/Him
nartin9 He/Him","Dimir Excruciator
Izzet Prowess",Pirrakos won 2-0-0
Round 1,270,"Mathew Mitchell He/Him
Pär Jones He/Him","Jeskai Control
Golgari Midrange",Mathew Mitchell won 2-1-0
Round 1,271,"Mattia_Pantiri He/Him
Thomas Duffy He/Him","Izzet Opus
Selesnya Landfall",Thomas Duffy won 2-0-0
Round 1,272,"Andrei M He/Him
Robert Young He/Him","Izzet Prowess
Golgari Ouroboroid",1-1-1 Draw
Round 1,273,"Tom Law He/Him
Martin Zimmermann He/Him","Selesnya Landfall
Selesnya Ouroboroid",Tom Law won 2-1-0
Round 1,274,"HowlingFjord He/Him
Juri Barkey He/Him","Golgari Demons
Izzet Spellementals",Juri Barkey won 2-1-0
Round 1,275,"Seal100 He/Him
Kowalski125 Other","Dimir Bounce
Allies",Seal100 won 2-1-0
Round 1,276,"Justien Balay
TomM27","Selesnya Ouroboroid
Dimir Midrange",Justien Balay won 2-0-0
Round 1,277,"T0bb3 He/Him
DarioCavallone","Izzet Prowess
Bant Rhythm",T0bb3 won 2-0-0
Round 1,278,"Diego Alcalde
Kamen Kamenov He/Him","Azorius
Four-Color Elementals",Kamen Kamenov won 2-1-0
Round 1,279,"Pawel Makles He/Him
Verduyn He/Him","Azorius Prison
Izzet Prowess",Pawel Makles won 2-0-0
Round 1,280,"Sam Milner He/Him
Bradley Bunce He/Him","Izzet Prowess
Azorius Prison",Bradley Bunce won 2-1-0
Round 1,281,"Louis Wilder He/Him
Luis Gobern He/Him","Izzet Prowess
Bant Rhythm",Louis Wilder won 2-1-0
Round 1,282,"Hannes Brandstetter
Marincas Victor","Selesnya Landfall
Grixis Deceit",Hannes Brandstetter won 2-0-0
Round 1,283,"Yann-Guillaume Jaccard He/Him
Bilbo_Baggins","Allies
Izzet Prowess",Yann-Guillaume Jaccard won 2-1-0
Round 1,284,"Marco Vassallo He/Him
John Kai Sang Ng He/Him","Sultai Excruciator
Dimir Excruciator",Marco Vassallo won 2-1-0
Round 1,285,"Foreverloney He/Him
Stephanos Economides He/Him","Mono-Green
Dimir Excruciator",Stephanos Economides won 2-0-0
Round 1,286,"Marie Kirkkola She/Her
Stefanos Fotiadis","Selesnya Landfall
Izzet Prowess",Marie Kirkkola won 2-0-0
Round 1,287,"Verena Maccari She/Her
Cal91 He/Him","Izzet Prowess
Dimir Deceit",Verena Maccari won 2-0-0
Round 1,288,"Pascal van Alphen
Alberto Santos","Izzet Prowess
Izzet Prowess",Alberto Santos won 2-0-0
Round 1,289,"Zues He/Him
ALANBBBK He/Him","Izzet Prowess
Sultai Changeling",ALANBBBK won 2-1-0
Round 1,290,"Stefan Schütz
Leonardo Canalejo He/Him","Bant Rhythm
Boros Dragons",Leonardo Canalejo won 2-1-0
Round 1,291,"Ashley Baden He/Him
HoneycombH She/Her","Mono-Green Landfall
Selesnya Landfall",HoneycombH won 2-0-0
Round 1,292,"Soulblighter
Miguel Magalhaes He/Him","Selesnya Ouroboroid
Selesnya Ouroboroid",Miguel Magalhaes won 2-0-0
Round 1,293,"Alexey Paulot He/Him
Rory McKay He/Him","Temur Lessons
Azorius Momo",Alexey Paulot won 2-1-0
Round 1,294,"Raynor Kuang He/Him
Stefano Spurio He/Him","Boros Dragons
Izzet Elementals",Raynor Kuang won 2-1-0
Round 1,295,"RamC1 He/Him
Martin Richardson He/Him","Izzet Lessons
Azorius Control",Martin Richardson won 2-0-0
Round 1,296,"Emil Rasmussen He/Him
Sean Goddard He/Him","Selesnya Landfall
Selesnya Ouroboroid",Sean Goddard won 2-0-0
Round 1,297,"Ghostfire17605 He/Him
AdriaGarciaSarmiento He/Him","Golgari Midrange
Azorius Prison",AdriaGarciaSarmiento won 2-0-0
Round 1,298,"André Compal
Idris Killen He/Him","Selesnya Landfall
Izzet Lessons",André Compal won 2-1-0
Round 1,299,"drakharrris He/Him
Carlos Pacheco He/Him","Izzet Lessons
W-U-B-R Control",drakharrris won 2-1-0
Round 1,300,"Craig Tanner He/Him
LuiC2 He/Him","Izzet Prowess
-",Craig Tanner won 2-1-0
Round 1,301,"Keanjoy He/Him
Overgrime He/They","Izzet Prowess
Dimir Midrange",Keanjoy won 2-0-0
Round 1,302,"André Santos
DanS106 He/Him","Selesnya Landfall
Izzet Control",André Santos won 2-0-0
Round 2,-,gabriele tribulato Ze/zir,Bant Rhythm,gabriele tribulato was assigned a bye
Round 2,1,"Nostromo He/Him
Marcio Carvalho","Izzet Prowess
Selesnya Landfall",Nostromo won 2-1-0
Round 2,2,"JamesTaylor He/Him
Jakub Janáč","Selesnya Landfall
Izzet Prowess",Jakub Janáč won 2-0-0
Round 2,3,"Charles Eliatamby He/Him
Conrad Scherb","Bant Rhythm
Jeskai Control",Charles Eliatamby won 2-1-0
Round 2,4,"Kristoffer Roland He/Him
Dan McCarthy He/Him","Gruul Leyline
Azorius Prison",Kristoffer Roland won 2-1-0
Round 2,5,"ShababC He/Him
Leaham He/Him","Simic Rhythm
Selesnya Landfall",ShababC won 2-0-0
Round 2,6,"ophoox He/Him
DarkDeno","Boros Dragons
Selesnya Landfall",DarkDeno won 2-1-0
Round 2,7,"Luke Merryweather He/Him
Patrickleydecker He/Him","Izzet Lessons
Izzet Spellementals",Luke Merryweather won 2-0-0
Round 2,8,"Philipp Schwaiger
WompRat He/Him","Abzan Bats
Boros Mobilize",Philipp Schwaiger won 2-1-0
Round 2,9,"Raynor Kuang He/Him
Gavin Thacker","Boros Dragons
Boros Dragons",Raynor Kuang won 2-0-0
Round 2,10,"Stephanos Economides He/Him
Ine Jernelv","Dimir Excruciator
Izzet Lessons",Ine Jernelv won 2-1-0
Round 2,11,"LinkangYang He/Him
Vittorio Viti","Izzet Lessons
Four-Color Control",Vittorio Viti won 2-0-0
Round 2,12,"EricZhou He/Him
Jasper Nielsen He/Him","Izzet Prowess
Izzet Spellementals",EricZhou won 2-0-0
Round 2,13,"Manuel Danninger He/Him
Draysor He/Him","Izzet Lessons
Selesnya Landfall",Draysor won 2-1-0
Round 2,14,"Andrei Nikolov
Victor Simon Wilhelm Lumholtz He/Him","Izzet Prowess
Selesnya Ouroboroid",Victor Simon Wilhelm Lumholtz won 2-0-0
Round 2,15,"Alexey Paulot He/Him
Oscar Christensen He/Him","Temur Lessons
Selesnya Ouroboroid",Oscar Christensen won 2-0-0
Round 2,16,"Enchanted He/Him
addypalooza","Temur Omniscience
Golgari Crimes",Enchanted won 2-1-0
Round 2,17,"Tien Thanh Pham He/Him
Daniel Aranyi He/Him","Azorius Prison
Izzet Spellementals",Tien Thanh Pham won 2-0-0
Round 2,18,"Andy Stephens He/Him
GliedTamas He/Him","Selesnya Landfall
Sultai Control",Andy Stephens won 2-1-0
Round 2,19,"Decio Sacco He/Him
Lubos Leskovjansky He/They","Selesnya Ouroboroid
Mono-White Momo",Decio Sacco won 2-0-0
Round 2,20,"Jadrzwi He/Him
Storm Losell He/Him","Izzet Lessons
Selesnya Landfall",Jadrzwi won 2-0-0
Round 2,21,"Pierre Liebsch He/Him
Gwen Wall She/Her","Temur Harmonizer
Azorius Prison",Pierre Liebsch won 2-1-0
Round 2,22,"kristofff He/Him
Verena Maccari She/Her","Dimir Excruciator
Izzet Prowess",Verena Maccari won 2-1-0
Round 2,23,"Vincent Pernel He/Him
Sören Liesener He/Him","Dimir Artifacts
Selesnya Ouroboroid",Sören Liesener won 2-0-0
Round 2,24,"oDwin He/Him
manyrollies","Orzhov Momo
Izzet Spellementals",oDwin won 2-0-0
Round 2,25,"Dorian Wiese He/Him
Chris Grenville He/Him","Golgari Midrange
Izzet Prowess",Dorian Wiese won 2-0-0
Round 2,26,"Manuel Nowak He/Him
Titouan LE BERRE He/Him","Selesnya Rhythm
Izzet Prowess",Titouan LE BERRE won 2-0-0
Round 2,27,"Alvaro Fernandez Torres He/Him
Theodor eliassen He/Him","Izzet Prowess
Izzet Lessons",Alvaro Fernandez Torres won 2-0-0
Round 2,28,"vixmac22 She/Her
Louis Wilder He/Him","Izzet Spellementals
Izzet Prowess",Louis Wilder won 2-0-0
Round 2,29,"AlexMacIsaac He/Him
Tom Law He/Him","Izzet Prowess
Selesnya Landfall",AlexMacIsaac won 2-1-0
Round 2,30,"André Santos
milesofford He/Him","Selesnya Landfall
Sultai Reanimator",milesofford won 2-1-0
Round 2,31,"Arwad He/Him
Douglas Penman He/Him","Dimir Midrange
Selesnya Ouroboroid",Arwad won 2-1-0
Round 2,32,"Jan Pruchniewicz He/Him
Kjetil Wevling He/Him","Simic Omniscience
Izzet Spellementals",Jan Pruchniewicz won 2-1-0
Round 2,33,"Pebus101 He/Him
Gonaclo Magalhães Diogo He/Him","Bant Rhythm
Izzet Prowess",Gonaclo Magalhães Diogo won 2-1-0
Round 2,34,"Tommi Erola He/Him
Pawel Makles He/Him","Mono-Green Landfall
Azorius Prison",Tommi Erola won 2-1-0
Round 2,35,"Yann-Guillaume Jaccard He/Him
Francisco Sanchez","Allies
Izzet Prowess",Yann-Guillaume Jaccard won 2-1-0
Round 2,36,"Geko
felipins He/Him","Izzet Aggro
Dimir Excruciator",felipins won 2-0-0
Round 2,37,"Charles Rivet He/Him
Jacob1200 He/Him","Izzet Prowess
Azorius Otters",Charles Rivet won 2-1-0
Round 2,38,"shaneoc He/Him
Craig Tanner He/Him","Izzet Prowess
Izzet Prowess",Craig Tanner won 2-0-0
Round 2,39,"Horia Vernescu He/Him
ALANBBBK He/Him","Selesnya Ouroboroid
Sultai Changeling",Horia Vernescu won 2-0-0
Round 2,40,"Kun150 He/Him
Gary Smith He/Him","Dimir Excruciator
Jeskai Control",Gary Smith won 2-1-0
Round 2,41,"HarW7
Klaus_Mikaelson He/Him","Four-Color Control
Four-Color Control",Klaus_Mikaelson won 2-0-0
Round 2,42,"pileshuffle
Pedro Magalhães He/Him","Four-Color Elementals
Boros Dragons",Pedro Magalhães won 2-1-0
Round 2,43,"ADSandslash He/They
swxgv He/Him","Azorius Artifacts
Izzet Prowess",swxgv won 2-1-0
Round 2,44,"Thomas Walder
Gerardo D'Elia He/Him","Mardu Artifacts
Jeskai Control",Gerardo D'Elia won 2-0-0
Round 2,45,"JackTheJester He/Him
Sergio Seoane He/Him","Four-Color Control
Selesnya Landfall",JackTheJester won 2-1-0
Round 2,46,"Tim Paplewski He/Him
Morgan Lebrument He/Him","Dimir Excruciator
Izzet Prowess",1-1-0 Draw
Round 2,47,"Andrew Fiedler He/Him
Justien Balay","Dimir Excruciator
Selesnya Ouroboroid",Andrew Fiedler won 2-1-0
Round 2,48,"Juan Godoy He/Him
Dan Robinson","Four-Color Elementals
Boros Dragons",Juan Godoy won 2-0-0
Round 2,49,"Sebastian Sachse
Edward Cushion He/Him","Temur Harmonizer
Izzet Lessons",Edward Cushion won 2-1-0
Round 2,50,"Maxime Desiront He/Him
SrKaronte He/Him","Sultai Reanimator
Azorius Artifacts",Maxime Desiront won 2-0-0
Round 2,51,"BenR4
Ignacio Garcia He/Him","Jeskai Control
Azorius Momo",Ignacio Garcia won 2-1-0
Round 2,52,"Zijun Wang He/Him
Callum Bousfield","Temur Harmonizer
Izzet Prowess",Callum Bousfield won 2-0-0
Round 2,53,"Christian Mayr He/Him
Jonas_Erbe","Four-Color Elementals
Simic Rhythm",Christian Mayr won 2-0-0
Round 2,54,"AgentEdward
spikesmaster He/Him","Izzet Prowess
Selesnya Ouroboroid",spikesmaster won 2-0-0
Round 2,55,"Noah Bacine He/Him
Aidan Currah","Jeskai Control
Selesnya Landfall",Noah Bacine won 2-1-0
Round 2,56,"drakharrris He/Him
George Berrett He/Him","Izzet Lessons
Dimir Excruciator",drakharrris won 2-0-0
Round 2,57,"Jonny Gu He/Him
Alex Campbell","Izzet Spellementals
Jeskai Control",Alex Campbell won 2-0-0
Round 2,58,"Edgar Baumler He/Him
Michael Baalham","Bant Rhythm
Selesnya Landfall",Michael Baalham won 2-0-0
Round 2,59,"Nabil
Keanjoy He/Him","Izzet Prowess
Izzet Prowess",Nabil won 2-1-0
Round 2,60,"Filipe Gusmão He/Him
Nate314 He/Him","Golgari Demons
Mono-White Momo",Filipe Gusmão won 2-0-0
Round 2,61,"Lucas Hyttel He/Him
GiorgioCanezin He/Him","Mono-Green Landfall
Azorius Prison",Lucas Hyttel won 2-1-0
Round 2,62,"Nomae He/Him
Stefan Kramm","Selesnya Ouroboroid
Boros Dragons",Stefan Kramm won 2-1-0
Round 2,63,"SquirrelSovereign
Ethanv83 He/Him","Izzet Prowess
Selesnya Landfall",Ethanv83 won 2-0-0
Round 2,64,"RobinVahland He/Him
Yanatoy","Songcrafter Control
Izzet Opus",Yanatoy won 2-0-0
Round 2,65,"Michael Boardman He/Him
Martin Richardson He/Him","Mono-Red Aggro
Azorius Control",Michael Boardman won 2-0-0
Round 2,66,"Pirrakos He/Him
Maciej Barwik He/Him","Dimir Excruciator
Izzet Prowess",Pirrakos won 2-1-0
Round 2,67,"Sean Goddard He/Him
DanoClark","Selesnya Ouroboroid
Four-Color Control",DanoClark won 2-1-0
Round 2,68,"MY13Dragonfly They/Them
wailingpath He/Him","Bant Rhythm
Orzhov Lifegain",wailingpath won 2-0-0
Round 2,69,"JackNewell He/Him
ZakP He/Him","Boros Discard
Mono-Green Landfall",ZakP won 2-0-0
Round 2,70,"Liam Tiller-Collins He/Him
Alex Göbel He/Him","Selesnya Ouroboroid
Dimir Midrange",Liam Tiller-Collins won 2-0-0
Round 2,71,"superaggo He/Him
Alex Hillier He/Him","Four-Color Elementals
Four-Color Elementals",1-1-0 Draw
Round 2,72,"Jamie Walsh He/Him
André Compal","Four-Color Control
Selesnya Landfall",Jamie Walsh won 2-1-0
Round 2,73,"Picomtg
Alex Winter","Bant Rhythm
Boros Mobilize",Picomtg won 2-0-0
Round 2,74,"Jorge Muniz
fabse He/Him","Dimir Excruciator
Izzet Prowess",fabse won 2-0-0
Round 2,75,"Valentin Orru He/Him
Crowtaur She/Her","Izzet Prowess
Izzet Prowess",Valentin Orru won 2-0-0
Round 2,76,"Kristoffer Payumo He/Him
David Dunitza He/Him","Four-Color Elementals
Izzet Spellementals",David Dunitza won 2-1-0
Round 2,77,"Pier Paolo Moro They/Them
SimD22","Izzet Prowess
Jeskai Control",Pier Paolo Moro won 2-1-0
Round 2,78,"Fabian Klein
Gargaroth He/Him","Dimir Excruciator
Simic Ouroboroid",Gargaroth won 2-1-0
Round 2,79,"Ben Jones
StrongEUW He/Him","-
-",Ben Jones won 2-1-0
Round 2,80,"M0J0 He/Him
Zaraffyro","Dimir Midrange
Izzet Prowess",1-1-0 Draw
Round 2,81,"Chris Mander He/Him
Lewis Foster He/Him","Izzet Prowess
Selesnya Landfall",Chris Mander won 2-0-0
Round 2,82,"Jake Swales He/They
Martin Forrester He/They","Izzet Lessons
Sultai Reanimator",Jake Swales won 2-1-0
Round 2,83,"Brad Barclay He/Him
Callum Laird He/Him","Four-Color Control
Izzet Prowess",Callum Laird won 2-1-0
Round 2,84,"karim mzoughi
Petr96 He/Him","Grixis Lizards
Four-Color Control",karim mzoughi won 2-0-0
Round 2,85,"Unkillable13 He/Him
Neil Deacon He/Him","Izzet Prowess
Izzet Prowess",Neil Deacon won 2-0-0
Round 2,86,"Sytse He/Him
Guliver He/Him","Sultai Control
Selesnya Landfall",Guliver won 2-0-0
Round 2,87,"Vincent Reiter He/Him
ClaudioBisioo","Izzet Prowess
Four-Color Control",ClaudioBisioo won 2-1-0
Round 2,88,"Coulsy He/Him
jamestimms He/They","Azorius Artifacts
Azorius Prison",Coulsy won 2-0-0
Round 2,89,"Lucca LiPuma
Antoine Bernier He/Him","Izzet Prowess
Izzet Lessons",Lucca LiPuma won 2-0-0
Round 2,90,"Nick Arnold He/Him
Mattia Colombo He/Him","Dimir Excruciator
Dimir Control",1-1-0 Draw
Round 2,91,"Bolutin He/They
StannersPOTUS","Dimir Midrange
Mardu Discard",StannersPOTUS won 2-1-0
Round 2,92,"Cantthinkofanything
Zurgo128","Mono-Green Landfall
Izzet Lessons",Cantthinkofanything won 2-1-0
Round 2,93,"Francesco Alacca He/Him
Bratwurst","Izzet Lessons
Selesnya Landfall",Francesco Alacca won 2-0-0
Round 2,94,"Matthieu Tassa He/Him
George Worsnop He/Him","Izzet Prowess
Izzet Prowess",George Worsnop won 2-0-0
Round 2,95,"TheRiedl He/Him
Léo Thiémard He/Him","Izzet Lessons
Bant Rhythm",TheRiedl won 2-1-0
Round 2,96,"Jonatan Svendsen He/Him
Marie Kirkkola She/Her","Selesnya Landfall
Selesnya Landfall",1-1-0 Draw
Round 2,97,"Inherentmac He/Him
Sandiagos He/Him","Grixis Discard
Abzan Lifegain",Inherentmac won 2-1-0
Round 2,98,"Leonardo Canalejo He/Him
Dan Rose","Boros Dragons
Izzet Lessons",Dan Rose won 2-0-0
Round 2,99,"TomaszDudziec He/Him
George Stuart He/Him","Izzet Prowess
Izzet Spellementals",TomaszDudziec won 2-1-0
Round 2,100,"Marco Oliveto He/Him
Elevenzees He/Him","Golgari Rhythm
Izzet Lessons",Marco Oliveto won 2-1-0
Round 2,101,"Graveturner He/Him
Skite He/They","Izzet Lessons
Selesnya Landfall",Skite won 2-1-0
Round 2,102,"T0bb3 He/Him
Ben Seck He/Him","Izzet Prowess
Bant Rhythm",Ben Seck won 2-0-0
Round 2,103,"Rasmus Nilsson He/Him
Tobia Daniele Nappi He/Him","Selesnya Landfall
Four-Color Control",Tobia Daniele Nappi won 2-1-0
Round 2,104,"Julian Lamprecht He/Him
Aeryn McCann She/They","Selesnya Landfall
Izzet Lessons",Julian Lamprecht won 2-0-0
Round 2,105,"EricNewton He/Him
Josef Zivec He/Him","Jeskai Control
Bant Rhythm",EricNewton won 2-0-0
Round 2,106,"HoneycombH She/Her
gwendalvador He/Him","Selesnya Landfall
Selesnya Landfall",gwendalvador won 2-0-0
Round 2,107,"Jonathan Lee
AnilDG He/Him","Izzet Lessons
Azorius Prison",AnilDG won 2-0-0
Round 2,108,"Landstar He/They
Andrew Berry","Selesnya Ouroboroid
Izzet Spellementals",Andrew Berry won 2-0-0
Round 2,109,"HarryHollingworth He/They
Josh Corless He/Him","Bant Rhythm
Izzet Spellementals",Josh Corless won 2-0-0
Round 2,110,"Thomas Duffy He/Him
Etienne Foare He/Him","Selesnya Landfall
Izzet Lessons",Etienne Foare won 2-1-0
Round 2,111,"Seal100 He/Him
Geri925 He/Him","Dimir Bounce
Selesnya Rhythm",Geri925 won 2-0-0
Round 2,112,"Andrew Stevenson He/Him
Yat Ka Leung He/Him","Jeskai Control
Izzet Prowess",Yat Ka Leung won 2-1-0
Round 2,113,"Björn Kimminich He/Him
ANNAVALILA He/Him","Izzet Prowess
Izzet Prowess",Björn Kimminich won 2-0-0
Round 2,114,"Daniel Bjerkan He/Him
Marco Capitanio","Selesnya Landfall
Izzet Lessons",Marco Capitanio won 2-0-0
Round 2,115,"AdamPC He/Him
Philippe Wirz He/Him","Izzet Prowess
Azorius Prison",Philippe Wirz won 2-0-0
Round 2,116,"Nick Rogiers He/Him
Kamen Kamenov He/Him","Dimir Excruciator
Four-Color Elementals",Kamen Kamenov won 2-1-0
Round 2,117,"Charlie Kennett He/Him
Jari Rentsch He/Him","Dimir Excruciator
Izzet Prowess",Charlie Kennett won 2-0-0
Round 2,118,"Léo Guimard He/Him
Stanislau Zubovich He/Him","Selesnya Landfall
Izzet Prowess",Stanislau Zubovich won 2-0-0
Round 2,119,"Mae French She/Her
Pedro Lemos He/Him","Izzet Lessons
Selesnya Ouroboroid",Pedro Lemos won 2-1-0
Round 2,120,"Koen de Vos
Gianluca Boaretto He/Him","Azorius Momo
Izzet Spellementals",Koen de Vos won 2-0-0
Round 2,121,"AdriaGarciaSarmiento He/Him
Harry Burke He/Him","Azorius Prison
Azorius Momo",Harry Burke won 2-1-0
Round 2,122,"djsuk She/Her
Miguel Magalhaes He/Him","Orzhov Lifegain
Selesnya Ouroboroid",djsuk won 2-0-0
Round 2,123,"Francesco Vitiello He/Him
Narzyss","Selesnya Landfall
Azorius Prison",Narzyss won 2-1-0
Round 2,124,"Rookiemookie He/Him
Robert Bailey He/Him","Jeskai Control
Izzet Prowess",Rookiemookie won 2-1-0
Round 2,125,"Phillip Scutter-Cairns He/Him
pizzangry He/Him","Jeskai Control
Izzet Prowess",pizzangry won 2-1-0
Round 2,126,"Masaya_Hoshino He/Him
NicolasM He/Him","Izzet Prowess
Four-Color Control",Masaya_Hoshino won 2-0-0
Round 2,127,"Nathan Goldberg He/Him
Goblingrenade He/Him","Selesnya Rhythm
Azorius Momo",Nathan Goldberg won 2-1-0
Round 2,128,"Juri Barkey He/Him
Philip White He/They","Izzet Spellementals
Izzet Prowess",Philip White won 2-0-0
Round 2,129,"Mehdi Khelfa He/Him
Piotr Głogowski He/Him","Izzet Prowess
Izzet Lessons",Piotr Głogowski won 2-1-0
Round 2,130,"Julian Riedener He/Him
Christian Rothen He/Him","Bant Rhythm
Jeskai Control",Christian Rothen won 2-0-0
Round 2,131,"Martin Ramos He/Him
AlexRoebuck He/Him","Mono-White Momo
Izzet Prowess",Martin Ramos won 2-0-0
Round 2,132,"Hannes Brandstetter
Dotraki","Selesnya Landfall
Izzet Prowess",Dotraki won 2-0-0
Round 2,133,"Marco Vassallo He/Him
Dominic Ulke He/Him","Sultai Excruciator
Izzet Prowess",Dominic Ulke won 2-1-0
Round 2,134,"Cartheron Other
jundazhang He/Him","Mono-Black Demons
Izzet Prowess",jundazhang won 2-1-0
Round 2,135,"EvanColly He/Him
Daniel Lewis He/Him","Izzet Prowess
Four-Color Control",EvanColly won 2-1-0
Round 2,136,"Peppo0212 They/Them
Gustavo Colon He/Him","Izzet Lessons
Four-Color Control",1-1-0 Draw
Round 2,137,"Cristian Jimenez He/Him
Daniel Lind He/Him","Four-Color Control
Selesnya Landfall",Daniel Lind won 2-0-0
Round 2,138,"alexwalton64 He/Him
filpin He/Him","Izzet Spellementals
Selesnya Ouroboroid",filpin won 2-0-0
Round 2,139,"Dylan Coates He/Him
Jamie Popay He/Him","Izzet Lessons
Golgari Midrange",Jamie Popay won 2-1-0
Round 2,140,"Zak Cowen
Matt MT He/Him","Izzet Prowess
Sultai Reanimator",Zak Cowen won 2-0-0
Round 2,141,"Alice Casey She/Her
Cwlvyn He/Him","Izzet Spellementals
Selesnya Landfall",Alice Casey won 2-1-0
Round 2,142,"Leif Schöniger He/Him
Marian Bunganic He/Him","Selesnya Landfall
Izzet Lessons",Marian Bunganic won 2-1-0
Round 2,143,"Nicholas Brown
Kyle Brennan He/Him","Selesnya Landfall
Azorius Prison",Nicholas Brown won 2-1-0
Round 2,144,"Mathew Mitchell He/Him
Francesco Ghelli He/Him","Jeskai Control
Selesnya Ouroboroid",Mathew Mitchell won 2-0-0
Round 2,145,"Jammyf99 He/Him
Nathan McDowell He/Him","Sultai Reanimator
Izzet Prowess",Nathan McDowell won 2-0-0
Round 2,146,"Russell Seeley He/Him
GiuseppeG He/Him","Golgari Midrange
Selesnya Landfall",GiuseppeG won 2-0-0
Round 2,147,"Bradley Bunce He/Him
ItMakesSens He/Him","Azorius Prison
Selesnya Landfall",1-1-1 Draw
Round 2,148,"christian gullberg He/Him
Victor Manuel Graveto","Izzet Spellementals
Azorius Prison",christian gullberg won 2-1-0
Round 2,149,"woebringer He/Him
L-E-D He/They","Izzet Prowess
Mono-White Momo",woebringer won 2-1-0
Round 2,150,"Noah Anderson Weiskircher They/Them
Jason Handy He/Him","Izzet Lessons
Dimir Deceit",Noah Anderson Weiskircher won 2-1-0
Round 2,151,"Robert Young He/Him
Salvatore Cardali","Golgari Ouroboroid
Azorius Prison",Robert Young won 2-0-0
Round 2,152,"Tolga Sertbas
AARB12 He/Him","Mono-Red Aggro
Azorius Prison",AARB12 won 2-0-0
Round 2,153,"ClementLumeau He/They
Misty Manek She/Her","Izzet Prowess
Azorius Prison",1-1-0 Draw
Round 2,154,"Alexander Gordon-Brown He/Him
Drew Martin He/Him","Sultai Control
Izzet Prowess",Alexander Gordon-Brown won 2-1-0
Round 2,155,"Andrei M He/Him
Carlos Pacheco He/Him","Izzet Prowess
Four-Color Control",Andrei M won 2-1-0
Round 2,156,"Christian Richard He/Him
RomainAlexandre He/Him","Temur Harmonizer
Izzet Spellementals",Christian Richard won 2-1-0
Round 2,157,"Siamon He/Him
Jay_Flimmzky He/Him","Selesnya Ouroboroid
Dimir Mill",Siamon won 2-0-0
Round 2,158,"Will Berrington He/Him
SayNuthinTillYaSeeClaude He/Him","Mono-Green Landfall
Jeskai Control",Will Berrington won 2-1-0
Round 2,159,"JoaoM He/Him
Nigel Stikker He/Him","Izzet Prowess
Izzet Spellementals",JoaoM won 2-1-0
Round 2,160,"Riccardo Bragato He/Him
ucoconut871 Other","Selesnya Rhythm
Izzet Prowess",ucoconut871 won 2-1-0
Round 2,161,"Lilian Lescure He/Him
guislaindumont","Dimir Excruciator
Azorius Prison",guislaindumont won 2-0-0
Round 2,162,"CelestinBARRE He/Him
Krzysztof Drzewiecki He/Him","Golgari Skeletons
Azorius Repartee",CelestinBARRE won 2-1-0
Round 2,163,"StuBoi3
Robin Clark She/Her","Dimir Midrange
Sultai Reanimator",StuBoi3 won 2-0-0
Round 2,164,"louisfrith He/Him
Careknight He/Him","Azorius Prison
Azorius Prison",louisfrith won 2-0-0
Round 2,165,"Maciej Olczak He/Him
Lee Medhurst He/Him","Selesnya Landfall
Grixis Elementals",Maciej Olczak won 2-0-0
Round 2,166,"Emilio Morabito
Stefano Spurio He/Him","Izzet Prowess
Four-Color Elementals",Emilio Morabito won 2-1-0
Round 2,167,"Tan-Tai Nguyen He/Him
Lena Marchant She/Her","Four-Color Control
Izzet Lessons",Lena Marchant won 2-0-0
Round 2,168,"Christian Smith He/Him
EdGlease He/Him","Azorius Prison
Izzet Spellementals",Christian Smith won 2-0-0
Round 2,169,"Orry He/Him
bugthefriend She/Her","Izzet Spellementals
Dimir Midrange",Orry won 2-0-0
Round 2,170,"Krister Karlsen He/Him
Ozan Sevsevil He/Him","Bant Rhythm
Jeskai Control",Ozan Sevsevil won 2-1-0
Round 2,171,"jwhiley93 He/Him
Barnaby Mannox","Orzhov Sacrifice
Dimir Excruciator",jwhiley93 won 2-1-0
Round 2,172,"Tadhg Murphy
MickMadsen He/Him","Izzet Prowess
Izzet Spellementals",Tadhg Murphy won 2-1-0
Round 2,173,"Max Blümel He/Him
Marco Vay He/Him","Izzet Prowess
Dimir Excruciator",Marco Vay won 2-1-0
Round 2,174,"Dafta He/Him
Alexander Stehno","Mono-Green Landfall
Jeskai Control",Alexander Stehno won 2-0-0
Round 2,175,"Jonah Strommenger He/Him
Andrew Smith He/Him","Izzet Prowess
Mono-Green Landfall",Jonah Strommenger won 2-1-0
Round 2,176,"Sandro1811 He/Him
Mikki Klokkedal He/Him","Dimir Bounce
Selesnya Landfall",Sandro1811 won 2-1-0
Round 2,177,"Tim Priwe He/Him
Simon Leigh","Izzet Prowess
Izzet Spellementals",Tim Priwe won 2-0-0
Round 2,178,"art3mique
Oliver Frith He/Him","Izzet Lessons
Simic Omniscience",art3mique won 2-0-0
Round 2,179,"Jacopo Bartollini He/Him
Vincenzo Manzari She/Her","-
-",Jacopo Bartollini won 2-1-0
Round 2,180,"Daniele Vinciguerra He/Him
Dom He/Him","Dimir Excruciator
Azorius Momo",Daniele Vinciguerra won 2-0-0
Round 2,181,"Daniel Johnson He/Him
Yiannis Kyriazis","Azorius Prison
Four-Color Control",Yiannis Kyriazis won 2-0-0
Round 2,182,"197564 He/Him
tip He/Him","Azorius Prison
Selesnya Ouroboroid",1-1-0 Draw
Round 2,183,"DomS17 He/Him
RyaS","Izzet Prowess
Naya Yuna",RyaS won 2-1-0
Round 2,184,"Kieran Malloy He/Him
Ashley Baden He/Him","Izzet Prowess
Mono-Green Landfall",Ashley Baden won 2-0-0
Round 2,185,"Stefan Schütz
Xcunonophus He/They","Bant Rhythm
Azorius Artifacts",Stefan Schütz won 2-1-0
Round 2,186,"Metadontmatter He/Him
Tomáš Krupička He/Him","Jeskai Control
Selesnya Landfall",Tomáš Krupička won 2-0-0
Round 2,187,"Jędrek Szmyd He/Him
AlexG1995 He/Him","Izzet Lessons
Mono-Green Landfall",Jędrek Szmyd won 2-0-0
Round 2,188,"FerruccioMicheli He/Him
Gwendolyn Noble She/Her","Selesnya Landfall
Bant Rhythm",Gwendolyn Noble won 2-1-0
Round 2,189,"Alexander Mehta He/Him
Luca Fessia He/Him","Izzet Prowess
Selesnya Landfall",Alexander Mehta won 2-0-0
Round 2,190,"Max Staas He/Him
Alvaro Nicosia He/Him","Dimir Excruciator
Izzet Prowess",Alvaro Nicosia won 2-0-0
Round 2,191,"John Kai Sang Ng He/Him
Rory McKay He/Him","Dimir Excruciator
Azorius Momo",Rory McKay won 2-1-0
Round 2,192,"NilHomar
Jakub Pardubsky He/Him","Golgari Midrange
Bant Rhythm",Jakub Pardubsky won 2-1-0
Round 2,193,"Branoc Richards He/Him
Sindre Mortensen","Izzet Prowess
Selesnya Rhythm",Sindre Mortensen won 2-1-0
Round 2,194,"mundisv He/Him
Cal91 He/Him","Izzet Prowess
Dimir Deceit",mundisv won 2-0-0
Round 2,195,"Patrick Burchert He/Him
Ghostfire17605 He/Him","Azorius Prison
Golgari Midrange",Patrick Burchert won 2-0-0
Round 2,196,"Overgrime He/They
MikeRoss He/They","Dimir Midrange
Izzet Lessons",MikeRoss won 2-0-0
Round 2,197,"MasterDPW
James Ball He/Him","Four-Color Control
Izzet Prowess",James Ball won 2-0-0
Round 2,198,"Yannick29000 He/Him
Ondrej Strasky He/Him","Izzet Prowess
Izzet Lessons",Ondrej Strasky won 2-0-0
Round 2,199,"Stefano Belloni He/Him
KnuxIBF He/Him","Izzet Prowess
Five-Color Control",KnuxIBF won 2-1-0
Round 2,200,"Sillylio He/Him
CraigLong He/Him","Temur Stormsplitter
Dimir Excruciator",CraigLong won 2-1-0
Round 2,201,"Dawid Florczyk
Louis-Samuel Deltour","Izzet Lessons
Izzet Prowess",Dawid Florczyk won 2-0-0
Round 2,202,"ollei He/Him
Lukas Paugsch","Izzet Prowess
Dimir Excruciator",Lukas Paugsch won 2-1-0
Round 2,203,"Brady Crooks He/Him
Andrea Piemonti He/Him","Izzet Lessons
Izzet Lessons",Brady Crooks won 2-0-0
Round 2,204,"Soulblighter
IanB3 He/Him","Selesnya Ouroboroid
Izzet Spellementals",IanB3 won 2-1-0
Round 2,205,"DThomps He/Him
Duskfire He/Him","Izzet Prowess
Selesnya Landfall",DThomps won 2-0-0
Round 2,206,"seany He/Him
Nuno Duarte","Izzet Lessons
Dimir Deceit",seany won 2-0-0
Round 2,207,"Jacob Vogts He/Him
Hal8999 He/Him","Izzet Lessons
Izzet Lessons",Hal8999 won 2-0-0
Round 2,208,"Harry_Ersky He/Him
Kevin Broløs He/Him","Izzet Lessons
Izzet Prowess",Harry_Ersky won 2-0-0
Round 2,209,"Coachjennsen23 He/Him
HarryPendall","Boros Dragons
Izzet Lessons",HarryPendall won 2-0-0
Round 2,210,"Cedric Gäde
MangoMango She/Her","Azorius Prison
Jeskai Control",MangoMango won 2-0-0
Round 2,211,"AndrewHM He/They
Mangara He/Him","Azorius Control
Azorius Prison",AndrewHM won 2-0-0
Round 2,212,"Adam Davis He/Him
Rakhi09 She/They","Izzet Lessons
Izzet Prowess",Rakhi09 won 2-1-0
Round 2,213,"Emil Rasmussen He/Him
Grimbakor He/They","Selesnya Landfall
Dimir Monument",Grimbakor won 2-1-0
Round 2,214,"Fraser Dallachy He/Him
Max Spencer He/Him","Abzan Cosmogoyf
Golgari Changelings",Max Spencer won 2-0-0
Round 2,215,"David Woodland He/Him
Gabriele1991 He/Him","Izzet Spellementals
Selesnya Landfall",Gabriele1991 won 2-1-0
Round 2,216,"Matteo Silvestri He/Him
Félix Maurin He/Him","Four-Color Elementals
Orzhov Momo",Félix Maurin won 2-1-0
Round 2,217,"Roberto Fabiani
KeesvanMontfoort","Grixis Deceit
Izzet Prowess",KeesvanMontfoort won 2-1-0
Round 2,218,"StephenSodusta He/Him
Martin Zimmermann He/Him","Temur Ferocious
Selesnya Ouroboroid",StephenSodusta won 2-1-0
Round 2,219,"ReiLiv She/They
pamkung She/Her","Izzet Prowess
Bant Rhythm",pamkung won 2-1-0
Round 2,220,"Elia Libralato He/Him
Idris Killen He/Him","Bant Rhythm
Izzet Lessons",Idris Killen won 2-1-0
Round 2,221,"Pascal van Alphen
Enrico Libralato He/Him","Izzet Prowess
Azorius Prison",Enrico Libralato won 2-0-0
Round 2,222,"soufian hriz He/Him
MaruMtg He/Him","Izzet Spellementals
Izzet Prowess",soufian hriz won 2-0-0
Round 2,223,"Hans Ludvig Skovli He/Him
Stefanos Fotiadis","Izzet Prowess
Izzet Prowess",Stefanos Fotiadis won 2-0-0
Round 2,224,"Cosmin Achim He/Him
iamkrazy1 He/Him","Mardu Demons
Izzet Prowess",Cosmin Achim won 2-0-0
Round 2,225,"Adam Jansson He/Him
treefr0gg","Izzet Prowess
Mono-Green Landfall",Adam Jansson won 2-1-0
Round 2,226,"Aras Şenyüz He/Him
Jack Young He/Him","Izzet Prowess
Izzet Spellementals",Jack Young won 2-1-0
Round 2,227,"Ode2TheMets He/Him
Juan Manuel Lorenzi He/Him","Mono-Green Landfall
Selesnya Landfall",Juan Manuel Lorenzi won 2-0-0
Round 2,228,"Marincas Victor
Nicolas Prail He/Him","Grixis Deceit
Izzet Prowess",Nicolas Prail won 2-1-0
Round 2,229,"ShaC28
Verduyn He/Him","Mardu Gambit
Izzet Prowess",Verduyn won 2-1-0
Round 2,230,"Michael Rutter He/Him
Magnus Jørgensen He/Him","Izzet Spellementals
Izzet Prowess",Magnus Jørgensen won 2-0-0
Round 2,231,"Gonçalo Paneiro He/Him
James Jenkins He/Him","Izzet Prowess
Izzet Prowess",James Jenkins won 2-0-0
Round 2,232,"CalMc
Calum Gittins He/Him","Izzet Lessons
Izzet Prowess",Calum Gittins won 2-0-0
Round 2,233,"Alex Day
RoreosaRory He/Him","Jund Leyline
Four-Color Elementals",RoreosaRory won 2-1-0
Round 2,234,"Jonny 🐘 Edmondson He/Him
Pär Jones He/Him","Izzet Prowess
Golgari Midrange",Pär Jones won 2-0-0
Round 2,235,"Filip Tetera He/Him
plantgirl She/Her","Bant Rhythm
Mono-Blue Spellementals",Filip Tetera won 2-0-0
Round 2,236,"EriS28 He/Him
Sam Milner He/Him","Izzet Prowess
Izzet Prowess",EriS28 won 2-0-0
Round 2,237,"Lucas Jensen He/They
tsz shing so He/Him","Jeskai Control
Mono-Red Aggro",tsz shing so won 2-1-0
Round 2,238,"Teemu Alanko He/Him
rtsolo She/They","Mono-White Momo
Mardu Mobilize",Teemu Alanko won 2-0-0
Round 2,239,"Kewin Lozicki He/Him
Olivier Geffroy He/Him","Azorius Momo
Izzet Prowess",Kewin Lozicki won 2-0-0
Round 2,240,"MatthewKubisa He/Him
Robert Wiseman","Mono-Red Firebending
Izzet Prowess",Robert Wiseman won 2-1-0
Round 2,241,"williametchells He/Him
THErev23 He/Him","Naya Legends
Azorius Momo",THErev23 won 2-0-0
Round 2,242,"Xifan He/Him
Jacob Hauch","Izzet Prowess
Azorius Prison",Xifan won 2-1-0
Round 2,243,"Bilbo_Baggins
Foreverloney He/Him","Izzet Prowess
Mono-Green Landfall",Bilbo_Baggins won 2-0-0
Round 2,244,"Giuseppe Miele He/Him
RyanNorthcott He/Him","Izzet Lessons
Boros Momo",RyanNorthcott won 2-1-0
Round 2,245,"Olphod He/Him
HowlingFjord He/Him","Mardu Discard
Golgari Demons",Olphod won 2-1-0
Round 2,246,"WillKillsTime He/Him
CJ Vice He/Him","Izzet Prowess
Esper Oculus",CJ Vice won 2-0-0
Round 2,247,"Aaron Tavaler He/Him
Kim Homsma He/Him","Izzet Prowess
Selesnya Landfall",Kim Homsma won 2-1-0
Round 2,248,"TomM27
Fabien Li He/Him","Dimir Midrange
Boros Mobilize",Fabien Li won 2-0-0
Round 2,249,"AustinMi He/They
DanS106 He/Him","Izzet Prowess
Izzet Spellementals",DanS106 won 2-0-0
Round 2,250,"Jacob Borrowdale He/Him
Paul Farnsworth","Izzet Prowess
Dimir Excruciator",Paul Farnsworth won 2-0-0
Round 2,251,"Barry Horwood He/Him
Hiltinchest He/They","Azorius Pixie
Izzet Prowess",Hiltinchest won 2-1-0
Round 2,252,"Corrlight He/Him
jlc93 He/Him","Azorius Prison
Selesnya Rabbits",jlc93 won 2-1-0
Round 2,253,"oldemodave He/Him
Luka Fuchs","Dimir Deceit
Mono-Blue Tempo",oldemodave won 2-0-0
Round 2,254,"Tifenn Samyn She/Her
Giulio Tommaso Gomitoni","Izzet Spellementals
Izzet Lessons",Tifenn Samyn won 2-1-0
Round 2,255,"Dominic White He/Him
Syyslehti He/Him","Dimir Deceit
Izzet Spellementals",Dominic White won 2-0-0
Round 2,256,"wuxxd He/Him
Andreas Foreman Jensen He/Him","Mono-Green Landfall
Selesnya Ouroboroid",Andreas Foreman Jensen won 2-0-0
Round 2,257,"Fabian Jonckeer He/Him
Truls Mathisen He/Him","Mono-Green Landfall
Mono-Blue Spellementals",Fabian Jonckeer won 2-0-0
Round 2,258,"Angra He/Him
ViolentRich He/Him","Mono-White Enchantments
Izzet Prowess",ViolentRich won 2-0-0
Round 2,259,"no_justice_mtg She/Her
Mattia_Pantiri He/Him","Four-Color Control
Izzet Opus",no_justice_mtg won 2-1-0
Round 2,260,"SkottCooper He/Him
Thraxi He/Him","Azorius Prison
Mono-Green Landfall",Thraxi won 2-0-0
Round 2,261,"DavidGrant
TomR","Selesnya Ouroboroid
Izzet Prowess",DavidGrant won 2-0-0
Round 2,262,"Francesco Latorre He/Him
Dan Stokes He/Him","Izzet Prowess
Four-Color Control",Francesco Latorre won 2-0-0
Round 2,263,"Shadow_helm He/Him
Alexandre Furstenberger He/Him","Azorius Artifacts
Bant Rhythm",Shadow_helm won 2-1-0
Round 2,264,"Vince Geluk He/Him
Alexander Maier He/Him","Jeskai Control
Izzet Lessons",Vince Geluk won 2-0-0
Round 2,265,"enraeh He/Him
DoubleDavey He/Him","Sultai Excruciator
Selesnya Landfall",enraeh won 2-1-0
Round 2,266,"Emelia St John She/They
AndyHenwood","Izzet Spellementals
Mono-Green Landfall",AndyHenwood won 2-1-0
Round 2,267,"Mirand Shtërbani He/Him
LuigiC He/Him","Four-Color Control
Golgari Demons",Mirand Shtërbani won 2-1-0
Round 2,268,"Jack Goldsworthy He/Him
Splitseven He/Him","Izzet Prowess
Izzet Lessons",Jack Goldsworthy won 2-1-0
Round 2,269,"RamC1 He/Him
Mikkel Vestergaard He/Him","Izzet Lessons
Four-Color Control",Mikkel Vestergaard won 2-0-0
Round 2,270,"Diego Alcalde
jruxc","Azorius Prison
Dimir Excruciator",Diego Alcalde won 2-1-0
Round 2,271,"Wojciech Kowalczuk He/Him
Kowalski125 Other","Selesnya Landfall
Allies",Wojciech Kowalczuk won 2-0-0
Round 2,272,"alshay2020 He/Him
Tudor Marin He/Him","Izzet Prowess
Selesnya Ouroboroid",Tudor Marin won 2-0-0
Round 2,273,"Brian Rasmussen He/Him
Mihaly Varadi He/Him","Dimir Excruciator
Azorius Prison",Mihaly Varadi won 2-0-0
Round 2,274,"Shadybadger46 He/Him
Badmaths222 He/Him","Mono-Blue Control
Four-Color Elementals",Shadybadger46 won 2-0-0
Round 2,275,"Felix Wieland He/Him
Tom8520 He/Him","Sultai Midrange
Bant Rhythm",Tom8520 won 2-1-0
Round 2,276,"Freddie Barber He/Him
Mclockin He/Him","Gruul Leyline
Selesnya Ouroboroid",Mclockin won 2-1-0
Round 2,277,"Svenja Hill She/Her
JoshuaPyleCarter Other","Mono-Red Aggro
Simic Omniscience",JoshuaPyleCarter won 2-1-0
Round 2,278,"Pier Iaquinta He/Him
MatteoLB He/Him","Jeskai Control
Four-Color Control",Pier Iaquinta won 2-0-0
Round 2,279,"Dylan Gregory-Martin He/They
Claes de Graaff","Izzet Spellementals
Izzet Prowess",Dylan Gregory-Martin won 2-1-0
Round 2,280,"Luke Doyle He/Him
SimonMercer He/Him","Izzet Prowess
Mono-White Enchantments",Luke Doyle won 2-1-0
Round 2,281,"Paul Bittner He/Him
Devis Rossini He/Him","Azorius Prison
Bant Rhythm",Paul Bittner won 2-1-0
Round 2,282,"Daniele Scatassi
Niels Wardenier He/Him","Izzet Prowess
Azorius Prison",Niels Wardenier won 2-0-0
Round 2,283,"Andreas Nordahl
Scute He/Him","Izzet Lessons
Dimir Excruciator",Andreas Nordahl won 2-0-0
Round 2,284,"Nikita Yurochko He/Him
Rodney Bedell","Dimir Midrange
Selesnya Landfall",Nikita Yurochko won 2-1-0
Round 2,285,"Adrien Beaussart He/Him
Bryant Yang He/Him","Four-Color Elementals
Izzet Prowess",Bryant Yang won 2-0-0
Round 2,286,"Daniel Larsen He/Him
Anjo Brand He/Him","Selesnya Landfall
Selesnya Landfall",Daniel Larsen won 2-0-0
Round 2,287,"Franco Cicchini He/Him
DarioCavallone","Izzet Prowess
Bant Rhythm",Franco Cicchini won 2-0-0
Round 2,288,"jdwzf He/Him
dietcruella She/Her","Izzet Spellementals
Dimir Excruciator",dietcruella won 2-0-0
Round 2,289,"nartin9 He/Him
Elyacht","Izzet Prowess
Izzet Prowess",nartin9 won 2-1-0
Round 2,290,"Zues He/Him
CoreyPeel He/Him","Izzet Prowess
Jeskai Control",Zues won 2-0-0
Round 2,291,"Derek Choi He/Him
Noz777 He/Him","Dimir Excruciator
Izzet Spellementals",Noz777 won 2-0-0
Round 2,292,"TGalla
JJ Hidson He/Him","Azorius Merfolk
Mono-Green Chocobo",TGalla won 2-1-0
Round 2,293,"Thomas Chenery He/Him
LuiC2 He/Him","Izzet Spellementals
Azorius Artifacts",Thomas Chenery won 2-1-0
Round 2,294,"Robert Pennington
krystianM He/Him","Simic Omniscience
Izzet Lessons",krystianM won 2-0-0
Round 2,295,"Jack Buckland
jbailey46 He/Him","Selesnya Landfall
Azorius Prison",Jack Buckland won 2-1-0
Round 2,296,"JoaoCorvina Other
Johnathan Wilkes He/Him","Selesnya Landfall
Golgari Demons",JoaoCorvina won 2-1-0
Round 2,297,"Alberto Santos
Christian Kerr He/Him","Izzet Prowess
Selesnya Landfall",Christian Kerr won 2-1-0
Round 2,298,"Luis Gobern He/Him
darkblueturbo He/Him","Bant Rhythm
Izzet Spellementals",Luis Gobern won 2-1-0
Round 2,299,"Thoralf Severin He/Him
SilK1 He/Him","Selesnya Landfall
Izzet Prowess",Thoralf Severin won 2-0-0
Round 2,300,"EtherealBlue She/Her
Henry Cooke","Izzet Spellementals
Izzet Prowess",EtherealBlue won 2-1-0
Round 2,301,"Viktor Hybinette He/Him
jjjimbo They/Them","Golgari Demons
Izzet Lessons",Viktor Hybinette won 2-0-0
Round 3,1,"Björn Kimminich He/Him
Gary Smith He/Him","Izzet Prowess
Jeskai Control",Gary Smith won 2-1-0
Round 3,2,"Enchanted He/Him
Edward Cushion He/Him","Temur Omniscience
Izzet Lessons",Enchanted won 2-1-0
Round 3,3,"Etienne Foare He/Him
filpin He/Him","Izzet Lessons
Selesnya Ouroboroid",filpin won 2-0-0
Round 3,4,"Coulsy He/Him
Gargaroth He/Him","Azorius Artifacts
Simic Ouroboroid",Gargaroth won 2-0-0
Round 3,5,"Sören Liesener He/Him
TheRiedl He/Him","Selesnya Ouroboroid
Izzet Lessons",TheRiedl won 2-0-0
Round 3,6,"Rookiemookie He/Him
Marian Bunganic He/Him","Jeskai Control
Izzet Lessons",Marian Bunganic won 2-1-0
Round 3,7,"Titouan LE BERRE He/Him
Horia Vernescu He/Him","Izzet Prowess
Selesnya Ouroboroid",Titouan LE BERRE won 2-0-0
Round 3,8,"Liam Tiller-Collins He/Him
felipins He/Him","Selesnya Ouroboroid
Dimir Excruciator",felipins won 2-1-0
Round 3,9,"Neil Deacon He/Him
ShababC He/Him","Izzet Prowess
Simic Rhythm",Neil Deacon won 2-0-0
Round 3,10,"Jamie Walsh He/Him
Ben Jones","Four-Color Control
Izzet Lessons",Jamie Walsh won 2-1-0
Round 3,11,"Juan Godoy He/Him
Christian Mayr He/Him","Four-Color Elementals
Four-Color Elementals",Juan Godoy won 2-0-0
Round 3,12,"Daniele Vinciguerra He/Him
Pedro Magalhães He/Him","Dimir Excruciator
Boros Dragons",Daniele Vinciguerra won 2-0-0
Round 3,13,"fabse He/Him
drakharrris He/Him","Izzet Prowess
Izzet Lessons",fabse won 2-0-0
Round 3,14,"Yanatoy
AnilDG He/Him","Izzet Opus
Azorius Prison",Yanatoy won 2-0-0
Round 3,15,"Mathew Mitchell He/Him
Filipe Gusmão He/Him","Jeskai Control
Golgari Demons",Mathew Mitchell won 2-0-0
Round 3,16,"Gerardo D'Elia He/Him
Stefan Kramm","Jeskai Control
Boros Dragons",Gerardo D'Elia won 2-1-0
Round 3,17,"swxgv He/Him
Raynor Kuang He/Him","Izzet Prowess
Boros Dragons",swxgv won 2-1-0
Round 3,18,"spikesmaster He/Him
Draysor He/Him","Selesnya Ouroboroid
Selesnya Landfall",Draysor won 2-0-0
Round 3,19,"Noah Bacine He/Him
Gonaclo Magalhães Diogo He/Him","Jeskai Control
Izzet Prowess",Gonaclo Magalhães Diogo won 2-0-0
Round 3,20,"Dominic Ulke He/Him
Tommi Erola He/Him","Izzet Prowess
Mono-Green Landfall",Tommi Erola won 2-0-0
Round 3,21,"Pedro Lemos He/Him
George Worsnop He/Him","Selesnya Ouroboroid
Izzet Prowess",George Worsnop won 2-1-0
Round 3,22,"Valentin Orru He/Him
Dotraki","Izzet Prowess
Izzet Prowess",Valentin Orru won 2-0-0
Round 3,23,"GiuseppeG He/Him
Koen de Vos","Selesnya Landfall
Azorius Momo",Koen de Vos won 2-1-0
Round 3,24,"Lucas Hyttel He/Him
Ine Jernelv","Mono-Green Landfall
Izzet Lessons",Lucas Hyttel won 2-0-0
Round 3,25,"Kamen Kamenov He/Him
DanoClark","Four-Color Elementals
Four-Color Control",Kamen Kamenov won 2-1-0
Round 3,26,"Ignacio Garcia He/Him
Narzyss","Azorius Momo
Azorius Prison",Narzyss won 2-1-0
Round 3,27,"Craig Tanner He/Him
ZakP He/Him","Izzet Prowess
Mono-Green Landfall",Craig Tanner won 2-1-0
Round 3,28,"Jake Swales He/They
Klaus_Mikaelson He/Him","Izzet Lessons
Four-Color Control",Klaus_Mikaelson won 2-1-0
Round 3,29,"Inherentmac He/Him
Vittorio Viti","Grixis Discard
Four-Color Control",Vittorio Viti won 2-0-0
Round 3,30,"Christian Kerr He/Him
milesofford He/Him","Selesnya Landfall
Sultai Reanimator",Christian Kerr won 2-0-0
Round 3,31,"Louis Wilder He/Him
Jakub Janáč","Izzet Prowess
Izzet Prowess",Louis Wilder won 2-1-0
Round 3,32,"Nabil
Harry Burke He/Him","Izzet Prowess
Azorius Momo",Harry Burke won 2-1-0
Round 3,33,"Marco Capitanio
jundazhang He/Him","Izzet Lessons
Izzet Prowess",Marco Capitanio won 2-1-0
Round 3,34,"Julian Lamprecht He/Him
Masaya_Hoshino He/Him","Selesnya Landfall
Izzet Prowess",Masaya_Hoshino won 2-0-0
Round 3,35,"Pier Paolo Moro They/Them
Guliver He/Him","Izzet Prowess
Selesnya Landfall",Guliver won 2-1-0
Round 3,36,"Callum Laird He/Him
Francesco Alacca He/Him","Izzet Prowess
Izzet Lessons",Callum Laird won 2-1-0
Round 3,37,"woebringer He/Him
Martin Ramos He/Him","Izzet Prowess
Mono-White Momo",woebringer won 2-1-0
Round 3,38,"Ethanv83 He/Him
ClaudioBisioo","Selesnya Landfall
Four-Color Control",Ethanv83 won 2-1-0
Round 3,39,"Dawid Florczyk
Callum Bousfield","Izzet Lessons
Izzet Prowess",Callum Bousfield won 2-0-0
Round 3,40,"Piotr Głogowski He/Him
Pirrakos He/Him","Izzet Lessons
Dimir Excruciator",Piotr Głogowski won 2-1-0
Round 3,41,"EricNewton He/Him
Yann-Guillaume Jaccard He/Him","Jeskai Control
Allies",1-1-1 Draw
Round 3,42,"JackTheJester He/Him
christian gullberg He/Him","Four-Color Control
Izzet Spellementals",JackTheJester won 2-1-0
Round 3,43,"Jadrzwi He/Him
Luke Merryweather He/Him","Izzet Lessons
Izzet Lessons",Luke Merryweather won 2-0-0
Round 3,44,"David Dunitza He/Him
Cantthinkofanything","Izzet Spellementals
Mono-Green Landfall",David Dunitza won 2-0-0
Round 3,45,"Pierre Liebsch He/Him
oDwin He/Him","Temur Harmonizer
Orzhov Momo",Pierre Liebsch won 2-1-0
Round 3,46,"Arwad He/Him
Daniel Lind He/Him","Dimir Midrange
Selesnya Landfall",Daniel Lind won 2-1-0
Round 3,47,"Victor Simon Wilhelm Lumholtz He/Him
Alvaro Fernandez Torres He/Him","Selesnya Ouroboroid
Izzet Prowess",Alvaro Fernandez Torres won 2-1-0
Round 3,48,"Kristoffer Roland He/Him
EvanColly He/Him","Gruul Leyline
Izzet Prowess",Kristoffer Roland won 2-0-0
Round 3,49,"Yat Ka Leung He/Him
Decio Sacco He/Him","Izzet Prowess
Selesnya Ouroboroid",Yat Ka Leung won 2-0-0
Round 3,50,"Dan Rose
Marco Oliveto He/Him","Izzet Lessons
Golgari Rhythm",Dan Rose won 2-1-0
Round 3,51,"Dorian Wiese He/Him
Michael Baalham","Golgari Midrange
Selesnya Landfall",Michael Baalham won 2-1-0
Round 3,52,"Charles Eliatamby He/Him
Nicholas Brown","Bant Rhythm
Selesnya Landfall",Charles Eliatamby won 2-0-0
Round 3,53,"Michael Boardman He/Him
karim mzoughi","Mono-Red Aggro
Grixis Lizards",Michael Boardman won 2-0-0
Round 3,54,"Ben Seck He/Him
Nathan Goldberg He/Him","Bant Rhythm
Selesnya Rhythm",Ben Seck won 2-0-0
Round 3,55,"Verena Maccari She/Her
Oscar Christensen He/Him","Izzet Prowess
Selesnya Ouroboroid",Verena Maccari won 2-0-0
Round 3,56,"Jamie Popay He/Him
Tobia Daniele Nappi He/Him","Golgari Midrange
Four-Color Control",Tobia Daniele Nappi won 2-0-0
Round 3,57,"Lucca LiPuma
Nathan McDowell He/Him","Izzet Prowess
Izzet Prowess",Nathan McDowell won 2-0-0
Round 3,58,"Geri925 He/Him
Andrew Fiedler He/Him","Selesnya Rhythm
Dimir Excruciator",Andrew Fiedler won 2-0-0
Round 3,59,"Alex Campbell
Charles Rivet He/Him","Jeskai Control
Izzet Prowess",Charles Rivet won 2-1-0
Round 3,60,"StannersPOTUS
Picomtg","Mardu Discard
Bant Rhythm",StannersPOTUS won 2-1-0
Round 3,61,"Maxime Desiront He/Him
Tien Thanh Pham He/Him","Sultai Reanimator
Azorius Prison",Maxime Desiront won 2-0-0
Round 3,62,"Stanislau Zubovich He/Him
Philip White He/They","Izzet Prowess
Izzet Prowess",Stanislau Zubovich won 2-1-0
Round 3,63,"Josh Corless He/Him
Christian Rothen He/Him","Izzet Spellementals
Jeskai Control",Christian Rothen won 2-1-0
Round 3,64,"gwendalvador He/Him
Andy Stephens He/Him","Selesnya Landfall
Selesnya Landfall",Andy Stephens won 2-0-0
Round 3,65,"djsuk She/Her
Philipp Schwaiger","Orzhov Lifegain
Abzan Bats",Philipp Schwaiger won 2-1-0
Round 3,66,"Andrew Berry
Chris Mander He/Him","Izzet Spellementals
Izzet Prowess",Chris Mander won 2-1-0
Round 3,67,"DarkDeno
Charlie Kennett He/Him","Selesnya Landfall
Dimir Excruciator",DarkDeno won 2-1-0
Round 3,68,"AlexMacIsaac He/Him
Philippe Wirz He/Him","Izzet Prowess
Azorius Prison",AlexMacIsaac won 2-1-0
Round 3,69,"Jan Pruchniewicz He/Him
TomaszDudziec He/Him","Simic Omniscience
Izzet Prowess",TomaszDudziec won 2-0-0
Round 3,70,"Nostromo He/Him
EricZhou He/Him","Izzet Prowess
Izzet Prowess",EricZhou won 2-0-0
Round 3,71,"pizzangry He/Him
Bradley Bunce He/Him","Izzet Prowess
Azorius Prison",pizzangry won 2-0-0
Round 3,72,"Mattia Colombo He/Him
Jonatan Svendsen He/Him","Dimir Control
Selesnya Landfall",Jonatan Svendsen won 2-1-0
Round 3,73,"Morgan Lebrument He/Him
ItMakesSens He/Him","Izzet Prowess
Selesnya Landfall",ItMakesSens won 2-0-0
Round 3,74,"Marie Kirkkola She/Her
Robert Young He/Him","Selesnya Landfall
Golgari Ouroboroid",Robert Young won 2-0-0
Round 3,75,"M0J0 He/Him
tip He/Him","Dimir Midrange
Selesnya Ouroboroid",tip won 2-0-0
Round 3,76,"Yiannis Kyriazis
Peppo0212 They/Them","Four-Color Control
Izzet Lessons",Peppo0212 won 2-1-0
Round 3,77,"Alex Hillier He/Him
Zaraffyro","Four-Color Elementals
Izzet Prowess",Alex Hillier won 2-1-0
Round 3,78,"Gustavo Colon He/Him
197564 He/Him","Four-Color Control
Azorius Prison",197564 won 2-1-0
Round 3,79,"Tim Paplewski He/Him
superaggo He/Him","Dimir Excruciator
Four-Color Elementals",1-1-0 Draw
Round 3,80,"Noah Anderson Weiskircher They/Them
AARB12 He/Him","Izzet Lessons
Azorius Prison",Noah Anderson Weiskircher won 2-1-0
Round 3,81,"Nick Arnold He/Him
Andrei M He/Him","Dimir Excruciator
Izzet Prowess",Nick Arnold won 2-1-0
Round 3,82,"Lena Marchant She/Her
kristofff He/Him","Izzet Lessons
Dimir Excruciator",Lena Marchant won 2-0-0
Round 3,83,"Leonardo Canalejo He/Him
Harry_Ersky He/Him","Boros Dragons
Izzet Lessons",Leonardo Canalejo won 2-0-0
Round 3,84,"Cosmin Achim He/Him
Shadybadger46 He/Him","Mardu Demons
Mono-Blue Control",Shadybadger46 won 2-1-0
Round 3,85,"Jorge Muniz
TGalla","Dimir Excruciator
Azorius Merfolk",Jorge Muniz won 2-0-0
Round 3,86,"Vincent Pernel He/Him
Theodor eliassen He/Him","Dimir Artifacts
Izzet Lessons",Theodor eliassen won 2-1-0
Round 3,87,"Jędrek Szmyd He/Him
jlc93 He/Him","Izzet Lessons
Selesnya Rabbits",Jędrek Szmyd won 2-0-0
Round 3,88,"Nikita Yurochko He/Him
dietcruella She/Her","Dimir Midrange
Dimir Excruciator",Nikita Yurochko won 2-0-0
Round 3,89,"Mae French She/Her
Lewis Foster He/Him","Izzet Lessons
Selesnya Landfall",Lewis Foster won 2-0-0
Round 3,90,"James Jenkins He/Him
Antoine Bernier He/Him","Izzet Prowess
Izzet Lessons",James Jenkins won 2-1-0
Round 3,91,"Kewin Lozicki He/Him
Josef Zivec He/Him","Azorius Momo
Bant Rhythm",Josef Zivec won 2-0-0
Round 3,92,"BenR4
KeesvanMontfoort","Jeskai Control
Izzet Prowess",BenR4 won 2-1-0
Round 3,93,"Pier Iaquinta He/Him
Daniel Larsen He/Him","Jeskai Control
Selesnya Landfall",Daniel Larsen won 2-1-0
Round 3,94,"John Kai Sang Ng He/Him
Daniele Scatassi","Dimir Excruciator
Izzet Prowess",Daniele Scatassi won 2-0-0
Round 3,95,"Bilbo_Baggins
Siamon He/Him","Izzet Prowess
Selesnya Ouroboroid",Bilbo_Baggins won 2-0-0
Round 3,96,"Wojciech Kowalczuk He/Him
Tomáš Krupička He/Him","Selesnya Landfall
Selesnya Landfall",Wojciech Kowalczuk won 2-0-0
Round 3,97,"Fabian Klein
JoshuaPyleCarter Other","Dimir Excruciator
Simic Omniscience",Fabian Klein won 2-1-0
Round 3,98,"Hiltinchest He/They
alexwalton64 He/Him","Izzet Prowess
Izzet Spellementals",alexwalton64 won 2-0-0
Round 3,99,"Ashley Baden He/Him
Jacob1200 He/Him","Mono-Green Landfall
Azorius Otters",Jacob1200 won 2-0-0
Round 3,100,"George Berrett He/Him
Andreas Foreman Jensen He/Him","Dimir Excruciator
Selesnya Ouroboroid",George Berrett won 2-0-0
Round 3,101,"Calum Gittins He/Him
Skite He/They","Izzet Prowess
Selesnya Landfall",Calum Gittins won 2-1-0
Round 3,102,"Alberto Santos
Jacopo Bartollini He/Him","Izzet Prowess
Azorius Prison",Jacopo Bartollini won 2-1-0
Round 3,103,"GiorgioCanezin He/Him
Andreas Nordahl","Azorius Prison
Izzet Lessons",Andreas Nordahl won 2-0-0
Round 3,104,"SimD22
tsz shing so He/Him","Jeskai Control
Mono-Red Aggro",SimD22 won 2-1-0
Round 3,105,"EtherealBlue She/Her
Aidan Currah","Izzet Spellementals
Selesnya Landfall",Aidan Currah won 2-0-0
Round 3,106,"Kjetil Wevling He/Him
CraigLong He/Him","Izzet Spellementals
Dimir Excruciator",CraigLong won 2-0-0
Round 3,107,"AgentEdward
CelestinBARRE He/Him","Izzet Prowess
Golgari Skeletons",AgentEdward won 2-0-0
Round 3,108,"Lubos Leskovjansky He/They
Patrickleydecker He/Him","Mono-White Momo
Izzet Spellementals",Patrickleydecker won 2-1-0
Round 3,109,"Tim Priwe He/Him
Andrei Nikolov","Izzet Prowess
Izzet Prowess",Andrei Nikolov won 2-1-0
Round 3,110,"Diego Alcalde
Douglas Penman He/Him","Azorius Prison
Selesnya Ouroboroid",Douglas Penman won 2-1-0
Round 3,111,"Storm Losell He/Him
Jonathan Lee","Selesnya Landfall
Izzet Lessons",Storm Losell won 2-0-0
Round 3,112,"Xifan He/Him
MikeRoss He/They","Izzet Prowess
Izzet Lessons",MikeRoss won 2-1-0
Round 3,113,"Landstar He/They
vixmac22 She/Her","Selesnya Ouroboroid
Izzet Spellementals",Landstar won 2-0-0
Round 3,114,"HarryPendall
Francesco Vitiello He/Him","Izzet Lessons
Selesnya Landfall",Francesco Vitiello won 2-1-0
Round 3,115,"Victor Manuel Graveto
Cartheron Other","Azorius Prison
Mono-Black Demons",Victor Manuel Graveto won 2-1-0
Round 3,116,"HarryHollingworth He/They
RoreosaRory He/Him","Bant Rhythm
Four-Color Elementals",RoreosaRory won 2-1-0
Round 3,117,"SquirrelSovereign
Mehdi Khelfa He/Him","Izzet Prowess
Izzet Prowess",Mehdi Khelfa won 2-0-0
Round 3,118,"AndyHenwood
Robert Wiseman","Mono-Green Landfall
Izzet Prowess",AndyHenwood won 2-1-0
Round 3,119,"Jonas_Erbe
Emilio Morabito","Simic Rhythm
Izzet Prowess",Emilio Morabito won 2-0-0
Round 3,120,"Dylan Coates He/Him
shaneoc He/Him","Izzet Lessons
Izzet Prowess",Dylan Coates won 2-0-0
Round 3,121,"Grimbakor He/They
Olphod He/Him","Dimir Monument
Mardu Discard",Olphod won 2-0-0
Round 3,122,"StephenSodusta He/Him
Brad Barclay He/Him","Temur Ferocious
Four-Color Control",Brad Barclay won 2-1-0
Round 3,123,"CJ Vice He/Him
JoaoM He/Him","Esper Oculus
Izzet Prowess",1-1-0 Draw
Round 3,124,"DanS106 He/Him
Félix Maurin He/Him","Izzet Spellementals
Orzhov Momo",DanS106 won 2-1-0
Round 3,125,"Jack Buckland
RobinVahland He/Him","Selesnya Landfall
Songcrafter Control",Jack Buckland won 2-0-0
Round 3,126,"Mihaly Varadi He/Him
SrKaronte He/Him","Azorius Prison
Azorius Artifacts",Mihaly Varadi won 2-0-0
Round 3,127,"Mikkel Vestergaard He/Him
ALANBBBK He/Him","Four-Color Control
Sultai Changeling",Mikkel Vestergaard won 2-1-0
Round 3,128,"Phillip Scutter-Cairns He/Him
Marco Vay He/Him","Jeskai Control
Dimir Excruciator",Marco Vay won 2-0-0
Round 3,129,"Christian Richard He/Him
Alex Göbel He/Him","Temur Harmonizer
Dimir Midrange",Alex Göbel won 2-0-0
Round 3,130,"Ondrej Strasky He/Him
Goblingrenade He/Him","Izzet Lessons
Azorius Momo",Ondrej Strasky won 2-0-0
Round 3,131,"krystianM He/Him
GliedTamas He/Him","Izzet Lessons
Sultai Control",GliedTamas won 2-0-0
Round 3,132,"Jari Rentsch He/Him
oldemodave He/Him","Izzet Prowess
Dimir Deceit",oldemodave won 2-1-0
Round 3,133,"Daniel Bjerkan He/Him
Leif Schöniger He/Him","Selesnya Landfall
Selesnya Landfall",Daniel Bjerkan won 2-1-0
Round 3,134,"Zurgo128
Tifenn Samyn She/Her","Izzet Lessons
Izzet Spellementals",Tifenn Samyn won 2-1-0
Round 3,135,"AlexRoebuck He/Him
Francesco Ghelli He/Him","Izzet Prowess
Selesnya Ouroboroid",AlexRoebuck won 2-1-0
Round 3,136,"WompRat He/Him
James Ball He/Him","Boros Mobilize
Izzet Prowess",James Ball won 2-1-0
Round 3,137,"T0bb3 He/Him
Petr96 He/Him","Izzet Prowess
Four-Color Control",Petr96 won 2-1-0
Round 3,138,"Martin Richardson He/Him
Alvaro Nicosia He/Him","Azorius Control
Izzet Prowess",Alvaro Nicosia won 2-0-0
Round 3,139,"Mirand Shtërbani He/Him
Gwen Wall She/Her","Four-Color Control
Azorius Prison",Gwen Wall won 2-0-0
Round 3,140,"Matt MT He/Him
Felix Wieland He/Him","Sultai Reanimator
Sultai Midrange",Matt MT won 2-1-0
Round 3,141,"Ozan Sevsevil He/Him
Alice Casey She/Her","Jeskai Control
Izzet Spellementals",Ozan Sevsevil won 2-1-0
Round 3,142,"Nate314 He/Him
art3mique","Mono-White Momo
Izzet Lessons",art3mique won 2-0-0
Round 3,143,"Thomas Chenery He/Him
Andrew Stevenson He/Him","Izzet Spellementals
Jeskai Control",Thomas Chenery won 2-1-0
Round 3,144,"StuBoi3
Robert Bailey He/Him","Dimir Midrange
Izzet Prowess",Robert Bailey won 2-1-0
Round 3,145,"Mclockin He/Him
Alexey Paulot He/Him","Selesnya Ouroboroid
Temur Lessons",Alexey Paulot won 2-1-0
Round 3,146,"Martin Forrester He/They
Russell Seeley He/Him","Sultai Reanimator
Golgari Midrange",Martin Forrester won 2-1-0
Round 3,147,"jamestimms He/They
George Stuart He/Him","Azorius Prison
Izzet Spellementals",George Stuart won 2-1-0
Round 3,148,"Zues He/Him
AdamPC He/Him","Izzet Prowess
Izzet Prowess",1-1-0 Draw
Round 3,149,"Franco Cicchini He/Him
Léo Thiémard He/Him","Izzet Prowess
Bant Rhythm",Franco Cicchini won 2-1-0
Round 3,150,"addypalooza
seany He/Him","Golgari Crimes
Izzet Lessons",seany won 2-1-0
Round 3,151,"Tom Law He/Him
Pär Jones He/Him","Selesnya Landfall
Golgari Midrange",Tom Law won 2-1-0
Round 3,152,"Conrad Scherb
Bryant Yang He/Him","Jeskai Control
Izzet Prowess",Bryant Yang won 2-1-0
Round 3,153,"Fabien Li He/Him
Marco Vassallo He/Him","Boros Mobilize
Sultai Excruciator",Marco Vassallo won 2-1-0
Round 3,154,"Alex Winter
Thoralf Severin He/Him","Boros Mobilize
Selesnya Landfall",Alex Winter won 2-1-0
Round 3,155,"Thomas Duffy He/Him
Alexander Gordon-Brown He/Him","Selesnya Landfall
Sultai Control",Thomas Duffy won 2-1-0
Round 3,156,"Luis Gobern He/Him
Dan McCarthy He/Him","Bant Rhythm
Azorius Prison",Luis Gobern won 2-1-0
Round 3,157,"Justien Balay
Seal100 He/Him","Selesnya Ouroboroid
Dimir Bounce",Justien Balay won 2-0-0
Round 3,158,"JackNewell He/Him
LinkangYang He/Him","Boros Discard
Izzet Lessons",LinkangYang won 2-0-0
Round 3,159,"Noz777 He/Him
Hal8999 He/Him","Izzet Spellementals
Izzet Lessons",Noz777 won 2-0-0
Round 3,160,"Chris Grenville He/Him
Patrick Burchert He/Him","Izzet Prowess
Azorius Prison",Patrick Burchert won 2-1-0
Round 3,161,"AdriaGarciaSarmiento He/Him
Adam Jansson He/Him","Azorius Prison
Izzet Prowess",AdriaGarciaSarmiento won 2-0-0
Round 3,162,"Sindre Mortensen
Orry He/Him","Selesnya Rhythm
Izzet Spellementals",Orry won 2-0-0
Round 3,163,"Paul Farnsworth
Zijun Wang He/Him","Dimir Excruciator
Temur Harmonizer",Paul Farnsworth won 2-1-0
Round 3,164,"Jack Young He/Him
Rasmus Nilsson He/Him","Izzet Spellementals
Selesnya Landfall",Jack Young won 2-0-0
Round 3,165,"MangoMango She/Her
Sergio Seoane He/Him","Jeskai Control
Selesnya Landfall",MangoMango won 2-0-0
Round 3,166,"Daniel Aranyi He/Him
Hannes Brandstetter","Izzet Spellementals
Selesnya Landfall",Hannes Brandstetter won 2-1-0
Round 3,167,"NicolasM He/Him
Dylan Gregory-Martin He/They","Four-Color Control
Izzet Spellementals",NicolasM won 2-1-0
Round 3,168,"Verduyn He/Him
ANNAVALILA He/Him","Izzet Prowess
Izzet Prowess",Verduyn won 2-1-0
Round 3,169,"André Santos
JoaoCorvina Other","Selesnya Landfall
Selesnya Landfall",André Santos won 2-0-0
Round 3,170,"Kristoffer Payumo He/Him
Shadow_helm He/Him","Four-Color Elementals
Azorius Artifacts",Kristoffer Payumo won 2-1-0
Round 3,171,"Dan Robinson
Francisco Sanchez","Boros Dragons
Izzet Prowess",Francisco Sanchez won 2-1-0
Round 3,172,"wailingpath He/Him
Filip Tetera He/Him","Orzhov Lifegain
Bant Rhythm",Filip Tetera won 2-0-0
Round 3,173,"Juan Manuel Lorenzi He/Him
Thomas Walder","Selesnya Landfall
Mardu Artifacts",Juan Manuel Lorenzi won 2-0-0
Round 3,174,"ViolentRich He/Him
manyrollies","Izzet Prowess
Izzet Spellementals",ViolentRich won 2-0-0
Round 3,175,"Gwendolyn Noble She/Her
Tadhg Murphy","Bant Rhythm
Izzet Prowess",Tadhg Murphy won 2-0-0
Round 3,176,"RyanNorthcott He/Him
louisfrith He/Him","Boros Momo
Azorius Prison",RyanNorthcott won 2-1-0
Round 3,177,"IanB3 He/Him
nartin9 He/Him","Izzet Spellementals
Izzet Prowess",nartin9 won 2-1-0
Round 3,178,"Will Berrington He/Him
Pebus101 He/Him","Mono-Green Landfall
Bant Rhythm",Will Berrington won 2-0-0
Round 3,179,"pamkung She/Her
Crowtaur She/Her","Bant Rhythm
Izzet Prowess",Crowtaur won 2-1-0
Round 3,180,"Dom He/Him
Alexander Stehno","Azorius Momo
Jeskai Control",Alexander Stehno won 2-1-0
Round 3,181,"Daniel Johnson He/Him
Tolga Sertbas","Azorius Prison
Mono-Red Aggro",Daniel Johnson won 2-0-0
Round 3,182,"Cristian Jimenez He/Him
Kim Homsma He/Him","Four-Color Control
Selesnya Landfall",Cristian Jimenez won 2-0-0
Round 3,183,"Gabriele1991 He/Him
soufian hriz He/Him","Selesnya Landfall
Izzet Spellementals",soufian hriz won 2-1-0
Round 3,184,"Jammyf99 He/Him
Vince Geluk He/Him","Sultai Reanimator
Jeskai Control",Jammyf99 won 2-0-0
Round 3,185,"Brady Crooks He/Him
André Compal","Izzet Lessons
Selesnya Landfall",André Compal won 2-0-0
Round 3,186,"Elevenzees He/Him
THErev23 He/Him","Izzet Lessons
Azorius Momo",Elevenzees won 2-0-0
Round 3,187,"Maciej Olczak He/Him
Nomae He/Him","Selesnya Landfall
Selesnya Ouroboroid",Maciej Olczak won 2-1-0
Round 3,188,"HarW7
Bratwurst","Four-Color Control
Selesnya Landfall",HarW7 won 2-0-0
Round 3,189,"Matthieu Tassa He/Him
gabriele tribulato Ze/zir","Izzet Prowess
Bant Rhythm",gabriele tribulato won 2-0-0
Round 3,190,"Rakhi09 She/They
Magnus Jørgensen He/Him","Izzet Prowess
Izzet Prowess",Rakhi09 won 2-1-0
Round 3,191,"Louis-Samuel Deltour
Jack Goldsworthy He/Him","Izzet Prowess
Izzet Prowess",Louis-Samuel Deltour won 2-1-0
Round 3,192,"Bolutin He/They
Edgar Baumler He/Him","Dimir Midrange
Bant Rhythm",Edgar Baumler won 2-1-0
Round 3,193,"Max Spencer He/Him
Miguel Magalhaes He/Him","Golgari Changelings
Selesnya Ouroboroid",Miguel Magalhaes won 2-1-0
Round 3,194,"ADSandslash He/They
Manuel Nowak He/Him","Azorius Artifacts
Selesnya Rhythm",Manuel Nowak won 2-1-0
Round 3,195,"Pawel Makles He/Him
Christian Smith He/Him","Azorius Prison
Azorius Prison",Christian Smith won 2-0-0
Round 3,196,"DavidGrant
Sandiagos He/Him","Selesnya Ouroboroid
Abzan Lifegain",DavidGrant won 2-1-0
Round 3,197,"guislaindumont
Niels Wardenier He/Him","Azorius Prison
Azorius Prison",Niels Wardenier won 2-1-0
Round 3,198,"Kun150 He/Him
Stephanos Economides He/Him","Dimir Excruciator
Dimir Excruciator",Stephanos Economides won 2-1-0
Round 3,199,"Sean Goddard He/Him
StrongEUW He/Him","Selesnya Ouroboroid
Gruul Harmonizer",Sean Goddard won 2-0-0
Round 3,200,"Aeryn McCann She/They
Léo Guimard He/Him","Izzet Lessons
Selesnya Landfall",Léo Guimard won 2-0-0
Round 3,201,"Tom8520 He/Him
Geko","Bant Rhythm
Izzet Aggro",Geko won 2-1-0
Round 3,202,"Alexander Mehta He/Him
Idris Killen He/Him","Izzet Prowess
Izzet Lessons",Idris Killen won 2-0-0
Round 3,203,"Kyle Brennan He/Him
pileshuffle","Azorius Prison
Four-Color Elementals",pileshuffle won 2-0-0
Round 3,204,"Tudor Marin He/Him
Luke Doyle He/Him","Selesnya Ouroboroid
Izzet Prowess",Tudor Marin won 2-0-0
Round 3,205,"Teemu Alanko He/Him
Maciej Barwik He/Him","Mono-White Momo
Izzet Prowess",Maciej Barwik won 2-1-0
Round 3,206,"AndrewHM He/They
Manuel Danninger He/Him","Azorius Control
Izzet Lessons",Manuel Danninger won 2-1-0
Round 3,207,"Daniel Lewis He/Him
Jonny Gu He/Him","Four-Color Control
Izzet Spellementals",Daniel Lewis won 2-0-0
Round 3,208,"JamesTaylor He/Him
Sebastian Sachse","Selesnya Landfall
Temur Harmonizer",JamesTaylor won 2-1-0
Round 3,209,"Jonah Strommenger He/Him
Jasper Nielsen He/Him","Izzet Prowess
Izzet Spellementals",Jonah Strommenger won 2-0-0
Round 3,210,"DThomps He/Him
EriS28 He/Him","Izzet Prowess
Izzet Prowess",DThomps won 2-1-0
Round 3,211,"Lukas Paugsch
Viktor Hybinette He/Him","Dimir Excruciator
Golgari Demons",Lukas Paugsch won 2-1-0
Round 3,212,"Dominic White He/Him
Francesco Latorre He/Him","Dimir Deceit
Izzet Prowess",Francesco Latorre won 2-0-0
Round 3,213,"Fabian Jonckeer He/Him
RyaS","Mono-Green Landfall
Naya Yuna",1-1-0 Draw
Round 3,214,"Rory McKay He/Him
Jakub Pardubsky He/Him","Azorius Momo
Bant Rhythm",Jakub Pardubsky won 2-1-0
Round 3,215,"Keanjoy He/Him
Gianluca Boaretto He/Him","Izzet Prowess
Izzet Spellementals",Gianluca Boaretto won 2-1-0
Round 3,216,"Gavin Thacker
Julian Riedener He/Him","Boros Dragons
Bant Rhythm",Gavin Thacker won 2-0-0
Round 3,217,"Unkillable13 He/Him
enraeh He/Him","Izzet Prowess
Sultai Excruciator",Unkillable13 won 2-0-0
Round 3,218,"Juri Barkey He/Him
mundisv He/Him","Izzet Spellementals
Izzet Prowess",Juri Barkey won 2-1-0
Round 3,219,"Stefanos Fotiadis
ophoox He/Him","Izzet Prowess
Boros Dragons",Stefanos Fotiadis won 2-1-0
Round 3,220,"DarioCavallone
Elia Libralato He/Him","Bant Rhythm
Bant Rhythm",DarioCavallone won 2-1-0
Round 3,221,"Enrico Libralato He/Him
HoneycombH She/Her","Azorius Prison
Selesnya Landfall",HoneycombH won 2-1-0
Round 3,222,"ucoconut871 Other
Vincent Reiter He/Him","Izzet Prowess
Izzet Prowess",Vincent Reiter won 2-0-0
Round 3,223,"Zak Cowen
Stefan Schütz","Izzet Prowess
Bant Rhythm",Stefan Schütz won 2-0-0
Round 3,224,"Nicolas Prail He/Him
Sandro1811 He/Him","Izzet Prowess
Dimir Bounce",Nicolas Prail won 2-0-0
Round 3,225,"Marcio Carvalho
ClementLumeau He/They","Selesnya Landfall
Izzet Prowess",Marcio Carvalho won 2-1-0
Round 3,226,"Misty Manek She/Her
L-E-D He/They","Azorius Prison
Mono-White Momo",0-0-3 Draw
Round 3,227,"Leaham He/Him
jwhiley93 He/Him","Selesnya Landfall
Orzhov Sacrifice",jwhiley93 won 2-0-0
Round 3,228,"Jason Handy He/Him
Salvatore Cardali","Dimir Deceit
Azorius Prison",Salvatore Cardali won 2-1-0
Round 3,229,"Luka Fuchs
Lee Medhurst He/Him","Mono-Blue Tempo
Four-Color Elementals",Lee Medhurst won 2-0-0
Round 3,230,"Devis Rossini He/Him
DomS17 He/Him","Bant Rhythm
Izzet Prowess",DomS17 won 2-1-0
Round 3,231,"Metadontmatter He/Him
Oliver Frith He/Him","Jeskai Control
Simic Omniscience",Oliver Frith won 2-0-0
Round 3,232,"Rodney Bedell
ollei He/Him","Selesnya Landfall
Izzet Prowess",Rodney Bedell won 2-1-0
Round 3,233,"Barnaby Mannox
Simon Leigh","Dimir Excruciator
Izzet Spellementals",Simon Leigh won 2-1-0
Round 3,234,"Drew Martin He/Him
EdGlease He/Him","Izzet Prowess
Izzet Spellementals",Drew Martin won 2-1-0
Round 3,235,"Xcunonophus He/They
Kevin Broløs He/Him","Azorius Artifacts
Izzet Prowess",Kevin Broløs won 2-1-0
Round 3,236,"Henry Cooke
Claes de Graaff","Izzet Prowess
Izzet Prowess",Claes de Graaff won 2-1-0
Round 3,237,"alshay2020 He/Him
Yannick29000 He/Him","Izzet Prowess
Izzet Prowess",Yannick29000 won 2-1-0
Round 3,238,"CalMc
Robert Pennington","Izzet Lessons
Simic Omniscience",Robert Pennington won 2-0-0
Round 3,239,"Emil Rasmussen He/Him
CoreyPeel He/Him","Selesnya Landfall
Jeskai Control",Emil Rasmussen won 2-0-0
Round 3,240,"Soulblighter
Giulio Tommaso Gomitoni","Selesnya Ouroboroid
Izzet Lessons",Giulio Tommaso Gomitoni won 2-1-0
Round 3,241,"Jacob Hauch
SayNuthinTillYaSeeClaude He/Him","Azorius Prison
Jeskai Control",Jacob Hauch won 2-0-0
Round 3,242,"Derek Choi He/Him
jdwzf He/Him","Dimir Excruciator
Izzet Spellementals",Derek Choi won 2-0-0
Round 3,243,"Dan Stokes He/Him
MatteoLB He/Him","Four-Color Control
Four-Color Control",Dan Stokes won 2-0-0
Round 3,244,"Krister Karlsen He/Him
Kowalski125 Other","Bant Rhythm
Allies",Krister Karlsen won 2-0-0
Round 3,245,"Nigel Stikker He/Him
jbailey46 He/Him","Izzet Spellementals
Azorius Prison",Nigel Stikker won 2-0-0
Round 3,246,"Mangara He/Him
Anjo Brand He/Him","Azorius Prison
Selesnya Landfall",Mangara won 2-1-0
Round 3,247,"LuigiC He/Him
Giuseppe Miele He/Him","Golgari Demons
Izzet Lessons",LuigiC won 2-1-0
Round 3,248,"SilK1 He/Him
Kieran Malloy He/Him","Izzet Prowess
Izzet Prowess",Kieran Malloy won 2-1-0
Round 3,249,"TomM27
LuiC2 He/Him","Dimir Midrange
Azorius Artifacts",LuiC2 won 2-0-0
Round 3,250,"Lucas Jensen He/They
Fraser Dallachy He/Him","Jeskai Control
Abzan Cosmogoyf",Lucas Jensen won 2-0-0
Round 3,251,"MasterDPW
Max Blümel He/Him","Four-Color Control
Izzet Prowess",MasterDPW won 2-0-0
Round 3,252,"Freddie Barber He/Him
AustinMi He/They","Gruul Leyline
Izzet Prowess",Freddie Barber won 2-0-0
Round 3,253,"Coachjennsen23 He/Him
Cal91 He/Him","Boros Dragons
Dimir Deceit",Cal91 won 2-1-0
Round 3,254,"Tan-Tai Nguyen He/Him
Badmaths222 He/Him","Four-Color Control
Four-Color Elementals",Badmaths222 won 2-0-0
Round 3,255,"Elyacht
jjjimbo They/Them","Izzet Prowess
Izzet Lessons",Elyacht won 2-1-0
Round 3,256,"Jacob Borrowdale He/Him
Splitseven He/Him","Izzet Prowess
Izzet Lessons",Jacob Borrowdale won 2-0-0
Round 3,257,"Aaron Tavaler He/Him
Andrew Smith He/Him","Izzet Prowess
Mono-Green Landfall",Andrew Smith won 2-1-0
Round 3,258,"Hans Ludvig Skovli He/Him
Nuno Duarte","Izzet Prowess
Dimir Deceit",Nuno Duarte won 2-1-0
Round 3,259,"Alex Day
SimonMercer He/Him","Gruul Leyline
Mono-White Enchantments",Alex Day won 2-0-0
Round 3,260,"Thraxi He/Him
KnuxIBF He/Him","Mono-Green Landfall
Five-Color Control",Thraxi won 2-1-0
Round 3,261,"Stefano Belloni He/Him
MY13Dragonfly They/Them","Izzet Prowess
Bant Rhythm",MY13Dragonfly won 2-0-0
Round 3,262,"Truls Mathisen He/Him
Graveturner He/Him","Mono-Blue Spellementals
Izzet Lessons",Truls Mathisen won 2-1-0
Round 3,263,"MickMadsen He/Him
Matteo Silvestri He/Him","Izzet Spellementals
Four-Color Elementals",Matteo Silvestri won 2-1-0
Round 3,264,"HowlingFjord He/Him
Carlos Pacheco He/Him","Golgari Demons
Four-Color Control",Carlos Pacheco won 2-0-0
Round 3,265,"Ode2TheMets He/Him
Mattia_Pantiri He/Him","Mono-Green Landfall
Izzet Opus",Ode2TheMets won 2-0-0
Round 3,266,"jruxc
Adrien Beaussart He/Him","Dimir Excruciator
Four-Color Elementals",jruxc won 2-0-0
Round 3,267,"Branoc Richards He/Him
Roberto Fabiani","Izzet Prowess
Grixis Deceit",Roberto Fabiani won 2-1-0
Round 3,268,"WillKillsTime He/Him
MatthewKubisa He/Him","Izzet Prowess
Mono-Red Firebending",WillKillsTime won 2-0-0
Round 3,269,"treefr0gg
Gonçalo Paneiro He/Him","Mono-Green Landfall
Izzet Prowess",Gonçalo Paneiro won 2-1-0
Round 3,270,"Cedric Gäde
RomainAlexandre He/Him","Azorius Prison
Izzet Spellementals",RomainAlexandre won 2-0-0
Round 3,271,"Krzysztof Drzewiecki He/Him
bugthefriend She/Her","Azorius Repartee
Dimir Midrange",Krzysztof Drzewiecki won 2-1-0
Round 3,272,"Robin Clark She/Her
Careknight He/Him","Sultai Reanimator
Azorius Prison",Robin Clark won 2-0-0
Round 3,273,"rtsolo She/They
ReiLiv She/They","Mardu Mobilize
Izzet Prowess",ReiLiv won 2-0-0
Round 3,274,"wuxxd He/Him
RamC1 He/Him","Mono-Green Landfall
Izzet Lessons",RamC1 won 2-1-0
Round 3,275,"Barry Horwood He/Him
Alexandre Furstenberger He/Him","Azorius Pixie
Bant Rhythm",Alexandre Furstenberger won 2-0-0
Round 3,276,"Olivier Geffroy He/Him
Scute He/Him","Izzet Prowess
Dimir Excruciator",Olivier Geffroy won 2-1-0
Round 3,277,"Sytse He/Him
no_justice_mtg She/Her","Sultai Control
Four-Color Control",no_justice_mtg won 2-0-0
Round 3,278,"Mikki Klokkedal He/Him
Pascal van Alphen","Selesnya Landfall
Izzet Prowess",Pascal van Alphen won 2-1-0
Round 3,279,"williametchells He/Him
JJ Hidson He/Him","Naya Legends
Mono-Green Chocobo",williametchells won 2-1-0
Round 3,280,"Max Staas He/Him
TomR","Dimir Excruciator
Izzet Prowess",Max Staas won 2-0-0
Round 3,281,"Andrea Piemonti He/Him
Alexander Maier He/Him","Izzet Lessons
Izzet Lessons",Andrea Piemonti won 2-1-0
Round 3,282,"Adam Davis He/Him
Luca Fessia He/Him","Izzet Lessons
Selesnya Landfall",Adam Davis won 2-1-0
Round 3,283,"Brian Rasmussen He/Him
Jonny 🐘 Edmondson He/Him","Dimir Excruciator
Izzet Prowess",Brian Rasmussen won 2-1-0
Round 3,284,"iamkrazy1 He/Him
Svenja Hill She/Her","Izzet Prowess
Mono-Red Aggro",iamkrazy1 won 2-1-0
Round 3,285,"plantgirl She/Her
SkottCooper He/Him","Mono-Blue Spellementals
Azorius Prison",SkottCooper won 2-1-0
Round 3,286,"FerruccioMicheli He/Him
Aras Şenyüz He/Him","Selesnya Landfall
Izzet Prowess",FerruccioMicheli won 2-0-0
Round 3,287,"ShaC28
Duskfire He/Him","Mardu Gambit
Selesnya Landfall",Duskfire won 2-1-0
Round 3,288,"Cwlvyn He/Him
Syyslehti He/Him","Selesnya Landfall
Izzet Spellementals",Syyslehti won 2-1-0
Round 3,289,"Paul Bittner He/Him
Nick Rogiers He/Him","Azorius Prison
Dimir Excruciator",Nick Rogiers won 2-0-0
Round 3,290,"Riccardo Bragato He/Him
David Woodland He/Him","Selesnya Rhythm
Izzet Spellementals",Riccardo Bragato won 2-1-0
Round 3,291,"Sillylio He/Him
Dafta He/Him","Temur Stormsplitter
Mono-Green Landfall",Dafta won 2-1-0
Round 3,292,"Angra He/Him
DoubleDavey He/Him","Mono-White Enchantments
Selesnya Landfall",DoubleDavey won 2-0-0
Round 3,293,"AlexG1995 He/Him
Johnathan Wilkes He/Him","Mono-Green Landfall
Golgari Demons",Johnathan Wilkes won 2-1-0
Round 3,294,"Stefano Spurio He/Him
Martin Zimmermann He/Him","Four-Color Elementals
Selesnya Ouroboroid",Stefano Spurio won 2-0-0
Round 3,295,"Lilian Lescure He/Him
Emelia St John She/They","Dimir Excruciator
Izzet Spellementals",Emelia St John won 2-1-0
Round 3,296,"Jay_Flimmzky He/Him
Michael Rutter He/Him","Dimir Mill
Izzet Spellementals",1-1-1 Draw
Round 3,297,"Ghostfire17605 He/Him
Corrlight He/Him","Golgari Midrange
Azorius Prison",Ghostfire17605 won 2-0-0
Round 3,298,"Foreverloney He/Him
darkblueturbo He/Him","Mono-Green Landfall
Izzet Spellementals",darkblueturbo won 2-0-0
Round 3,299,"Jacob Vogts He/Him
Overgrime He/They","Izzet Lessons
Dimir Midrange",Jacob Vogts won 2-0-0
Round 3,300,"Vincenzo Manzari She/Her
Sam Milner He/Him","Izzet Prowess
Izzet Prowess",Sam Milner won 2-1-0
Round 3,301,"MaruMtg He/Him
NilHomar","Izzet Prowess
Golgari Midrange",MaruMtg won 2-1-0
Round 4,-,Alexander Maier He/Him,Izzet Lessons,Alexander Maier was assigned a bye
Round 4,1,"Jamie Walsh He/Him
Tobia Daniele Nappi He/Him","Four-Color Control
Four-Color Control",Tobia Daniele Nappi won 2-1-0
Round 4,2,"Masaya_Hoshino He/Him
Titouan LE BERRE He/Him","Izzet Prowess
Izzet Prowess",Titouan LE BERRE won 2-0-0
Round 4,3,"Yat Ka Leung He/Him
Narzyss","Izzet Prowess
Azorius Prison",Yat Ka Leung won 2-1-0
Round 4,4,"pizzangry He/Him
Valentin Orru He/Him","Izzet Prowess
Izzet Prowess",Valentin Orru won 2-1-0
Round 4,5,"Dan Rose
Juan Godoy He/Him","Izzet Lessons
Four-Color Elementals",Juan Godoy won 2-1-0
Round 4,6,"TheRiedl He/Him
Gary Smith He/Him","Izzet Lessons
Jeskai Control",TheRiedl won 2-0-0
Round 4,7,"EricZhou He/Him
Mathew Mitchell He/Him","Izzet Prowess
Jeskai Control",EricZhou won 2-1-0
Round 4,8,"Daniel Lind He/Him
Callum Laird He/Him","Selesnya Landfall
Izzet Prowess",Callum Laird won 2-1-0
Round 4,9,"Marian Bunganic He/Him
Yanatoy","Izzet Lessons
Izzet Opus",Marian Bunganic won 2-1-0
Round 4,10,"Draysor He/Him
Philipp Schwaiger","Selesnya Landfall
Abzan Bats",Draysor won 2-1-0
Round 4,11,"Charles Rivet He/Him
Klaus_Mikaelson He/Him","Izzet Prowess
Four-Color Control",Charles Rivet won 2-0-0
Round 4,12,"woebringer He/Him
filpin He/Him","Izzet Prowess
Selesnya Ouroboroid",woebringer won 2-0-0
Round 4,13,"Tommi Erola He/Him
Andy Stephens He/Him","Mono-Green Landfall
Selesnya Landfall",Tommi Erola won 2-0-0
Round 4,14,"Gerardo D'Elia He/Him
Verena Maccari She/Her","Jeskai Control
Izzet Prowess",Gerardo D'Elia won 2-1-0
Round 4,15,"Chris Mander He/Him
Koen de Vos","Izzet Prowess
Azorius Momo",Koen de Vos won 2-1-0
Round 4,16,"Neil Deacon He/Him
JackTheJester He/Him","Izzet Prowess
Four-Color Control",JackTheJester won 2-1-0
Round 4,17,"Daniele Vinciguerra He/Him
swxgv He/Him","Dimir Excruciator
Izzet Prowess",swxgv won 2-1-0
Round 4,18,"Nathan McDowell He/Him
DarkDeno","Izzet Prowess
Selesnya Landfall",DarkDeno won 2-0-0
Round 4,19,"felipins He/Him
George Worsnop He/Him","Dimir Excruciator
Izzet Prowess",felipins won 2-1-0
Round 4,20,"Charles Eliatamby He/Him
Harry Burke He/Him","Bant Rhythm
Azorius Momo",Charles Eliatamby won 2-1-0
Round 4,21,"TomaszDudziec He/Him
Kamen Kamenov He/Him","Izzet Prowess
Four-Color Elementals",TomaszDudziec won 2-1-0
Round 4,22,"Pierre Liebsch He/Him
Alvaro Fernandez Torres He/Him","Temur Harmonizer
Izzet Prowess",Alvaro Fernandez Torres won 2-0-0
Round 4,23,"Ethanv83 He/Him
Christian Kerr He/Him","Selesnya Landfall
Selesnya Landfall",Ethanv83 won 2-0-0
Round 4,24,"AlexMacIsaac He/Him
Lucas Hyttel He/Him","Izzet Prowess
Mono-Green Landfall",AlexMacIsaac won 2-0-0
Round 4,25,"Vittorio Viti
Maxime Desiront He/Him","Four-Color Control
Sultai Reanimator",Maxime Desiront won 2-0-0
Round 4,26,"Craig Tanner He/Him
Piotr Głogowski He/Him","Izzet Prowess
Izzet Lessons",Piotr Głogowski won 2-0-0
Round 4,27,"Callum Bousfield
Kristoffer Roland He/Him","Izzet Prowess
Gruul Leyline",Kristoffer Roland won 2-1-0
Round 4,28,"Michael Boardman He/Him
fabse He/Him","Mono-Red Aggro
Izzet Prowess",Michael Boardman won 2-0-0
Round 4,29,"Enchanted He/Him
Louis Wilder He/Him","Temur Omniscience
Izzet Prowess",Louis Wilder won 2-1-0
Round 4,30,"Gonaclo Magalhães Diogo He/Him
Andrew Fiedler He/Him","Izzet Prowess
Dimir Excruciator",Gonaclo Magalhães Diogo won 2-1-0
Round 4,31,"Luke Merryweather He/Him
Marco Capitanio","Izzet Lessons
Izzet Lessons",Marco Capitanio won 2-1-0
Round 4,32,"Michael Baalham
Guliver He/Him","Selesnya Landfall
Selesnya Landfall",Michael Baalham won 2-0-0
Round 4,33,"Ben Seck He/Him
StannersPOTUS","Bant Rhythm
Mardu Discard",StannersPOTUS won 2-1-0
Round 4,34,"Stanislau Zubovich He/Him
Gargaroth He/Him","Izzet Prowess
Simic Ouroboroid",Stanislau Zubovich won 2-1-0
Round 4,35,"David Dunitza He/Him
Christian Rothen He/Him","Izzet Spellementals
Jeskai Control",Christian Rothen won 2-0-0
Round 4,36,"Robert Young He/Him
Jonatan Svendsen He/Him","Golgari Ouroboroid
Selesnya Landfall",Jonatan Svendsen won 2-0-0
Round 4,37,"tip He/Him
Peppo0212 They/Them","Selesnya Ouroboroid
Izzet Lessons",tip won 2-1-0
Round 4,38,"Yann-Guillaume Jaccard He/Him
Noah Anderson Weiskircher They/Them","Allies
Izzet Lessons",Yann-Guillaume Jaccard won 2-0-0
Round 4,39,"EricNewton He/Him
Nick Arnold He/Him","Jeskai Control
Dimir Excruciator",EricNewton won 2-1-0
Round 4,40,"197564 He/Him
ItMakesSens He/Him","Azorius Prison
Selesnya Landfall",ItMakesSens won 2-0-0
Round 4,41,"Alex Hillier He/Him
Rookiemookie He/Him","Four-Color Elementals
Jeskai Control",Rookiemookie won 2-0-0
Round 4,42,"Christian Mayr He/Him
Philippe Wirz He/Him","Four-Color Elementals
Azorius Prison",Christian Mayr won 2-0-0
Round 4,43,"Coulsy He/Him
GliedTamas He/Him","Azorius Artifacts
Sultai Control",Coulsy won 2-1-0
Round 4,44,"Jakub Janáč
Stephanos Economides He/Him","Izzet Prowess
Dimir Excruciator",Jakub Janáč won 2-1-0
Round 4,45,"Raynor Kuang He/Him
Geko","Boros Dragons
Izzet Aggro",Raynor Kuang won 2-0-0
Round 4,46,"Picomtg
Jakub Pardubsky He/Him","Bant Rhythm
Bant Rhythm",Picomtg won 2-1-0
Round 4,47,"Pirrakos He/Him
BenR4","Dimir Excruciator
Jeskai Control",Pirrakos won 2-0-0
Round 4,48,"Nathan Goldberg He/Him
Oscar Christensen He/Him","Selesnya Rhythm
Selesnya Ouroboroid",Nathan Goldberg won 2-0-0
Round 4,49,"Tom Law He/Him
Sören Liesener He/Him","Selesnya Landfall
Selesnya Ouroboroid",Sören Liesener won 2-1-0
Round 4,50,"Nikita Yurochko He/Him
Hannes Brandstetter","Dimir Midrange
Selesnya Landfall",Nikita Yurochko won 2-1-0
Round 4,51,"AdriaGarciaSarmiento He/Him
Wojciech Kowalczuk He/Him","Azorius Prison
Selesnya Landfall",Wojciech Kowalczuk won 2-0-0
Round 4,52,"Edgar Baumler He/Him
Paul Farnsworth","Bant Rhythm
Dimir Excruciator",Paul Farnsworth won 2-1-0
Round 4,53,"Alexander Stehno
Tien Thanh Pham He/Him","Jeskai Control
Azorius Prison",Alexander Stehno won 2-0-0
Round 4,54,"Will Berrington He/Him
Victor Simon Wilhelm Lumholtz He/Him","Mono-Green Landfall
Selesnya Ouroboroid",Victor Simon Wilhelm Lumholtz won 2-0-0
Round 4,55,"Lena Marchant She/Her
alexwalton64 He/Him","Izzet Lessons
Izzet Spellementals",Lena Marchant won 2-0-0
Round 4,56,"Noz777 He/Him
djsuk She/Her","Izzet Spellementals
Orzhov Lifegain",Noz777 won 2-1-0
Round 4,57,"Francisco Sanchez
Kristoffer Payumo He/Him","Izzet Prowess
Four-Color Elementals",Kristoffer Payumo won 2-1-0
Round 4,58,"Nick Rogiers He/Him
George Stuart He/Him","Dimir Excruciator
Izzet Spellementals",Nick Rogiers won 2-1-0
Round 4,59,"Ine Jernelv
Dylan Coates He/Him","Izzet Lessons
Izzet Lessons",Ine Jernelv won 2-1-0
Round 4,60,"Etienne Foare He/Him
Dominic Ulke He/Him","Izzet Lessons
Izzet Prowess",1-1-1 Draw
Round 4,61,"Theodor eliassen He/Him
Nostromo He/Him","Izzet Lessons
Izzet Prowess",Theodor eliassen won 2-1-0
Round 4,62,"Andrew Berry
Horia Vernescu He/Him","Izzet Spellementals
Selesnya Ouroboroid",Horia Vernescu won 2-0-0
Round 4,63,"soufian hriz He/Him
Nicolas Prail He/Him","Izzet Spellementals
Izzet Prowess",soufian hriz won 2-0-0
Round 4,64,"Alvaro Nicosia He/Him
Marco Vassallo He/Him","Izzet Prowess
Sultai Excruciator",Alvaro Nicosia won 2-1-0
Round 4,65,"Juan Manuel Lorenzi He/Him
Jacob1200 He/Him","Selesnya Landfall
Azorius Otters",Jacob1200 won 2-1-0
Round 4,66,"Unkillable13 He/Him
Bilbo_Baggins","Izzet Prowess
Izzet Prowess",Bilbo_Baggins won 2-0-0
Round 4,67,"gabriele tribulato Ze/zir
Calum Gittins He/Him","Bant Rhythm
Izzet Prowess",gabriele tribulato won 2-1-0
Round 4,68,"Rakhi09 She/They
Ondrej Strasky He/Him","Izzet Prowess
Izzet Lessons",Ondrej Strasky won 2-1-0
Round 4,69,"Marcio Carvalho
DThomps He/Him","Selesnya Landfall
Izzet Prowess",Marcio Carvalho won 2-0-0
Round 4,70,"Pier Paolo Moro They/Them
Cristian Jimenez He/Him","Izzet Prowess
Four-Color Control",Pier Paolo Moro won 2-1-0
Round 4,71,"Crowtaur She/Her
Decio Sacco He/Him","Izzet Prowess
Selesnya Ouroboroid",Decio Sacco won 2-0-0
Round 4,72,"ZakP He/Him
drakharrris He/Him","Mono-Green Landfall
Izzet Lessons",drakharrris won 2-1-0
Round 4,73,"Mihaly Varadi He/Him
Pedro Lemos He/Him","Azorius Prison
Selesnya Ouroboroid",Pedro Lemos won 2-1-0
Round 4,74,"Cantthinkofanything
André Compal","Mono-Green Landfall
Selesnya Landfall",Cantthinkofanything won 2-1-0
Round 4,75,"Stefanos Fotiadis
Jack Young He/Him","Izzet Prowess
Izzet Spellementals",Jack Young won 2-1-0
Round 4,76,"James Jenkins He/Him
Charlie Kennett He/Him","Izzet Prowess
Dimir Excruciator",Charlie Kennett won 2-1-0
Round 4,77,"AlexRoebuck He/Him
seany He/Him","Izzet Prowess
Izzet Lessons",AlexRoebuck won 2-0-0
Round 4,78,"Francesco Latorre He/Him
Tifenn Samyn She/Her","Izzet Prowess
Izzet Spellementals",Francesco Latorre won 2-0-0
Round 4,79,"karim mzoughi
Patrickleydecker He/Him","Grixis Lizards
Izzet Spellementals",Patrickleydecker won 2-1-0
Round 4,80,"art3mique
oldemodave He/Him","Izzet Lessons
Dimir Deceit",oldemodave won 2-0-0
Round 4,81,"Alex Winter
Pedro Magalhães He/Him","Boros Mobilize
Boros Dragons",Alex Winter won 2-0-0
Round 4,82,"Landstar He/They
CraigLong He/Him","Selesnya Ouroboroid
Dimir Excruciator",CraigLong won 2-0-0
Round 4,83,"Marco Vay He/Him
Petr96 He/Him","Dimir Excruciator
Four-Color Control",Petr96 won 2-1-0
Round 4,84,"no_justice_mtg She/Her
DanS106 He/Him","Four-Color Control
Izzet Spellementals",DanS106 won 2-1-0
Round 4,85,"Björn Kimminich He/Him
Léo Guimard He/Him","Izzet Prowess
Selesnya Landfall",Léo Guimard won 2-1-0
Round 4,86,"Thomas Chenery He/Him
Leonardo Canalejo He/Him","Izzet Spellementals
Boros Dragons",Thomas Chenery won 2-0-0
Round 4,87,"Josef Zivec He/Him
Orry He/Him","Bant Rhythm
Izzet Spellementals",Orry won 2-1-0
Round 4,88,"Victor Manuel Graveto
Mikkel Vestergaard He/Him","Azorius Prison
Four-Color Control",Mikkel Vestergaard won 2-0-0
Round 4,89,"Maciej Olczak He/Him
spikesmaster He/Him","Selesnya Landfall
Selesnya Ouroboroid",Maciej Olczak won 2-1-0
Round 4,90,"Thomas Duffy He/Him
Jammyf99 He/Him","Selesnya Landfall
Sultai Reanimator",Jammyf99 won 2-1-0
Round 4,91,"DavidGrant
Maciej Barwik He/Him","Selesnya Ouroboroid
Izzet Prowess",Maciej Barwik won 2-1-0
Round 4,92,"Lewis Foster He/Him
Shadybadger46 He/Him","Selesnya Landfall
Mono-Blue Control",Lewis Foster won 2-0-0
Round 4,93,"Idris Killen He/Him
Emilio Morabito","Izzet Lessons
Izzet Prowess",Idris Killen won 2-1-0
Round 4,94,"JamesTaylor He/Him
Dotraki","Selesnya Landfall
Izzet Prowess",JamesTaylor won 2-1-0
Round 4,95,"Daniel Larsen He/Him
Tudor Marin He/Him","Selesnya Landfall
Selesnya Ouroboroid",Tudor Marin won 2-1-0
Round 4,96,"Nicholas Brown
Storm Losell He/Him","Selesnya Landfall
Selesnya Landfall",Nicholas Brown won 2-1-0
Round 4,97,"Lukas Paugsch
Jamie Popay He/Him","Dimir Excruciator
Golgari Midrange",Lukas Paugsch won 2-0-0
Round 4,98,"Geri925 He/Him
Manuel Danninger He/Him","Selesnya Rhythm
Izzet Lessons",Manuel Danninger won 2-0-0
Round 4,99,"Martin Ramos He/Him
Ozan Sevsevil He/Him","Mono-White Momo
Jeskai Control",Martin Ramos won 2-1-0
Round 4,100,"nartin9 He/Him
HarW7","Izzet Prowess
Four-Color Control",HarW7 won 2-0-0
Round 4,101,"Jacob Borrowdale He/Him
Skite He/They","Izzet Prowess
Selesnya Landfall",Skite won 2-0-0
Round 4,102,"Verduyn He/Him
Franco Cicchini He/Him","Izzet Prowess
Izzet Prowess",Verduyn won 2-1-0
Round 4,103,"Justien Balay
Louis-Samuel Deltour","Selesnya Ouroboroid
Izzet Prowess",Louis-Samuel Deltour won 2-1-0
Round 4,104,"EvanColly He/Him
Jonah Strommenger He/Him","Izzet Prowess
Izzet Prowess",Jonah Strommenger won 2-1-0
Round 4,105,"Francesco Vitiello He/Him
Julian Lamprecht He/Him","Selesnya Landfall
Selesnya Landfall",Julian Lamprecht won 2-1-0
Round 4,106,"AgentEdward
André Santos","Izzet Prowess
Selesnya Landfall",André Santos won 2-0-0
Round 4,107,"Jack Buckland
pileshuffle","Selesnya Landfall
Four-Color Elementals",Jack Buckland won 2-1-0
Round 4,108,"Dorian Wiese He/Him
Martin Forrester He/They","Golgari Midrange
Sultai Reanimator",Martin Forrester won 2-0-0
Round 4,109,"Filipe Gusmão He/Him
Miguel Magalhaes He/Him","Golgari Demons
Selesnya Ouroboroid",Filipe Gusmão won 2-0-0
Round 4,110,"Dawid Florczyk
Liam Tiller-Collins He/Him","Izzet Lessons
Selesnya Ouroboroid",Liam Tiller-Collins won 2-0-0
Round 4,111,"Elevenzees He/Him
Alexey Paulot He/Him","Izzet Lessons
Temur Lessons",Alexey Paulot won 2-1-0
Round 4,112,"Vincent Reiter He/Him
Juri Barkey He/Him","Izzet Prowess
Izzet Spellementals",Vincent Reiter won 2-1-0
Round 4,113,"Luis Gobern He/Him
Jacopo Bartollini He/Him","Bant Rhythm
Azorius Prison",Jacopo Bartollini won 2-1-0
Round 4,114,"gwendalvador He/Him
Gwen Wall She/Her","Selesnya Landfall
Azorius Prison",gwendalvador won 2-1-0
Round 4,115,"Ignacio Garcia He/Him
Andrei Nikolov","Azorius Momo
Izzet Prowess",Ignacio Garcia won 2-0-0
Round 4,116,"Noah Bacine He/Him
jwhiley93 He/Him","Jeskai Control
Orzhov Sacrifice",Noah Bacine won 2-1-0
Round 4,117,"Marco Oliveto He/Him
ClaudioBisioo","Golgari Rhythm
Four-Color Control",ClaudioBisioo won 2-0-0
Round 4,118,"Mehdi Khelfa He/Him
milesofford He/Him","Izzet Prowess
Sultai Reanimator",milesofford won 2-0-0
Round 4,119,"Alex Campbell
Gavin Thacker","Jeskai Control
Boros Dragons",Alex Campbell won 2-0-0
Round 4,120,"Arwad He/Him
Jan Pruchniewicz He/Him","Dimir Midrange
Simic Omniscience",Arwad won 2-1-0
Round 4,121,"StuBoi3
Jacob Hauch","Dimir Midrange
Azorius Prison",Jacob Hauch won 2-0-0
Round 4,122,"Jorge Muniz
Jadrzwi He/Him","Dimir Excruciator
Izzet Lessons",Jorge Muniz won 2-0-0
Round 4,123,"Christian Smith He/Him
Patrick Burchert He/Him","Azorius Prison
Azorius Prison",Christian Smith won 2-1-0
Round 4,124,"George Berrett He/Him
ShababC He/Him","Dimir Excruciator
Simic Rhythm",George Berrett won 2-1-0
Round 4,125,"Aidan Currah
Bryant Yang He/Him","Selesnya Landfall
Izzet Prowess",Bryant Yang won 2-1-0
Round 4,126,"jundazhang He/Him
Daniel Lewis He/Him","Izzet Prowess
Four-Color Control",jundazhang won 2-0-0
Round 4,127,"Tadhg Murphy
Ben Jones","Izzet Prowess
Izzet Lessons",Ben Jones won 2-1-0
Round 4,128,"RyanNorthcott He/Him
Daniel Bjerkan He/Him","Boros Momo
Selesnya Landfall",RyanNorthcott won 2-1-0
Round 4,129,"Edward Cushion He/Him
NicolasM He/Him","Izzet Lessons
Four-Color Control",Edward Cushion won 2-0-0
Round 4,130,"Stefan Schütz
MangoMango She/Her","Bant Rhythm
Jeskai Control",MangoMango won 2-0-0
Round 4,131,"AnilDG He/Him
LinkangYang He/Him","Azorius Prison
Izzet Lessons",AnilDG won 2-1-0
Round 4,132,"Andreas Nordahl
Douglas Penman He/Him","Izzet Lessons
Selesnya Ouroboroid",Douglas Penman won 2-1-0
Round 4,133,"Stefan Kramm
Jake Swales He/They","Boros Dragons
Izzet Lessons",Stefan Kramm won 2-1-0
Round 4,134,"Inherentmac He/Him
Josh Corless He/Him","Grixis Discard
Izzet Spellementals",Josh Corless won 2-1-0
Round 4,135,"Francesco Alacca He/Him
SimD22","Izzet Lessons
Jeskai Control",SimD22 won 2-0-0
Round 4,136,"Nabil
ViolentRich He/Him","Izzet Prowess
Izzet Prowess",Nabil won 2-1-0
Round 4,137,"Niels Wardenier He/Him
Manuel Nowak He/Him","Azorius Prison
Selesnya Rhythm",Manuel Nowak won 2-1-0
Round 4,138,"Sean Goddard He/Him
oDwin He/Him","Selesnya Ouroboroid
Orzhov Momo",Sean Goddard won 2-0-0
Round 4,139,"Robert Bailey He/Him
christian gullberg He/Him","Izzet Prowess
Izzet Spellementals",Robert Bailey won 2-1-0
Round 4,140,"Jonny Gu He/Him
Matt MT He/Him","Izzet Spellementals
Sultai Reanimator",Matt MT won 2-1-0
Round 4,141,"Alice Casey She/Her
Zurgo128","Izzet Spellementals
Izzet Lessons",Zurgo128 won 2-0-0
Round 4,142,"Alex Göbel He/Him
HoneycombH She/Her","Dimir Midrange
Selesnya Landfall",HoneycombH won 2-0-0
Round 4,143,"Fabian Klein
James Ball He/Him","Dimir Excruciator
Izzet Prowess",Fabian Klein won 2-0-0
Round 4,144,"Filip Tetera He/Him
RoreosaRory He/Him","-
-",Filip Tetera won 2-1-0
Round 4,145,"DanoClark
Brad Barclay He/Him","Four-Color Control
Four-Color Control",1-1-1 Draw
Round 4,146,"GiuseppeG He/Him
superaggo He/Him","Selesnya Landfall
Four-Color Elementals",GiuseppeG won 2-1-0
Round 4,147,"Carlos Pacheco He/Him
jlc93 He/Him","Four-Color Control
Selesnya Rabbits",Carlos Pacheco won 2-0-0
Round 4,148,"Salvatore Cardali
Andrei M He/Him","Azorius Prison
Izzet Prowess",Salvatore Cardali won 2-1-0
Round 4,149,"Morgan Lebrument He/Him
Bradley Bunce He/Him","Izzet Prowess
Azorius Prison",1-1-0 Draw
Round 4,150,"RyaS
Zues He/Him","Naya Yuna
Izzet Prowess",Zues won 2-1-0
Round 4,151,"AARB12 He/Him
Fabian Jonckeer He/Him","Azorius Prison
Mono-Green Landfall",Fabian Jonckeer won 2-0-0
Round 4,152,"Yiannis Kyriazis
Gustavo Colon He/Him","Four-Color Control
Four-Color Control",0-0-3 Draw
Round 4,153,"AdamPC He/Him
CJ Vice He/Him","Izzet Prowess
Esper Oculus",CJ Vice won 2-1-0
Round 4,154,"M0J0 He/Him
Mattia Colombo He/Him","Dimir Midrange
Dimir Control",M0J0 won 2-1-0
Round 4,155,"Marie Kirkkola She/Her
JoaoM He/Him","Selesnya Landfall
Izzet Prowess",JoaoM won 2-1-0
Round 4,156,"Zaraffyro
Pascal van Alphen","Izzet Prowess
Izzet Prowess",Zaraffyro won 2-1-0
Round 4,157,"Riccardo Bragato He/Him
Giulio Tommaso Gomitoni","Selesnya Rhythm
Izzet Lessons",Giulio Tommaso Gomitoni won 2-1-0
Round 4,158,"MY13Dragonfly They/Them
ucoconut871 Other","Bant Rhythm
Izzet Prowess",ucoconut871 won 2-1-0
Round 4,159,"Mae French She/Her
Cal91 He/Him","Izzet Lessons
Dimir Deceit",Mae French won 2-1-0
Round 4,160,"Syyslehti He/Him
shaneoc He/Him","Izzet Spellementals
Izzet Prowess",shaneoc won 2-0-0
Round 4,161,"KeesvanMontfoort
HarryPendall","Izzet Prowess
Izzet Lessons",HarryPendall won 2-0-0
Round 4,162,"Mangara He/Him
jamestimms He/They","Azorius Prison
Azorius Prison",Mangara won 2-0-0
Round 4,163,"Vincent Pernel He/Him
DarioCavallone","Dimir Artifacts
Bant Rhythm",DarioCavallone won 2-1-0
Round 4,164,"Teemu Alanko He/Him
Chris Grenville He/Him","Mono-White Momo
Izzet Prowess",Teemu Alanko won 2-0-0
Round 4,165,"Adam Jansson He/Him
AndrewHM He/They","Izzet Prowess
Azorius Control",Adam Jansson won 2-1-0
Round 4,166,"guislaindumont
Rasmus Nilsson He/Him","Azorius Prison
Selesnya Landfall",Rasmus Nilsson won 2-0-0
Round 4,167,"CelestinBARRE He/Him
Jasper Nielsen He/Him","Golgari Skeletons
Izzet Spellementals",Jasper Nielsen won 2-0-0
Round 4,168,"Rory McKay He/Him
Xifan He/Him","Azorius Momo
Izzet Prowess",Rory McKay won 2-1-0
Round 4,169,"RobinVahland He/Him
Sindre Mortensen","Songcrafter Control
Selesnya Rhythm",RobinVahland won 2-1-0
Round 4,170,"Luke Doyle He/Him
Jacob Vogts He/Him","Izzet Prowess
Izzet Lessons",Jacob Vogts won 2-1-0
Round 4,171,"Leif Schöniger He/Him
Goblingrenade He/Him","Selesnya Landfall
Azorius Momo",Goblingrenade won 2-0-0
Round 4,172,"darkblueturbo He/Him
Dylan Gregory-Martin He/They","Izzet Spellementals
Izzet Spellementals",Dylan Gregory-Martin won 2-0-0
Round 4,173,"Oliver Frith He/Him
Jonathan Lee","Simic Omniscience
Izzet Lessons",Jonathan Lee won 2-0-0
Round 4,174,"AndyHenwood
Lucca LiPuma","Mono-Green Landfall
Izzet Prowess",Lucca LiPuma won 2-1-0
Round 4,175,"Shadow_helm He/Him
Jari Rentsch He/Him","Azorius Artifacts
Izzet Prowess",Jari Rentsch won 2-0-0
Round 4,176,"Robin Clark She/Her
Cartheron Other","Sultai Reanimator
Mono-Black Demons",Cartheron won 2-1-0
Round 4,177,"Emil Rasmussen He/Him
Kim Homsma He/Him","Selesnya Landfall
Selesnya Landfall",Kim Homsma won 2-1-0
Round 4,178,"Andrea Piemonti He/Him
Lucas Jensen He/They","Izzet Lessons
Jeskai Control",Lucas Jensen won 2-1-0
Round 4,179,"Kun150 He/Him
Nuno Duarte","Dimir Excruciator
Dimir Deceit",Nuno Duarte won 2-0-0
Round 4,180,"Dom He/Him
RomainAlexandre He/Him","-
-",Dom won 2-1-0
Round 4,181,"Tim Paplewski He/Him
Daniel Johnson He/Him","Dimir Excruciator
Azorius Prison",1-1-0 Draw
Round 4,182,"Claes de Graaff
Viktor Hybinette He/Him","Izzet Prowess
Golgari Demons",Viktor Hybinette won 2-1-0
Round 4,183,"Léo Thiémard He/Him
Francesco Ghelli He/Him","Bant Rhythm
Selesnya Ouroboroid",Francesco Ghelli won 2-0-0
Round 4,184,"Ghostfire17605 He/Him
Johnathan Wilkes He/Him","Golgari Midrange
Golgari Demons",Johnathan Wilkes won 2-1-0
Round 4,185,"Sebastian Sachse
kristofff He/Him","Temur Harmonizer
Dimir Excruciator",Sebastian Sachse won 2-1-0
Round 4,186,"vixmac22 She/Her
Freddie Barber He/Him","Izzet Spellementals
Gruul Leyline",Freddie Barber won 2-1-0
Round 4,187,"EriS28 He/Him
Roberto Fabiani","Izzet Prowess
Grixis Deceit",Roberto Fabiani won 2-1-0
Round 4,188,"Seal100 He/Him
Derek Choi He/Him","Dimir Bounce
Dimir Excruciator",Seal100 won 2-1-0
Round 4,189,"Tom8520 He/Him
jruxc","Bant Rhythm
Dimir Excruciator",Tom8520 won 2-1-0
Round 4,190,"LuiC2 He/Him
Truls Mathisen He/Him","Azorius Artifacts
Mono-Blue Spellementals",Truls Mathisen won 2-1-0
Round 4,191,"Emelia St John She/They
Lubos Leskovjansky He/They","Izzet Spellementals
Mono-White Momo",Emelia St John won 2-1-0
Round 4,192,"Cosmin Achim He/Him
Daniel Aranyi He/Him","Mardu Demons
Izzet Spellementals",Cosmin Achim won 2-0-0
Round 4,193,"Pär Jones He/Him
Dan Stokes He/Him","Golgari Midrange
Four-Color Control",Pär Jones won 2-1-0
Round 4,194,"Simon Leigh
Rodney Bedell","Izzet Spellementals
Selesnya Landfall",Rodney Bedell won 2-0-0
Round 4,195,"FerruccioMicheli He/Him
ALANBBBK He/Him","Selesnya Landfall
Sultai Changeling",FerruccioMicheli won 2-0-0
Round 4,196,"Lee Medhurst He/Him
mundisv He/Him","Four-Color Elementals
Izzet Prowess",Lee Medhurst won 2-0-0
Round 4,197,"Kieran Malloy He/Him
HarryHollingworth He/They","Izzet Prowess
Bant Rhythm",HarryHollingworth won 2-0-0
Round 4,198,"Julian Riedener He/Him
Alberto Santos","Bant Rhythm
Izzet Prowess",Alberto Santos won 2-0-0
Round 4,199,"Pebus101 He/Him
Gwendolyn Noble She/Her","Bant Rhythm
Bant Rhythm",Pebus101 won 2-0-0
Round 4,200,"Drew Martin He/Him
Hal8999 He/Him","Izzet Prowess
Izzet Lessons",Hal8999 won 2-0-0
Round 4,201,"RamC1 He/Him
Sandro1811 He/Him","Izzet Lessons
Dimir Bounce",Sandro1811 won 2-0-0
Round 4,202,"JoaoCorvina Other
SkottCooper He/Him","Selesnya Landfall
Azorius Prison",SkottCooper won 2-1-0
Round 4,203,"Kjetil Wevling He/Him
Zijun Wang He/Him","Izzet Spellementals
Temur Harmonizer",Kjetil Wevling won 2-1-0
Round 4,204,"Nomae He/Him
Nate314 He/Him","Selesnya Ouroboroid
Mono-White Momo",Nate314 won 2-0-0
Round 4,205,"louisfrith He/Him
Antoine Bernier He/Him","Azorius Prison
Izzet Lessons",louisfrith won 2-0-0
Round 4,206,"Sandiagos He/Him
Leaham He/Him","Abzan Lifegain
Selesnya Landfall",Sandiagos won 2-0-0
Round 4,207,"Dominic White He/Him
Vince Geluk He/Him","Dimir Deceit
Jeskai Control",Dominic White won 2-1-0
Round 4,208,"Mirand Shtërbani He/Him
Keanjoy He/Him","Four-Color Control
Izzet Prowess",1-1-0 Draw
Round 4,209,"Andreas Foreman Jensen He/Him
Martin Richardson He/Him","Selesnya Ouroboroid
Azorius Control",Andreas Foreman Jensen won 2-1-0
Round 4,210,"Gabriele1991 He/Him
Brady Crooks He/Him","Selesnya Landfall
Izzet Lessons",Brady Crooks won 2-0-0
Round 4,211,"Gonçalo Paneiro He/Him
Pier Iaquinta He/Him","Izzet Prowess
Jeskai Control",Gonçalo Paneiro won 2-0-0
Round 4,212,"Dafta He/Him
Sytse He/Him","Mono-Green Landfall
Sultai Control",Dafta won 2-0-0
Round 4,213,"Aeryn McCann She/They
Matthieu Tassa He/Him","Izzet Lessons
Izzet Prowess",Matthieu Tassa won 2-0-0
Round 4,214,"Phillip Scutter-Cairns He/Him
Jack Goldsworthy He/Him","Jeskai Control
Izzet Prowess",Jack Goldsworthy won 2-1-0
Round 4,215,"LuigiC He/Him
Yannick29000 He/Him","Golgari Demons
Izzet Prowess",Yannick29000 won 2-0-0
Round 4,216,"Alexander Mehta He/Him
pamkung She/Her","Izzet Prowess
Bant Rhythm",pamkung won 2-0-0
Round 4,217,"dietcruella She/Her
EtherealBlue She/Her","Dimir Excruciator
Izzet Spellementals",dietcruella won 2-1-0
Round 4,218,"Robert Wiseman
Alexander Gordon-Brown He/Him","Izzet Prowess
Sultai Control",Robert Wiseman won 2-0-0
Round 4,219,"Ashley Baden He/Him
Daniele Scatassi","Mono-Green Landfall
Izzet Prowess",Ashley Baden won 2-0-0
Round 4,220,"bugthefriend She/Her
Elia Libralato He/Him","Dimir Midrange
Bant Rhythm",Elia Libralato won 2-0-0
Round 4,221,"manyrollies
Enrico Libralato He/Him","Izzet Spellementals
Azorius Prison",Enrico Libralato won 2-0-0
Round 4,222,"Mclockin He/Him
Kyle Brennan He/Him","Selesnya Ouroboroid
Azorius Prison",Mclockin won 2-1-0
Round 4,223,"Alex Day
Siamon He/Him","Gruul Leyline
Selesnya Ouroboroid",Siamon won 2-0-0
Round 4,224,"StrongEUW He/Him
Kevin Broløs He/Him","Gruul Harmonizer
Izzet Prowess",Kevin Broløs won 2-1-0
Round 4,225,"ADSandslash He/They
enraeh He/Him","Azorius Artifacts
Sultai Excruciator",enraeh won 2-1-0
Round 4,226,"Bratwurst
Tim Priwe He/Him","Selesnya Landfall
Izzet Prowess",Tim Priwe won 2-1-0
Round 4,227,"Krister Karlsen He/Him
ANNAVALILA He/Him","Bant Rhythm
Izzet Prowess",ANNAVALILA won 2-0-0
Round 4,228,"Alexandre Furstenberger He/Him
Nigel Stikker He/Him","Bant Rhythm
Izzet Spellementals",Nigel Stikker won 2-1-0
Round 4,229,"Adam Davis He/Him
Zak Cowen","Izzet Lessons
Izzet Prowess",Zak Cowen won 2-1-0
Round 4,230,"WillKillsTime He/Him
MaruMtg He/Him","Izzet Prowess
Izzet Prowess",WillKillsTime won 2-1-0
Round 4,231,"T0bb3 He/Him
Diego Alcalde","Izzet Prowess
Azorius Prison",T0bb3 won 2-1-0
Round 4,232,"Pawel Makles He/Him
Duskfire He/Him","Azorius Prison
Selesnya Landfall",Duskfire won 2-0-0
Round 4,233,"DoubleDavey He/Him
Bolutin He/They","Selesnya Landfall
Dimir Midrange",Bolutin won 2-0-0
Round 4,234,"Félix Maurin He/Him
Magnus Jørgensen He/Him","Orzhov Momo
Izzet Prowess",Félix Maurin won 2-1-0
Round 4,235,"Paul Bittner He/Him
SquirrelSovereign","Azorius Prison
Izzet Prowess",Paul Bittner won 2-0-0
Round 4,236,"Andrew Smith He/Him
Conrad Scherb","Mono-Green Landfall
Jeskai Control",Conrad Scherb won 2-0-0
Round 4,237,"Tomáš Krupička He/Him
tsz shing so He/Him","Selesnya Landfall
Mono-Red Aggro",Tomáš Krupička won 2-0-0
Round 4,238,"Christian Richard He/Him
Grimbakor He/They","Temur Harmonizer
Dimir Monument",Christian Richard won 2-0-0
Round 4,239,"GiorgioCanezin He/Him
IanB3 He/Him","Azorius Prison
Izzet Spellementals",IanB3 won 2-0-0
Round 4,240,"Krzysztof Drzewiecki He/Him
Russell Seeley He/Him","Azorius Repartee
Golgari Midrange",Russell Seeley won 2-1-0
Round 4,241,"Harry_Ersky He/Him
Jonas_Erbe","Izzet Lessons
Simic Rhythm",Harry_Ersky won 2-1-0
Round 4,242,"Dan Robinson
Brian Rasmussen He/Him","Boros Dragons
Dimir Excruciator",Dan Robinson won 2-0-0
Round 4,243,"DomS17 He/Him
ReiLiv She/They","Izzet Prowess
Izzet Prowess",DomS17 won 2-0-0
Round 4,244,"Olphod He/Him
MikeRoss He/They","Mardu Discard
Izzet Lessons",MikeRoss won 2-1-0
Round 4,245,"JoshuaPyleCarter Other
TGalla","Simic Omniscience
Azorius Merfolk",TGalla won 2-0-0
Round 4,246,"Max Staas He/Him
JackNewell He/Him","Dimir Excruciator
Boros Discard",Max Staas won 2-1-0
Round 4,247,"Thoralf Severin He/Him
Sam Milner He/Him","Selesnya Landfall
Izzet Prowess",Thoralf Severin won 2-1-0
Round 4,248,"Olivier Geffroy He/Him
Sergio Seoane He/Him","Izzet Prowess
Selesnya Landfall",Olivier Geffroy won 2-1-0
Round 4,249,"WompRat He/Him
KnuxIBF He/Him","Boros Mobilize
Five-Color Control",WompRat won 2-0-0
Round 4,250,"Gianluca Boaretto He/Him
Philip White He/They","Izzet Spellementals
Izzet Prowess",Gianluca Boaretto won 2-1-0
Round 4,251,"krystianM He/Him
iamkrazy1 He/Him","Izzet Lessons
Izzet Prowess",iamkrazy1 won 2-1-0
Round 4,252,"addypalooza
Andrew Stevenson He/Him","Golgari Crimes
Jeskai Control",Andrew Stevenson won 2-1-0
Round 4,253,"Dan McCarthy He/Him
MasterDPW","Azorius Prison
Four-Color Control",1-1-0 Draw
Round 4,254,"StephenSodusta He/Him
Thomas Walder","Temur Ferocious
Mardu Artifacts",Thomas Walder won 2-1-0
Round 4,255,"ophoox He/Him
Misty Manek She/Her","Boros Dragons
Azorius Prison",Misty Manek won 2-0-0
Round 4,256,"williametchells He/Him
Fabien Li He/Him","Naya Legends
Boros Mobilize",williametchells won 2-1-0
Round 4,257,"Max Spencer He/Him
Stefano Spurio He/Him","Golgari Changelings
Four-Color Elementals",Stefano Spurio won 2-0-0
Round 4,258,"THErev23 He/Him
Badmaths222 He/Him","Azorius Momo
Four-Color Elementals",THErev23 won 2-1-0
Round 4,259,"Kewin Lozicki He/Him
Ode2TheMets He/Him","Azorius Momo
Mono-Green Landfall",Kewin Lozicki won 2-1-0
Round 4,260,"Thraxi He/Him
Jędrek Szmyd He/Him","Mono-Green Landfall
Izzet Lessons",Jędrek Szmyd won 2-1-0
Round 4,261,"SrKaronte He/Him
Hiltinchest He/They","Azorius Artifacts
Izzet Prowess",Hiltinchest won 2-0-0
Round 4,262,"Matteo Silvestri He/Him
L-E-D He/They","Four-Color Elementals
Mono-White Momo",Matteo Silvestri won 2-0-0
Round 4,263,"ClementLumeau He/They
Michael Rutter He/Him","Izzet Prowess
Izzet Spellementals",ClementLumeau won 2-0-0
Round 4,264,"Jay_Flimmzky He/Him
Tolga Sertbas","Dimir Mill
Mono-Red Aggro",Tolga Sertbas won 2-0-0
Round 4,265,"Xcunonophus He/They
Corrlight He/Him","Azorius Artifacts
Azorius Prison",Corrlight won 2-1-0
Round 4,266,"alshay2020 He/Him
Angra He/Him","Izzet Prowess
Mono-White Enchantments",alshay2020 won 2-0-0
Round 4,267,"Sillylio He/Him
Coachjennsen23 He/Him","Temur Stormsplitter
Boros Dragons",Coachjennsen23 won 2-0-0
Round 4,268,"Devis Rossini He/Him
jdwzf He/Him","Bant Rhythm
Izzet Spellementals",Devis Rossini won 2-1-0
Round 4,269,"Svenja Hill She/Her
Mikki Klokkedal He/Him","Mono-Red Aggro
Selesnya Landfall",Mikki Klokkedal won 2-0-0
Round 4,270,"Barnaby Mannox
Scute He/Him","Dimir Excruciator
Dimir Excruciator",Scute won 2-1-0
Round 4,271,"TomR
Stefano Belloni He/Him","Izzet Prowess
Izzet Prowess",TomR won 2-1-0
Round 4,272,"JJ Hidson He/Him
Felix Wieland He/Him","Mono-Green Chocobo
Sultai Midrange",Felix Wieland won 2-0-0
Round 4,273,"Graveturner He/Him
AustinMi He/They","Izzet Lessons
Izzet Prowess",AustinMi won 2-1-0
Round 4,274,"Lilian Lescure He/Him
David Woodland He/Him","Dimir Excruciator
Izzet Spellementals",David Woodland won 2-1-0
Round 4,275,"wuxxd He/Him
EdGlease He/Him","Mono-Green Landfall
Izzet Spellementals",EdGlease won 2-0-0
Round 4,276,"treefr0gg
John Kai Sang Ng He/Him","Mono-Green Landfall
Dimir Excruciator",treefr0gg won 2-0-0
Round 4,277,"Elyacht
Robert Pennington","Izzet Prowess
Simic Omniscience",Robert Pennington won 2-1-0
Round 4,278,"Aras Şenyüz He/Him
plantgirl She/Her","Izzet Prowess
Mono-Blue Spellementals",Aras Şenyüz won 2-1-0
Round 4,279,"Mattia_Pantiri He/Him
jjjimbo They/Them","Izzet Opus
Izzet Lessons",Mattia_Pantiri won 2-1-0
Round 4,280,"Giuseppe Miele He/Him
Hans Ludvig Skovli He/Him","Izzet Lessons
Izzet Prowess",Giuseppe Miele won 2-0-0
Round 4,281,"Overgrime He/They
Metadontmatter He/Him","Dimir Midrange
Jeskai Control",Metadontmatter won 2-0-0
Round 4,282,"Careknight He/Him
Foreverloney He/Him","Azorius Prison
Mono-Green Landfall",Careknight won 2-1-0
Round 4,283,"Adrien Beaussart He/Him
MickMadsen He/Him","Four-Color Elementals
Izzet Spellementals",Adrien Beaussart won 2-0-0
Round 4,284,"Max Blümel He/Him
Luka Fuchs","Izzet Prowess
Mono-Blue Tempo",Luka Fuchs won 2-0-0
Round 4,285,"SimonMercer He/Him
CoreyPeel He/Him","Mono-White Enchantments
Jeskai Control",CoreyPeel won 2-0-0
Round 4,286,"Splitseven He/Him
MatteoLB He/Him","Izzet Lessons
Four-Color Control",MatteoLB won 2-1-0
Round 4,287,"Henry Cooke
Soulblighter","Izzet Prowess
Selesnya Ouroboroid",Henry Cooke won 2-1-0
Round 4,288,"Aaron Tavaler He/Him
ShaC28","Izzet Prowess
Mardu Gambit",ShaC28 won 2-0-0
Round 4,289,"Branoc Richards He/Him
Cedric Gäde","Izzet Prowess
Azorius Prison",Branoc Richards won 2-1-0
Round 4,290,"MatthewKubisa He/Him
Fraser Dallachy He/Him","Mono-Red Firebending
Abzan Cosmogoyf",MatthewKubisa won 2-0-0
Round 4,291,"Vincenzo Manzari She/Her
NilHomar","Izzet Prowess
Golgari Midrange",NilHomar won 2-1-0
Round 4,292,"rtsolo She/They
SayNuthinTillYaSeeClaude He/Him","Mardu Mobilize
Jeskai Control",rtsolo won 2-0-0
Round 4,293,"Luca Fessia He/Him
HowlingFjord He/Him","Selesnya Landfall
Golgari Demons",HowlingFjord won 2-1-0
Round 4,294,"CalMc
AlexG1995 He/Him","Izzet Lessons
Mono-Green Landfall",CalMc won 2-0-0
Round 4,295,"SilK1 He/Him
ollei He/Him","Izzet Prowess
Izzet Prowess",ollei won 2-1-0
Round 4,296,"Cwlvyn He/Him
Jonny 🐘 Edmondson He/Him","Selesnya Landfall
Izzet Prowess",Cwlvyn won 2-1-0
Round 5,1,"Michael Boardman He/Him
TomaszDudziec He/Him","Mono-Red Aggro
Izzet Prowess",TomaszDudziec won 2-1-0
Round 5,2,"Tommi Erola He/Him
TheRiedl He/Him","Mono-Green Landfall
Izzet Lessons",Tommi Erola won 2-1-0
Round 5,3,"Kristoffer Roland He/Him
StannersPOTUS","Gruul Leyline
Mardu Discard",StannersPOTUS won 2-0-0
Round 5,4,"Callum Laird He/Him
JackTheJester He/Him","Izzet Prowess
Four-Color Control",Callum Laird won 2-0-0
Round 5,5,"Juan Godoy He/Him
Charles Rivet He/Him","Four-Color Elementals
Izzet Prowess",Charles Rivet won 2-1-0
Round 5,6,"Koen de Vos
Valentin Orru He/Him","Azorius Momo
Izzet Prowess",Koen de Vos won 2-0-0
Round 5,7,"Draysor He/Him
Tobia Daniele Nappi He/Him","Selesnya Landfall
Four-Color Control",Draysor won 2-1-0
Round 5,8,"Alvaro Fernandez Torres He/Him
Louis Wilder He/Him","Izzet Prowess
Izzet Prowess",Alvaro Fernandez Torres won 2-1-0
Round 5,9,"Stanislau Zubovich He/Him
felipins He/Him","Izzet Prowess
Dimir Excruciator",1-1-0 Draw
Round 5,10,"Titouan LE BERRE He/Him
Marco Capitanio","Izzet Prowess
Izzet Lessons",Titouan LE BERRE won 2-1-0
Round 5,11,"Charles Eliatamby He/Him
AlexMacIsaac He/Him","Bant Rhythm
Izzet Prowess",AlexMacIsaac won 2-1-0
Round 5,12,"Christian Rothen He/Him
Maxime Desiront He/Him","Jeskai Control
Sultai Reanimator",Maxime Desiront won 2-1-0
Round 5,13,"Piotr Głogowski He/Him
Marian Bunganic He/Him","Izzet Lessons
Izzet Lessons",Marian Bunganic won 2-0-0
Round 5,14,"Gonaclo Magalhães Diogo He/Him
DarkDeno","Izzet Prowess
Selesnya Landfall",DarkDeno won 2-0-0
Round 5,15,"Michael Baalham
EricZhou He/Him","Selesnya Landfall
Izzet Prowess",EricZhou won 2-1-0
Round 5,16,"woebringer He/Him
swxgv He/Him","Izzet Prowess
Izzet Prowess",woebringer won 2-0-0
Round 5,17,"Gerardo D'Elia He/Him
Ethanv83 He/Him","Jeskai Control
Selesnya Landfall",Gerardo D'Elia won 2-1-0
Round 5,18,"Yat Ka Leung He/Him
EricNewton He/Him","Izzet Prowess
Jeskai Control",EricNewton won 2-1-0
Round 5,19,"tip He/Him
Jonatan Svendsen He/Him","Selesnya Ouroboroid
Selesnya Landfall",tip won 2-1-0
Round 5,20,"ItMakesSens He/Him
Yann-Guillaume Jaccard He/Him","Selesnya Landfall
Allies",Yann-Guillaume Jaccard won 2-0-0
Round 5,21,"Ondrej Strasky He/Him
Gargaroth He/Him","Izzet Lessons
Simic Ouroboroid",Ondrej Strasky won 2-0-0
Round 5,22,"SimD22
Luke Merryweather He/Him","Jeskai Control
Izzet Lessons",SimD22 won 2-1-0
Round 5,23,"HarW7
Pier Paolo Moro They/Them","Four-Color Control
Izzet Prowess",Pier Paolo Moro won 2-1-0
Round 5,24,"Jonah Strommenger He/Him
Callum Bousfield","Izzet Prowess
Izzet Prowess",Jonah Strommenger won 2-1-0
Round 5,25,"Nathan McDowell He/Him
Raynor Kuang He/Him","Izzet Prowess
Boros Dragons",Nathan McDowell won 2-1-0
Round 5,26,"George Worsnop He/Him
Jack Buckland","Izzet Prowess
Selesnya Landfall",George Worsnop won 2-1-0
Round 5,27,"Fabian Klein
AnilDG He/Him","Dimir Excruciator
Azorius Prison",Fabian Klein won 2-1-0
Round 5,28,"Lena Marchant She/Her
Edward Cushion He/Him","Izzet Lessons
Izzet Lessons",Edward Cushion won 2-1-0
Round 5,29,"Martin Forrester He/They
Alex Campbell","Sultai Reanimator
Jeskai Control",Alex Campbell won 2-1-0
Round 5,30,"Ine Jernelv
Louis-Samuel Deltour","Izzet Lessons
Izzet Prowess",Louis-Samuel Deltour won 2-0-0
Round 5,31,"Cantthinkofanything
Stefan Kramm","Mono-Green Landfall
Boros Dragons",Stefan Kramm won 2-1-0
Round 5,32,"Alex Winter
Verena Maccari She/Her","Boros Mobilize
Izzet Prowess",Alex Winter won 2-1-0
Round 5,33,"Léo Guimard He/Him
Lucas Hyttel He/Him","Selesnya Landfall
Mono-Green Landfall",Léo Guimard won 2-1-0
Round 5,34,"Andrew Fiedler He/Him
pizzangry He/Him","Dimir Excruciator
Izzet Prowess",pizzangry won 2-0-0
Round 5,35,"Maciej Barwik He/Him
Coulsy He/Him","Izzet Prowess
Azorius Artifacts",Maciej Barwik won 2-0-0
Round 5,36,"Vincent Reiter He/Him
Manuel Danninger He/Him","Izzet Prowess
Izzet Lessons",Vincent Reiter won 2-1-0
Round 5,37,"Nick Rogiers He/Him
GiuseppeG He/Him","Dimir Excruciator
Selesnya Landfall",GiuseppeG won 2-1-0
Round 5,38,"Neil Deacon He/Him
Horia Vernescu He/Him","Izzet Prowess
Selesnya Ouroboroid",Neil Deacon won 2-0-0
Round 5,39,"Victor Simon Wilhelm Lumholtz He/Him
Lewis Foster He/Him","Selesnya Ouroboroid
Selesnya Landfall",Victor Simon Wilhelm Lumholtz won 2-1-0
Round 5,40,"Vittorio Viti
RyanNorthcott He/Him","Four-Color Control
Boros Momo",Vittorio Viti won 2-0-0
Round 5,41,"Masaya_Hoshino He/Him
CraigLong He/Him","Izzet Prowess
Dimir Excruciator",Masaya_Hoshino won 2-0-0
Round 5,42,"George Berrett He/Him
Pirrakos He/Him","Dimir Excruciator
Dimir Excruciator",Pirrakos won 2-0-0
Round 5,43,"Idris Killen He/Him
Nabil","Izzet Lessons
Izzet Prowess",Idris Killen won 2-0-0
Round 5,44,"Jacopo Bartollini He/Him
Christian Smith He/Him","Azorius Prison
Azorius Prison",Jacopo Bartollini won 2-1-0
Round 5,45,"Decio Sacco He/Him
Manuel Nowak He/Him","Selesnya Ouroboroid
Selesnya Rhythm",Manuel Nowak won 2-1-0
Round 5,46,"Noah Bacine He/Him
Charlie Kennett He/Him","Jeskai Control
Dimir Excruciator",Noah Bacine won 2-1-0
Round 5,47,"David Dunitza He/Him
MikeRoss He/They","Izzet Spellementals
Izzet Lessons",MikeRoss won 2-0-0
Round 5,48,"Dan Rose
Klaus_Mikaelson He/Him","Izzet Lessons
Four-Color Control",Dan Rose won 2-0-0
Round 5,49,"Wojciech Kowalczuk He/Him
Alexey Paulot He/Him","Selesnya Landfall
Temur Lessons",Alexey Paulot won 2-0-0
Round 5,50,"soufian hriz He/Him
Nikita Yurochko He/Him","Izzet Spellementals
Dimir Midrange",Nikita Yurochko won 2-1-0
Round 5,51,"Ben Jones
Gary Smith He/Him","Izzet Lessons
Jeskai Control",Ben Jones won 2-0-0
Round 5,52,"Julian Lamprecht He/Him
Pedro Lemos He/Him","Selesnya Landfall
Selesnya Ouroboroid",Pedro Lemos won 2-1-0
Round 5,53,"Marcio Carvalho
Craig Tanner He/Him","Selesnya Landfall
Izzet Prowess",Craig Tanner won 2-1-0
Round 5,54,"Jammyf99 He/Him
Jakub Janáč","Sultai Reanimator
Izzet Prowess",Jakub Janáč won 2-1-0
Round 5,55,"Patrickleydecker He/Him
André Santos","Izzet Spellementals
Selesnya Landfall",Patrickleydecker won 2-0-0
Round 5,56,"Lukas Paugsch
Jorge Muniz","Dimir Excruciator
Dimir Excruciator",Jorge Muniz won 2-0-0
Round 5,57,"filpin He/Him
Nathan Goldberg He/Him","Selesnya Ouroboroid
Selesnya Rhythm",Nathan Goldberg won 2-1-0
Round 5,58,"Sören Liesener He/Him
Nicholas Brown","Selesnya Ouroboroid
Selesnya Landfall",Sören Liesener won 2-1-0
Round 5,59,"Lucca LiPuma
Alvaro Nicosia He/Him","Izzet Prowess
Izzet Prowess",Lucca LiPuma won 2-0-0
Round 5,60,"Paul Farnsworth
Mathew Mitchell He/Him","Dimir Excruciator
Jeskai Control",Paul Farnsworth won 2-0-0
Round 5,61,"Sean Goddard He/Him
drakharrris He/Him","Selesnya Ouroboroid
Izzet Lessons",Sean Goddard won 2-1-0
Round 5,62,"Christian Kerr He/Him
Harry Burke He/Him","Selesnya Landfall
Azorius Momo",Christian Kerr won 2-0-0
Round 5,63,"Josh Corless He/Him
DanS106 He/Him","Izzet Spellementals
Izzet Spellementals",DanS106 won 2-1-0
Round 5,64,"Ignacio Garcia He/Him
Verduyn He/Him","Azorius Momo
Izzet Prowess",Ignacio Garcia won 2-1-0
Round 5,65,"Arwad He/Him
Picomtg","Dimir Midrange
Bant Rhythm",Arwad won 2-0-0
Round 5,66,"Noz777 He/Him
jundazhang He/Him","Izzet Spellementals
Izzet Prowess",jundazhang won 2-1-0
Round 5,67,"Liam Tiller-Collins He/Him
Enchanted He/Him","Selesnya Ouroboroid
Temur Omniscience",Enchanted won 2-1-0
Round 5,68,"Chris Mander He/Him
ClaudioBisioo","Izzet Prowess
Four-Color Control",ClaudioBisioo won 2-0-0
Round 5,69,"Yanatoy
fabse He/Him","Izzet Opus
Izzet Prowess",Yanatoy won 2-1-0
Round 5,70,"Orry He/Him
JamesTaylor He/Him","Izzet Spellementals
Selesnya Landfall",Orry won 2-1-0
Round 5,71,"Christian Mayr He/Him
gabriele tribulato Ze/zir","Four-Color Elementals
Bant Rhythm",gabriele tribulato won 2-1-0
Round 5,72,"Robert Bailey He/Him
Bilbo_Baggins","Izzet Prowess
Izzet Prowess",Bilbo_Baggins won 2-1-0
Round 5,73,"Thomas Chenery He/Him
Theodor eliassen He/Him","Izzet Spellementals
Izzet Lessons",Theodor eliassen won 2-0-0
Round 5,74,"Narzyss
Francesco Latorre He/Him","Azorius Prison
Izzet Prowess",Narzyss won 2-1-0
Round 5,75,"AlexRoebuck He/Him
Jędrek Szmyd He/Him","Izzet Prowess
Izzet Lessons",Jędrek Szmyd won 2-0-0
Round 5,76,"Tudor Marin He/Him
HoneycombH She/Her","Selesnya Ouroboroid
Selesnya Landfall",HoneycombH won 2-0-0
Round 5,77,"gwendalvador He/Him
Mikkel Vestergaard He/Him","Selesnya Landfall
Four-Color Control",Mikkel Vestergaard won 2-1-0
Round 5,78,"Douglas Penman He/Him
Jack Young He/Him","Selesnya Ouroboroid
Izzet Spellementals",Jack Young won 2-1-0
Round 5,79,"Daniel Lind He/Him
Ben Seck He/Him","Selesnya Landfall
Bant Rhythm",Ben Seck won 2-1-0
Round 5,80,"Andy Stephens He/Him
Petr96 He/Him","Selesnya Landfall
Four-Color Control",Petr96 won 2-0-0
Round 5,81,"oldemodave He/Him
Filip Tetera He/Him","Dimir Deceit
Bant Rhythm",oldemodave won 2-1-0
Round 5,82,"Jacob1200 He/Him
Pierre Liebsch He/Him","Azorius Otters
Temur Harmonizer",Jacob1200 won 2-0-0
Round 5,83,"milesofford He/Him
Kamen Kamenov He/Him","Sultai Reanimator
Four-Color Elementals",milesofford won 2-1-0
Round 5,84,"Alexander Stehno
Rookiemookie He/Him","Jeskai Control
Jeskai Control",Alexander Stehno won 2-0-0
Round 5,85,"Bryant Yang He/Him
Filipe Gusmão He/Him","Izzet Prowess
Golgari Demons",Filipe Gusmão won 2-1-0
Round 5,86,"MangoMango She/Her
Daniele Vinciguerra He/Him","Jeskai Control
Dimir Excruciator",MangoMango won 2-0-0
Round 5,87,"Kristoffer Payumo He/Him
Maciej Olczak He/Him","Four-Color Elementals
Selesnya Landfall",Kristoffer Payumo won 2-1-0
Round 5,88,"Jamie Walsh He/Him
Gianluca Boaretto He/Him","Four-Color Control
Izzet Spellementals",Jamie Walsh won 2-0-0
Round 5,89,"Guliver He/Him
Martin Ramos He/Him","Selesnya Landfall
Mono-White Momo",Martin Ramos won 2-1-0
Round 5,90,"Philipp Schwaiger
CJ Vice He/Him","Abzan Bats
Esper Oculus",Philipp Schwaiger won 2-0-0
Round 5,91,"Dominic Ulke He/Him
Alex Hillier He/Him","Izzet Prowess
Four-Color Elementals",Dominic Ulke won 2-0-0
Round 5,92,"197564 He/Him
Brad Barclay He/Him","Azorius Prison
Four-Color Control",Brad Barclay won 2-1-0
Round 5,93,"Nick Arnold He/Him
Zaraffyro","Dimir Excruciator
Izzet Prowess",Zaraffyro won 2-1-0
Round 5,94,"Zues He/Him
Fabian Jonckeer He/Him","Izzet Prowess
Mono-Green Landfall",Zues won 2-1-0
Round 5,95,"Peppo0212 They/Them
DanoClark","Izzet Lessons
Four-Color Control",DanoClark won 2-1-0
Round 5,96,"JoaoM He/Him
Robert Young He/Him","Izzet Prowess
Golgari Ouroboroid",JoaoM won 2-1-0
Round 5,97,"Salvatore Cardali
M0J0 He/Him","Azorius Prison
Dimir Midrange",M0J0 won 2-0-0
Round 5,98,"Noah Anderson Weiskircher They/Them
Etienne Foare He/Him","Izzet Lessons
Izzet Lessons",Etienne Foare won 2-0-0
Round 5,99,"shaneoc He/Him
Conrad Scherb","Izzet Prowess
Jeskai Control",shaneoc won 2-0-0
Round 5,100,"Justien Balay
ANNAVALILA He/Him","Selesnya Ouroboroid
Izzet Prowess",Justien Balay won 2-0-0
Round 5,101,"Johnathan Wilkes He/Him
Skite He/They","Golgari Demons
Selesnya Landfall",Skite won 2-0-0
Round 5,102,"AdriaGarciaSarmiento He/Him
Jamie Popay He/Him","Azorius Prison
Golgari Midrange",Jamie Popay won 2-1-0
Round 5,103,"Niels Wardenier He/Him
Adam Jansson He/Him","Azorius Prison
Izzet Prowess",Niels Wardenier won 2-0-0
Round 5,104,"Seal100 He/Him
Alberto Santos","Dimir Bounce
Izzet Prowess",Alberto Santos won 2-0-0
Round 5,105,"Thoralf Severin He/Him
Landstar He/They","Selesnya Landfall
Selesnya Ouroboroid",Landstar won 2-1-0
Round 5,106,"Oscar Christensen He/Him
Cartheron Other","Selesnya Ouroboroid
Mono-Black Demons",Oscar Christensen won 2-0-0
Round 5,107,"Robert Pennington
Rory McKay He/Him","Simic Omniscience
Azorius Momo",Robert Pennington won 2-0-0
Round 5,108,"Marco Vay He/Him
DThomps He/Him","Dimir Excruciator
Izzet Prowess",DThomps won 2-0-0
Round 5,109,"Syyslehti He/Him
Martin Richardson He/Him","Izzet Spellementals
Azorius Control",Martin Richardson won 2-1-0
Round 5,110,"djsuk She/Her
DavidGrant","Orzhov Lifegain
Selesnya Ouroboroid",djsuk won 2-1-0
Round 5,111,"Nuno Duarte
Giulio Tommaso Gomitoni","Dimir Deceit
Izzet Lessons",Giulio Tommaso Gomitoni won 2-1-0
Round 5,112,"ZakP He/Him
IanB3 He/Him","Mono-Green Landfall
Izzet Spellementals",ZakP won 2-0-0
Round 5,113,"Lee Medhurst He/Him
Christian Richard He/Him","Four-Color Elementals
Temur Harmonizer",Christian Richard won 2-1-0
Round 5,114,"Mehdi Khelfa He/Him
Kevin Broløs He/Him","Izzet Prowess
Izzet Prowess",Kevin Broløs won 2-1-0
Round 5,115,"Félix Maurin He/Him
Mae French She/Her","Orzhov Momo
Izzet Lessons",Félix Maurin won 2-1-0
Round 5,116,"Pier Iaquinta He/Him
tsz shing so He/Him","Jeskai Control
Mono-Red Aggro",Pier Iaquinta won 2-0-0
Round 5,117,"DarioCavallone
Marco Oliveto He/Him","Bant Rhythm
Golgari Rhythm",Marco Oliveto won 2-0-0
Round 5,118,"Ozan Sevsevil He/Him
LinkangYang He/Him","Jeskai Control
Izzet Lessons",LinkangYang won 2-1-0
Round 5,119,"Dorian Wiese He/Him
Zurgo128","Golgari Midrange
Izzet Lessons",Dorian Wiese won 2-1-0
Round 5,120,"seany He/Him
enraeh He/Him","Izzet Lessons
Sultai Excruciator",enraeh won 2-1-0
Round 5,121,"Tim Priwe He/Him
Josef Zivec He/Him","Izzet Prowess
Bant Rhythm",Tim Priwe won 2-0-0
Round 5,122,"Sandro1811 He/Him
Stefan Schütz","Dimir Bounce
Bant Rhythm",Sandro1811 won 2-1-0
Round 5,123,"TGalla
Tom Law He/Him","Azorius Merfolk
Selesnya Landfall",Tom Law won 2-0-0
Round 5,124,"Franco Cicchini He/Him
Kewin Lozicki He/Him","Izzet Prowess
Azorius Momo",Franco Cicchini won 2-1-0
Round 5,125,"Aidan Currah
Nostromo He/Him","Selesnya Landfall
Izzet Prowess",Nostromo won 2-0-0
Round 5,126,"Truls Mathisen He/Him
Viktor Hybinette He/Him","Mono-Blue Spellementals
Golgari Demons",Viktor Hybinette won 2-0-0
Round 5,127,"Nicolas Prail He/Him
Andrei Nikolov","Izzet Prowess
Izzet Prowess",Andrei Nikolov won 2-1-0
Round 5,128,"Jan Pruchniewicz He/Him
Jacob Hauch","Simic Omniscience
Azorius Prison",Jacob Hauch won 2-0-0
Round 5,129,"Tadhg Murphy
Sandiagos He/Him","Izzet Prowess
Abzan Lifegain",Sandiagos won 2-1-0
Round 5,130,"Dominic White He/Him
Stephanos Economides He/Him","Dimir Deceit
Dimir Excruciator",Dominic White won 2-0-0
Round 5,131,"Hannes Brandstetter
Bolutin He/They","Selesnya Landfall
Dimir Midrange",Bolutin won 2-0-0
Round 5,132,"art3mique
alexwalton64 He/Him","Izzet Lessons
Izzet Spellementals",alexwalton64 won 2-1-0
Round 5,133,"pileshuffle
Dylan Gregory-Martin He/They","Four-Color Elementals
Izzet Spellementals",Dylan Gregory-Martin won 2-1-0
Round 5,134,"Freddie Barber He/Him
dietcruella She/Her","Gruul Leyline
Dimir Excruciator",Freddie Barber won 2-1-0
Round 5,135,"Dawid Florczyk
RobinVahland He/Him","Izzet Lessons
Songcrafter Control",Dawid Florczyk won 2-0-0
Round 5,136,"Roberto Fabiani
Stefanos Fotiadis","Grixis Deceit
Izzet Prowess",Roberto Fabiani won 2-0-0
Round 5,137,"AgentEdward
Goblingrenade He/Him","Izzet Prowess
Azorius Momo",AgentEdward won 2-1-0
Round 5,138,"Gwen Wall She/Her
Ashley Baden He/Him","Azorius Prison
Mono-Green Landfall",Ashley Baden won 2-0-0
Round 5,139,"HarryHollingworth He/They
Dafta He/Him","Bant Rhythm
Mono-Green Landfall",HarryHollingworth won 2-1-0
Round 5,140,"Jack Goldsworthy He/Him
Matt MT He/Him","Izzet Prowess
Sultai Reanimator",Matt MT won 2-1-0
Round 5,141,"Emil Rasmussen He/Him
Alice Casey She/Her","Selesnya Landfall
Izzet Spellementals",Emil Rasmussen won 2-1-0
Round 5,142,"Rasmus Nilsson He/Him
Thomas Duffy He/Him","Selesnya Landfall
Selesnya Landfall",Thomas Duffy won 2-1-0
Round 5,143,"Andrew Stevenson He/Him
HarryPendall","Jeskai Control
Izzet Lessons",HarryPendall won 2-0-0
Round 5,144,"NicolasM He/Him
Elevenzees He/Him","Four-Color Control
Izzet Lessons",Elevenzees won 2-1-0
Round 5,145,"Björn Kimminich He/Him
T0bb3 He/Him","Izzet Prowess
Izzet Prowess",T0bb3 won 2-0-0
Round 5,146,"Francisco Sanchez
Misty Manek She/Her","Izzet Prowess
Azorius Prison",Francisco Sanchez won 2-0-0
Round 5,147,"André Compal
Nate314 He/Him","Selesnya Landfall
Mono-White Momo",André Compal won 2-0-0
Round 5,148,"Dylan Coates He/Him
AndyHenwood","Izzet Lessons
Mono-Green Landfall",Dylan Coates won 2-0-0
Round 5,149,"EvanColly He/Him
Leonardo Canalejo He/Him","Izzet Prowess
Boros Dragons",Leonardo Canalejo won 2-1-0
Round 5,150,"Tom8520 He/Him
Patrick Burchert He/Him","Bant Rhythm
Azorius Prison",Patrick Burchert won 2-0-0
Round 5,151,"Mclockin He/Him
Daniel Bjerkan He/Him","Selesnya Ouroboroid
Selesnya Landfall",Daniel Bjerkan won 2-0-0
Round 5,152,"Philip White He/They
FerruccioMicheli He/Him","Izzet Prowess
Selesnya Landfall",Philip White won 2-1-0
Round 5,153,"Cristian Jimenez He/Him
Duskfire He/Him","Four-Color Control
Selesnya Landfall",Cristian Jimenez won 2-0-0
Round 5,154,"Kim Homsma He/Him
Dotraki","Selesnya Landfall
Izzet Prowess",Kim Homsma won 2-0-0
Round 5,155,"Inherentmac He/Him
Unkillable13 He/Him","Grixis Discard
Izzet Prowess",Unkillable13 won 2-0-0
Round 5,156,"Kjetil Wevling He/Him
James Ball He/Him","Izzet Spellementals
Izzet Prowess",James Ball won 2-0-0
Round 5,157,"Alex Göbel He/Him
Marco Vassallo He/Him","Dimir Midrange
Sultai Excruciator",Alex Göbel won 2-1-0
Round 5,158,"Mihaly Varadi He/Him
Storm Losell He/Him","Azorius Prison
Selesnya Landfall",Mihaly Varadi won 2-1-0
Round 5,159,"Stefano Spurio He/Him
Lucas Jensen He/They","Four-Color Elementals
Jeskai Control",Stefano Spurio won 2-0-0
Round 5,160,"Jake Swales He/They
Mangara He/Him","Izzet Lessons
Azorius Prison",Jake Swales won 2-0-0
Round 5,161,"Daniel Lewis He/Him
iamkrazy1 He/Him","Four-Color Control
Izzet Prowess",iamkrazy1 won 2-0-0
Round 5,162,"Harry_Ersky He/Him
pamkung She/Her","Izzet Lessons
Bant Rhythm",Harry_Ersky won 2-0-0
Round 5,163,"Thomas Walder
Pebus101 He/Him","Mardu Artifacts
Bant Rhythm",Thomas Walder won 2-1-0
Round 5,164,"Pär Jones He/Him
Jadrzwi He/Him","Golgari Midrange
Izzet Lessons",Pär Jones won 2-1-0
Round 5,165,"James Jenkins He/Him
Jonathan Lee","Izzet Prowess
Izzet Lessons",James Jenkins won 2-0-0
Round 5,166,"DomS17 He/Him
Tifenn Samyn She/Her","Izzet Prowess
Izzet Spellementals",DomS17 won 2-0-0
Round 5,167,"Juan Manuel Lorenzi He/Him
Tim Paplewski He/Him","Selesnya Landfall
Dimir Excruciator",Juan Manuel Lorenzi won 2-0-0
Round 5,168,"Sebastian Sachse
ViolentRich He/Him","Temur Harmonizer
Izzet Prowess",ViolentRich won 2-0-0
Round 5,169,"Victor Manuel Graveto
Geko","Azorius Prison
Izzet Aggro",Geko won 2-1-0
Round 5,170,"ShababC He/Him
Francesco Alacca He/Him","Simic Rhythm
Izzet Lessons",Francesco Alacca won 2-0-0
Round 5,171,"Francesco Vitiello He/Him
Olphod He/Him","Selesnya Landfall
Mardu Discard",Olphod won 2-0-0
Round 5,172,"Matthieu Tassa He/Him
Shadybadger46 He/Him","Izzet Prowess
Mono-Blue Control",Shadybadger46 won 2-0-0
Round 5,173,"Cosmin Achim He/Him
Andreas Foreman Jensen He/Him","Mardu Demons
Selesnya Ouroboroid",Cosmin Achim won 2-0-0
Round 5,174,"Dan Robinson
Olivier Geffroy He/Him","Boros Dragons
Izzet Prowess",Olivier Geffroy won 2-0-0
Round 5,175,"SkottCooper He/Him
Geri925 He/Him","Azorius Prison
Selesnya Rhythm",Geri925 won 2-0-0
Round 5,176,"nartin9 He/Him
oDwin He/Him","Izzet Prowess
Orzhov Momo",oDwin won 2-0-0
Round 5,177,"Hiltinchest He/They
Gavin Thacker","Izzet Prowess
Boros Dragons",Gavin Thacker won 2-1-0
Round 5,178,"Daniel Larsen He/Him
Emelia St John She/They","Selesnya Landfall
Izzet Spellementals",Daniel Larsen won 2-0-0
Round 5,179,"THErev23 He/Him
ucoconut871 Other","Azorius Momo
Izzet Prowess",ucoconut871 won 2-1-0
Round 5,180,"Paul Bittner He/Him
Dom He/Him","Azorius Prison
Azorius Momo",Paul Bittner won 2-1-0
Round 5,181,"Bradley Bunce He/Him
Daniel Johnson He/Him","Azorius Prison
Azorius Prison",Daniel Johnson won 1-0-1
Round 5,182,"Brady Crooks He/Him
BenR4","Izzet Lessons
Jeskai Control",Brady Crooks won 2-1-0
Round 5,183,"Gonçalo Paneiro He/Him
Juri Barkey He/Him","Izzet Prowess
Izzet Spellementals",Gonçalo Paneiro won 2-1-0
Round 5,184,"Hal8999 He/Him
Miguel Magalhaes He/Him","Izzet Lessons
Selesnya Ouroboroid",Miguel Magalhaes won 2-1-0
Round 5,185,"Robert Wiseman
Rakhi09 She/They","Izzet Prowess
Izzet Prowess",Rakhi09 won 2-1-0
Round 5,186,"Russell Seeley He/Him
Jacob Vogts He/Him","Golgari Midrange
Izzet Lessons",Russell Seeley won 2-0-0
Round 5,187,"Crowtaur She/Her
George Stuart He/Him","Izzet Prowess
Izzet Spellementals",George Stuart won 2-1-0
Round 5,188,"Edgar Baumler He/Him
louisfrith He/Him","Bant Rhythm
Azorius Prison",Edgar Baumler won 2-0-0
Round 5,189,"williametchells He/Him
RoreosaRory He/Him","Naya Legends
Four-Color Elementals",RoreosaRory won 2-0-0
Round 5,190,"Jakub Pardubsky He/Him
Calum Gittins He/Him","Bant Rhythm
Izzet Prowess",Calum Gittins won 2-0-0
Round 5,191,"Will Berrington He/Him
Yannick29000 He/Him","Mono-Green Landfall
Izzet Prowess",Will Berrington won 2-0-0
Round 5,192,"christian gullberg He/Him
Jari Rentsch He/Him","Izzet Spellementals
Izzet Prowess",Jari Rentsch won 2-1-0
Round 5,193,"Siamon He/Him
Tomáš Krupička He/Him","Selesnya Ouroboroid
Selesnya Landfall",Siamon won 2-1-0
Round 5,194,"Andrew Berry
WillKillsTime He/Him","Izzet Spellementals
Izzet Prowess",Andrew Berry won 2-1-0
Round 5,195,"Matteo Silvestri He/Him
GliedTamas He/Him","Four-Color Elementals
Sultai Control",GliedTamas won 2-0-0
Round 5,196,"karim mzoughi
WompRat He/Him","Grixis Lizards
Boros Mobilize",karim mzoughi won 2-1-0
Round 5,197,"Jasper Nielsen He/Him
Philippe Wirz He/Him","Izzet Spellementals
Azorius Prison",Jasper Nielsen won 2-1-0
Round 5,198,"Andreas Nordahl
jwhiley93 He/Him","Izzet Lessons
Orzhov Sacrifice",Andreas Nordahl won 2-0-0
Round 5,199,"Emilio Morabito
Nigel Stikker He/Him","Izzet Prowess
Izzet Spellementals",Nigel Stikker won 2-1-0
Round 5,200,"Teemu Alanko He/Him
Luis Gobern He/Him","Mono-White Momo
Bant Rhythm",Luis Gobern won 2-0-0
Round 5,201,"Rodney Bedell
Francesco Ghelli He/Him","Selesnya Landfall
Selesnya Ouroboroid",Rodney Bedell won 2-1-0
Round 5,202,"Zak Cowen
superaggo He/Him","Izzet Prowess
Four-Color Elementals",Zak Cowen won 2-0-0
Round 5,203,"Gustavo Colon He/Him
ClementLumeau He/They","Four-Color Control
Izzet Prowess",ClementLumeau won 2-0-0
Round 5,204,"Tien Thanh Pham He/Him
Max Staas He/Him","Azorius Prison
Dimir Excruciator",Max Staas won 2-1-0
Round 5,205,"Morgan Lebrument He/Him
Marie Kirkkola She/Her","Izzet Prowess
Selesnya Landfall",Morgan Lebrument won 2-1-0
Round 5,206,"Keanjoy He/Him
AdamPC He/Him","Izzet Prowess
Izzet Prowess",AdamPC won 2-1-0
Round 5,207,"Mirand Shtërbani He/Him
Tolga Sertbas","Four-Color Control
Mono-Red Aggro",Mirand Shtërbani won 2-0-0
Round 5,208,"AARB12 He/Him
MasterDPW","Azorius Prison
Four-Color Control",MasterDPW won 2-0-0
Round 5,209,"RyaS
Mattia Colombo He/Him","Naya Yuna
Dimir Control",RyaS won 2-1-0
Round 5,210,"Dan McCarthy He/Him
Andrei M He/Him","Azorius Prison
Izzet Prowess",Andrei M won 2-0-0
Round 5,211,"Coachjennsen23 He/Him
Phillip Scutter-Cairns He/Him","Boros Dragons
Jeskai Control",Coachjennsen23 won 2-1-0
Round 5,212,"Xifan He/Him
JoaoCorvina Other","Izzet Prowess
Selesnya Landfall",Xifan won 2-1-0
Round 5,213,"Léo Thiémard He/Him
treefr0gg","Bant Rhythm
Mono-Green Landfall",Léo Thiémard won 2-1-0
Round 5,214,"Zijun Wang He/Him
Krister Karlsen He/Him","Temur Harmonizer
Bant Rhythm",Krister Karlsen won 2-1-0
Round 5,215,"Kyle Brennan He/Him
David Woodland He/Him","Azorius Prison
Izzet Spellementals",David Woodland won 2-1-0
Round 5,216,"Magnus Jørgensen He/Him
Cwlvyn He/Him","Izzet Prowess
Selesnya Landfall",Magnus Jørgensen won 2-0-0
Round 5,217,"JoshuaPyleCarter Other
Claes de Graaff","Simic Omniscience
Izzet Prowess",JoshuaPyleCarter won 2-1-0
Round 5,218,"Fabien Li He/Him
Pawel Makles He/Him","Boros Mobilize
Azorius Prison",Fabien Li won 2-0-0
Round 5,219,"Metadontmatter He/Him
Sam Milner He/Him","Jeskai Control
Izzet Prowess",Sam Milner won 2-1-0
Round 5,220,"MatteoLB He/Him
Elia Libralato He/Him","Four-Color Control
Bant Rhythm",MatteoLB won 2-0-0
Round 5,221,"Enrico Libralato He/Him
Carlos Pacheco He/Him","Azorius Prison
Four-Color Control",Carlos Pacheco won 2-0-0
Round 5,222,"NilHomar
CoreyPeel He/Him","Golgari Midrange
Jeskai Control",NilHomar won 2-0-0
Round 5,223,"Robin Clark She/Her
Riccardo Bragato He/Him","Sultai Reanimator
Selesnya Rhythm",Riccardo Bragato won 2-0-0
Round 5,224,"Pascal van Alphen
Luka Fuchs","Izzet Prowess
Mono-Blue Tempo",Pascal van Alphen won 2-1-0
Round 5,225,"Jonas_Erbe
Vincent Pernel He/Him","Simic Rhythm
Dimir Artifacts",Jonas_Erbe won 2-1-0
Round 5,226,"Mikki Klokkedal He/Him
manyrollies","Selesnya Landfall
Izzet Spellementals",Mikki Klokkedal won 2-0-0
Round 5,227,"EriS28 He/Him
Leif Schöniger He/Him","Izzet Prowess
Selesnya Landfall",EriS28 won 2-0-0
Round 5,228,"Sytse He/Him
MaruMtg He/Him","Sultai Control
Izzet Prowess",Sytse won 2-0-0
Round 5,229,"jruxc
ShaC28","Dimir Excruciator
Mardu Gambit",1-1-0 Draw
Round 5,230,"Dan Stokes He/Him
KeesvanMontfoort","Four-Color Control
Izzet Prowess",KeesvanMontfoort won 2-1-0
Round 5,231,"Devis Rossini He/Him
DoubleDavey He/Him","Bant Rhythm
Selesnya Landfall",DoubleDavey won 2-0-0
Round 5,232,"EdGlease He/Him
Diego Alcalde","Izzet Spellementals
Azorius Prison",EdGlease won 2-1-0
Round 5,233,"Pedro Magalhães He/Him
spikesmaster He/Him","Boros Dragons
Selesnya Ouroboroid",spikesmaster won 2-0-0
Round 5,234,"vixmac22 She/Her
Ghostfire17605 He/Him","Izzet Spellementals
Golgari Midrange",Ghostfire17605 won 2-1-0
Round 5,235,"StuBoi3
guislaindumont","Dimir Midrange
Azorius Prison",guislaindumont won 2-0-0
Round 5,236,"Vince Geluk He/Him
Branoc Richards He/Him","Jeskai Control
Izzet Prowess",Branoc Richards won 2-0-0
Round 5,237,"Careknight He/Him
Julian Riedener He/Him","Azorius Prison
Bant Rhythm",Julian Riedener won 2-0-0
Round 5,238,"HowlingFjord He/Him
Nomae He/Him","Golgari Demons
Selesnya Ouroboroid",Nomae won 2-1-0
Round 5,239,"Sindre Mortensen
Aras Şenyüz He/Him","Selesnya Rhythm
Izzet Prowess",Aras Şenyüz won 2-1-0
Round 5,240,"SrKaronte He/Him
Kun150 He/Him","Azorius Artifacts
Dimir Excruciator",Kun150 won 2-1-0
Round 5,241,"Ode2TheMets He/Him
Giuseppe Miele He/Him","Mono-Green Landfall
Izzet Lessons",Giuseppe Miele won 2-1-0
Round 5,242,"Corrlight He/Him
Drew Martin He/Him","Azorius Prison
Izzet Prowess",Corrlight won 2-1-0
Round 5,243,"StrongEUW He/Him
Grimbakor He/They","Gruul Harmonizer
Dimir Monument",Grimbakor won 2-1-0
Round 5,244,"EtherealBlue She/Her
Daniele Scatassi","Izzet Spellementals
Izzet Prowess",Daniele Scatassi won 2-1-0
Round 5,245,"Leaham He/Him
Mattia_Pantiri He/Him","Selesnya Landfall
Izzet Opus",Leaham won 2-0-0
Round 5,246,"StephenSodusta He/Him
GiorgioCanezin He/Him","Temur Ferocious
Azorius Prison",GiorgioCanezin won 2-1-0
Round 5,247,"mundisv He/Him
Daniel Aranyi He/Him","Izzet Prowess
Izzet Spellementals",mundisv won 2-0-0
Round 5,248,"Alexander Maier He/Him
Aeryn McCann She/They","Izzet Lessons
Izzet Lessons",Alexander Maier won 2-1-0
Round 5,249,"Henry Cooke
Max Spencer He/Him","Izzet Prowess
Golgari Changelings",Henry Cooke won 2-0-0
Round 5,250,"CelestinBARRE He/Him
CalMc","Golgari Skeletons
Izzet Lessons",CalMc won 2-0-0
Round 5,251,"Krzysztof Drzewiecki He/Him
SquirrelSovereign","Azorius Repartee
Izzet Prowess",SquirrelSovereign won 2-0-0
Round 5,252,"LuiC2 He/Him
Adrien Beaussart He/Him","Azorius Artifacts
Four-Color Elementals",Adrien Beaussart won 2-0-0
Round 5,253,"ollei He/Him
Andrew Smith He/Him","Izzet Prowess
Mono-Green Landfall",Andrew Smith won 2-1-0
Round 5,254,"Simon Leigh
jamestimms He/They","Izzet Spellementals
Azorius Prison",jamestimms won 2-1-0
Round 5,255,"ReiLiv She/They
Andrea Piemonti He/Him","Izzet Prowess
Izzet Lessons",Andrea Piemonti won 2-0-0
Round 5,256,"JackNewell He/Him
Jonny Gu He/Him","Boros Discard
Izzet Spellementals",Jonny Gu won 2-0-0
Round 5,257,"Derek Choi He/Him
Lubos Leskovjansky He/They","Dimir Excruciator
Mono-White Momo",Lubos Leskovjansky won 2-1-0
Round 5,258,"Luke Doyle He/Him
jlc93 He/Him","Izzet Prowess
Selesnya Rabbits",jlc93 won 2-1-0
Round 5,259,"krystianM He/Him
MY13Dragonfly They/Them","Izzet Lessons
Bant Rhythm",krystianM won 2-1-0
Round 5,260,"Thraxi He/Him
no_justice_mtg She/Her","Mono-Green Landfall
Four-Color Control",no_justice_mtg won 2-1-0
Round 5,261,"Bratwurst
Chris Grenville He/Him","Selesnya Landfall
Izzet Prowess",Bratwurst won 2-0-0
Round 5,262,"Alexander Gordon-Brown He/Him
Brian Rasmussen He/Him","Sultai Control
Dimir Excruciator",Alexander Gordon-Brown won 2-0-0
Round 5,263,"Antoine Bernier He/Him
ADSandslash He/They","Izzet Lessons
Azorius Artifacts",ADSandslash won 2-1-0
Round 5,264,"Felix Wieland He/Him
Adam Davis He/Him","Sultai Midrange
Izzet Lessons",Adam Davis won 2-0-0
Round 5,265,"alshay2020 He/Him
Alex Day","Izzet Prowess
Gruul Leyline",alshay2020 won 2-1-0
Round 5,266,"LuigiC He/Him
Cal91 He/Him","Golgari Demons
Dimir Deceit",LuigiC won 2-1-0
Round 5,267,"rtsolo She/They
RomainAlexandre He/Him","Mardu Mobilize
Izzet Spellementals",RomainAlexandre won 2-0-0
Round 5,268,"Gwendolyn Noble She/Her
Badmaths222 He/Him","Bant Rhythm
Four-Color Elementals",Badmaths222 won 2-1-0
Round 5,269,"darkblueturbo He/Him
ALANBBBK He/Him","Izzet Spellementals
Sultai Changeling",ALANBBBK won 2-0-0
Round 5,270,"Jacob Borrowdale He/Him
Alexander Mehta He/Him","Izzet Prowess
Izzet Prowess",Jacob Borrowdale won 2-1-0
Round 5,271,"Sergio Seoane He/Him
kristofff He/Him","Selesnya Landfall
Dimir Excruciator",Sergio Seoane won 2-1-0
Round 5,272,"TomR
AndrewHM He/They","Izzet Prowess
Azorius Control",TomR won 2-0-0
Round 5,273,"Gabriele1991 He/Him
ophoox He/Him","Selesnya Landfall
Boros Dragons",ophoox won 2-1-0
Round 5,274,"Kieran Malloy He/Him
Scute He/Him","Izzet Prowess
Dimir Excruciator",Kieran Malloy won 2-1-0
Round 5,275,"RamC1 He/Him
Alexandre Furstenberger He/Him","Izzet Lessons
Bant Rhythm",RamC1 won 2-0-0
Round 5,276,"Elyacht
Oliver Frith He/Him","Izzet Prowess
Simic Omniscience",Elyacht won 2-0-0
Round 5,277,"AustinMi He/They
Jay_Flimmzky He/Him","Izzet Prowess
Dimir Mill",AustinMi won 2-1-0
Round 5,278,"Michael Rutter He/Him
Lilian Lescure He/Him","Izzet Spellementals
Dimir Excruciator",Lilian Lescure won 2-0-0
Round 5,279,"Graveturner He/Him
jdwzf He/Him","Izzet Lessons
Izzet Spellementals",Graveturner won 2-0-0
Round 5,280,"Luca Fessia He/Him
John Kai Sang Ng He/Him","Selesnya Landfall
Dimir Excruciator",John Kai Sang Ng won 2-0-0
Round 5,281,"Foreverloney He/Him
jjjimbo They/Them","Mono-Green Landfall
Izzet Lessons",jjjimbo won 2-0-0
Round 5,282,"Xcunonophus He/They
Overgrime He/They","Azorius Artifacts
Dimir Midrange",1-1-0 Draw
Round 5,283,"plantgirl She/Her
Splitseven He/Him","Mono-Blue Spellementals
Izzet Lessons",Splitseven won 2-1-0
Round 5,284,"Soulblighter
Stefano Belloni He/Him","Selesnya Ouroboroid
Izzet Prowess",Soulblighter won 2-0-0
Round 5,285,"Jonny 🐘 Edmondson He/Him
SayNuthinTillYaSeeClaude He/Him","Izzet Prowess
Jeskai Control",Jonny 🐘 Edmondson won 2-0-0
Round 5,286,"Cedric Gäde
wuxxd He/Him","Azorius Prison
Mono-Green Landfall",Cedric Gäde won 2-0-0
Round 5,287,"Hans Ludvig Skovli He/Him
Fraser Dallachy He/Him","Izzet Prowess
Abzan Cosmogoyf",Fraser Dallachy won 2-1-0
Round 5,288,"JJ Hidson He/Him
AlexG1995 He/Him","Mono-Green Chocobo
Mono-Green Landfall",AlexG1995 won 2-1-0
Round 6,-,SayNuthinTillYaSeeClaude He/Him,Jeskai Control,SayNuthinTillYaSeeClaude was assigned a bye
Round 6,1,"Titouan LE BERRE He/Him
StannersPOTUS","Izzet Prowess
Mardu Discard",StannersPOTUS won 2-1-0
Round 6,2,"woebringer He/Him
EricZhou He/Him","Izzet Prowess
Izzet Prowess",EricZhou won 2-1-0
Round 6,3,"Charles Rivet He/Him
Tommi Erola He/Him","Izzet Prowess
Mono-Green Landfall",Charles Rivet won 2-1-0
Round 6,4,"Marian Bunganic He/Him
Alvaro Fernandez Torres He/Him","Izzet Lessons
Izzet Prowess",Marian Bunganic won 2-1-0
Round 6,5,"Gerardo D'Elia He/Him
Maxime Desiront He/Him","Jeskai Control
Sultai Reanimator",Maxime Desiront won 2-1-0
Round 6,6,"DarkDeno
Koen de Vos","Selesnya Landfall
Azorius Momo",DarkDeno won 2-1-0
Round 6,7,"AlexMacIsaac He/Him
Callum Laird He/Him","Izzet Prowess
Izzet Prowess",AlexMacIsaac won 2-1-0
Round 6,8,"TomaszDudziec He/Him
Draysor He/Him","Izzet Prowess
Selesnya Landfall",TomaszDudziec won 2-1-0
Round 6,9,"tip He/Him
Yann-Guillaume Jaccard He/Him","Selesnya Ouroboroid
Allies",Yann-Guillaume Jaccard won 2-0-0
Round 6,10,"Stanislau Zubovich He/Him
EricNewton He/Him","Izzet Prowess
Jeskai Control",Stanislau Zubovich won 2-0-0
Round 6,11,"felipins He/Him
swxgv He/Him","Dimir Excruciator
Izzet Prowess",felipins won 2-1-0
Round 6,12,"GiuseppeG He/Him
Bilbo_Baggins","Selesnya Landfall
Izzet Prowess",Bilbo_Baggins won 2-0-0
Round 6,13,"Ethanv83 He/Him
Charles Eliatamby He/Him","Selesnya Landfall
Bant Rhythm",Charles Eliatamby won 2-0-0
Round 6,14,"Enchanted He/Him
pizzangry He/Him","Temur Omniscience
Izzet Prowess",Enchanted won 2-1-0
Round 6,15,"Yanatoy
Jędrek Szmyd He/Him","Izzet Opus
Izzet Lessons",Yanatoy won 2-0-0
Round 6,16,"Marco Capitanio
Kristoffer Payumo He/Him","Izzet Lessons
Four-Color Elementals",Kristoffer Payumo won 2-1-0
Round 6,17,"Vincent Reiter He/Him
Neil Deacon He/Him","Izzet Prowess
Izzet Prowess",Vincent Reiter won 2-1-0
Round 6,18,"Dan Rose
ClaudioBisioo","Izzet Lessons
Four-Color Control",Dan Rose won 2-1-0
Round 6,19,"Michael Baalham
Michael Boardman He/Him","Selesnya Landfall
Mono-Red Aggro",Michael Baalham won 2-0-0
Round 6,20,"Yat Ka Leung He/Him
Léo Guimard He/Him","Izzet Prowess
Selesnya Landfall",Léo Guimard won 2-1-0
Round 6,21,"Filipe Gusmão He/Him
Idris Killen He/Him","Golgari Demons
Izzet Lessons",Filipe Gusmão won 2-0-0
Round 6,22,"JackTheJester He/Him
DanS106 He/Him","Four-Color Control
Izzet Spellementals",JackTheJester won 2-1-0
Round 6,23,"Valentin Orru He/Him
Kristoffer Roland He/Him","Izzet Prowess
Gruul Leyline",Valentin Orru won 2-0-0
Round 6,24,"George Worsnop He/Him
gabriele tribulato Ze/zir","Izzet Prowess
Bant Rhythm",George Worsnop won 2-1-0
Round 6,25,"Jacob1200 He/Him
Sören Liesener He/Him","Azorius Otters
Selesnya Ouroboroid",Sören Liesener won 2-1-0
Round 6,26,"Jorge Muniz
Paul Farnsworth","Dimir Excruciator
Dimir Excruciator",Jorge Muniz won 2-0-0
Round 6,27,"Noah Bacine He/Him
Lucca LiPuma","Jeskai Control
Izzet Prowess",Lucca LiPuma won 2-0-0
Round 6,28,"Ignacio Garcia He/Him
Louis Wilder He/Him","Azorius Momo
Izzet Prowess",Louis Wilder won 2-1-0
Round 6,29,"Jakub Janáč
Pirrakos He/Him","Izzet Prowess
Dimir Excruciator",Pirrakos won 2-1-0
Round 6,30,"MangoMango She/Her
Jonah Strommenger He/Him","Jeskai Control
Izzet Prowess",Jonah Strommenger won 2-0-0
Round 6,31,"Tobia Daniele Nappi He/Him
Patrickleydecker He/Him","Four-Color Control
Izzet Spellementals",Tobia Daniele Nappi won 2-0-0
Round 6,32,"HoneycombH She/Her
Christian Kerr He/Him","Selesnya Landfall
Selesnya Landfall",HoneycombH won 2-1-0
Round 6,33,"Masaya_Hoshino He/Him
Edward Cushion He/Him","Izzet Prowess
Izzet Lessons",Masaya_Hoshino won 2-1-0
Round 6,34,"Sean Goddard He/Him
SimD22","Selesnya Ouroboroid
Jeskai Control",Sean Goddard won 2-0-0
Round 6,35,"jundazhang He/Him
Ben Jones","Izzet Prowess
Izzet Lessons",jundazhang won 2-1-0
Round 6,36,"Alex Winter
Vittorio Viti","Boros Mobilize
Four-Color Control",Alex Winter won 2-1-0
Round 6,37,"Fabian Klein
Philipp Schwaiger","Dimir Excruciator
Abzan Bats",Fabian Klein won 2-1-0
Round 6,38,"Pedro Lemos He/Him
Alexey Paulot He/Him","Selesnya Ouroboroid
Temur Lessons",Alexey Paulot won 2-1-0
Round 6,39,"Narzyss
Martin Ramos He/Him","Azorius Prison
Mono-White Momo",Martin Ramos won 2-0-0
Round 6,40,"Craig Tanner He/Him
Jack Young He/Him","Izzet Prowess
Izzet Spellementals",Craig Tanner won 2-1-0
Round 6,41,"Manuel Nowak He/Him
Jamie Walsh He/Him","Selesnya Rhythm
Four-Color Control",Jamie Walsh won 2-1-0
Round 6,42,"Maciej Barwik He/Him
Orry He/Him","Izzet Prowess
Izzet Spellementals",Orry won 2-0-0
Round 6,43,"oldemodave He/Him
Louis-Samuel Deltour","Dimir Deceit
Izzet Prowess",Louis-Samuel Deltour won 2-0-0
Round 6,44,"Ondrej Strasky He/Him
Juan Godoy He/Him","Izzet Lessons
Four-Color Elementals",Ondrej Strasky won 2-1-0
Round 6,45,"Nathan McDowell He/Him
Petr96 He/Him","Izzet Prowess
Four-Color Control",Nathan McDowell won 2-0-0
Round 6,46,"Arwad He/Him
Nathan Goldberg He/Him","Dimir Midrange
Selesnya Rhythm",Nathan Goldberg won 2-0-0
Round 6,47,"Jacopo Bartollini He/Him
Gonaclo Magalhães Diogo He/Him","Azorius Prison
Izzet Prowess",Gonaclo Magalhães Diogo won 2-0-0
Round 6,48,"Piotr Głogowski He/Him
Alexander Stehno","Izzet Lessons
Jeskai Control",Piotr Głogowski won 2-0-0
Round 6,49,"Victor Simon Wilhelm Lumholtz He/Him
Pier Paolo Moro They/Them","Selesnya Ouroboroid
Izzet Prowess",Victor Simon Wilhelm Lumholtz won 2-0-0
Round 6,50,"Ben Seck He/Him
TheRiedl He/Him","Bant Rhythm
Izzet Lessons",TheRiedl won 2-0-0
Round 6,51,"Stefan Kramm
Alex Campbell","Boros Dragons
Jeskai Control",Alex Campbell won 2-1-0
Round 6,52,"Christian Rothen He/Him
Theodor eliassen He/Him","Jeskai Control
Izzet Lessons",Theodor eliassen won 2-1-0
Round 6,53,"MikeRoss He/They
milesofford He/Him","Izzet Lessons
Sultai Reanimator",milesofford won 2-0-0
Round 6,54,"Mikkel Vestergaard He/Him
Nikita Yurochko He/Him","Four-Color Control
Dimir Midrange",Mikkel Vestergaard won 2-0-0
Round 6,55,"Jonatan Svendsen He/Him
M0J0 He/Him","Selesnya Landfall
Dimir Midrange",M0J0 won 2-0-0
Round 6,56,"Dominic Ulke He/Him
Zues He/Him","Izzet Prowess
Izzet Prowess",Dominic Ulke won 2-1-0
Round 6,57,"Zaraffyro
Brad Barclay He/Him","-
-",Brad Barclay won 2-1-0
Round 6,58,"JoaoM He/Him
ItMakesSens He/Him","Izzet Prowess
Selesnya Landfall",ItMakesSens won 2-1-0
Round 6,59,"Etienne Foare He/Him
DanoClark","Izzet Lessons
Four-Color Control",Etienne Foare won 2-0-0
Round 6,60,"GliedTamas He/Him
Geko","Sultai Control
Izzet Aggro",Geko won 2-0-0
Round 6,61,"Gargaroth He/Him
Olphod He/Him","Simic Ouroboroid
Mardu Discard",Olphod won 2-1-0
Round 6,62,"HarryPendall
Brady Crooks He/Him","Izzet Lessons
Izzet Lessons",HarryPendall won 2-0-0
Round 6,63,"Liam Tiller-Collins He/Him
Christian Mayr He/Him","Selesnya Ouroboroid
Four-Color Elementals",Christian Mayr won 2-1-0
Round 6,64,"Christian Richard He/Him
ViolentRich He/Him","Temur Harmonizer
Izzet Prowess",ViolentRich won 2-0-0
Round 6,65,"iamkrazy1 He/Him
Jammyf99 He/Him","Izzet Prowess
Sultai Reanimator",iamkrazy1 won 2-1-0
Round 6,66,"Olivier Geffroy He/Him
David Dunitza He/Him","Izzet Prowess
Izzet Spellementals",David Dunitza won 2-1-0
Round 6,67,"Thomas Duffy He/Him
Douglas Penman He/Him","Selesnya Landfall
Selesnya Ouroboroid",Douglas Penman won 2-0-0
Round 6,68,"Dominic White He/Him
Decio Sacco He/Him","Dimir Deceit
Selesnya Ouroboroid",Dominic White won 2-0-0
Round 6,69,"Mathew Mitchell He/Him
Nick Rogiers He/Him","Jeskai Control
Dimir Excruciator",Nick Rogiers won 2-1-0
Round 6,70,"Jake Swales He/They
George Stuart He/Him","Izzet Lessons
Izzet Spellementals",George Stuart won 2-0-0
Round 6,71,"T0bb3 He/Him
LinkangYang He/Him","Izzet Prowess
Izzet Lessons",T0bb3 won 2-1-0
Round 6,72,"Thomas Chenery He/Him
Pierre Liebsch He/Him","Izzet Spellementals
Temur Harmonizer",Pierre Liebsch won 2-0-0
Round 6,73,"Franco Cicchini He/Him
Juan Manuel Lorenzi He/Him","Izzet Prowess
Selesnya Landfall",Franco Cicchini won 2-1-0
Round 6,74,"Paul Bittner He/Him
Lena Marchant She/Her","Azorius Prison
Izzet Lessons",Lena Marchant won 2-1-0
Round 6,75,"André Santos
Callum Bousfield","Selesnya Landfall
Izzet Prowess",Callum Bousfield won 2-1-0
Round 6,76,"Alberto Santos
Oscar Christensen He/Him","Izzet Prowess
Selesnya Ouroboroid",Oscar Christensen won 2-0-0
Round 6,77,"Nicholas Brown
Viktor Hybinette He/Him","Selesnya Landfall
Golgari Demons",Viktor Hybinette won 2-1-0
Round 6,78,"Andy Stephens He/Him
Pär Jones He/Him","Selesnya Landfall
Golgari Midrange",Andy Stephens won 2-1-0
Round 6,79,"Jamie Popay He/Him
Gavin Thacker","Golgari Midrange
Boros Dragons",Gavin Thacker won 2-0-0
Round 6,80,"Zak Cowen
ucoconut871 Other","Izzet Prowess
Izzet Prowess",ucoconut871 won 2-1-0
Round 6,81,"Miguel Magalhaes He/Him
alexwalton64 He/Him","Selesnya Ouroboroid
Izzet Spellementals",alexwalton64 won 2-1-0
Round 6,82,"enraeh He/Him
Bryant Yang He/Him","Sultai Excruciator
Izzet Prowess",enraeh won 2-1-0
Round 6,83,"Elevenzees He/Him
Kamen Kamenov He/Him","Izzet Lessons
Four-Color Elementals",Elevenzees won 2-1-0
Round 6,84,"Maciej Olczak He/Him
Shadybadger46 He/Him","Selesnya Landfall
Mono-Blue Control",Maciej Olczak won 2-1-0
Round 6,85,"Lewis Foster He/Him
HarryHollingworth He/They","Selesnya Landfall
Bant Rhythm",HarryHollingworth won 2-0-0
Round 6,86,"Francesco Alacca He/Him
Klaus_Mikaelson He/Him","Izzet Lessons
Four-Color Control",Francesco Alacca won 2-1-0
Round 6,87,"Manuel Danninger He/Him
Marco Oliveto He/Him","Izzet Lessons
Golgari Rhythm",Manuel Danninger won 2-0-0
Round 6,88,"CraigLong He/Him
Cristian Jimenez He/Him","Dimir Excruciator
Four-Color Control",CraigLong won 2-0-0
Round 6,89,"Jack Buckland
DThomps He/Him","Selesnya Landfall
Izzet Prowess",DThomps won 2-0-0
Round 6,90,"shaneoc He/Him
Andrei Nikolov","Izzet Prowess
Izzet Prowess",Andrei Nikolov won 2-0-0
Round 6,91,"Kevin Broløs He/Him
Dylan Coates He/Him","Izzet Prowess
Izzet Lessons",Dylan Coates won 2-0-0
Round 6,92,"Wojciech Kowalczuk He/Him
Will Berrington He/Him","Selesnya Landfall
Mono-Green Landfall",Will Berrington won 2-0-0
Round 6,93,"Siamon He/Him
Patrick Burchert He/Him","Selesnya Ouroboroid
Azorius Prison",1-1-0 Draw
Round 6,94,"Russell Seeley He/Him
Charlie Kennett He/Him","Golgari Midrange
Dimir Excruciator",Russell Seeley won 2-0-0
Round 6,95,"Francisco Sanchez
drakharrris He/Him","Izzet Prowess
Izzet Lessons",Francisco Sanchez won 2-0-0
Round 6,96,"Unkillable13 He/Him
Dawid Florczyk","Izzet Prowess
Izzet Lessons",Dawid Florczyk won 2-1-0
Round 6,97,"Tom Law He/Him
Andrew Berry","Selesnya Landfall
Izzet Spellementals",Andrew Berry won 2-1-0
Round 6,98,"spikesmaster He/Him
Marcio Carvalho","Selesnya Ouroboroid
Selesnya Landfall",Marcio Carvalho won 2-0-0
Round 6,99,"Jasper Nielsen He/Him
Cosmin Achim He/Him","Izzet Spellementals
Mardu Demons",Jasper Nielsen won 2-0-0
Round 6,100,"Nostromo He/Him
Ashley Baden He/Him","Izzet Prowess
Mono-Green Landfall",Ashley Baden won 2-1-0
Round 6,101,"Andrew Fiedler He/Him
Skite He/They","Dimir Excruciator
Selesnya Landfall",Skite won 2-0-0
Round 6,102,"AlexRoebuck He/Him
Sandro1811 He/Him","Izzet Prowess
Dimir Bounce",AlexRoebuck won 2-0-0
Round 6,103,"Sandiagos He/Him
James Jenkins He/Him","Abzan Lifegain
Izzet Prowess",James Jenkins won 2-1-0
Round 6,104,"Coulsy He/Him
ZakP He/Him","Azorius Artifacts
Mono-Green Landfall",ZakP won 2-1-0
Round 6,105,"George Berrett He/Him
Chris Mander He/Him","Dimir Excruciator
Izzet Prowess",George Berrett won 2-0-0
Round 6,106,"Picomtg
Ine Jernelv","Bant Rhythm
Izzet Lessons",Ine Jernelv won 2-1-0
Round 6,107,"Geri925 He/Him
Gary Smith He/Him","Selesnya Rhythm
Jeskai Control",Gary Smith won 2-1-0
Round 6,108,"Max Staas He/Him
Christian Smith He/Him","Dimir Excruciator
Azorius Prison",Christian Smith won 2-1-0
Round 6,109,"Harry_Ersky He/Him
Rodney Bedell","Izzet Lessons
Selesnya Landfall",Rodney Bedell won 2-0-0
Round 6,110,"HarW7
Rookiemookie He/Him","Four-Color Control
Jeskai Control",Rookiemookie won 2-1-0
Round 6,111,"Raynor Kuang He/Him
Niels Wardenier He/Him","Boros Dragons
Azorius Prison",Niels Wardenier won 2-1-0
Round 6,112,"James Ball He/Him
Lukas Paugsch","Izzet Prowess
Dimir Excruciator",James Ball won 2-1-0
Round 6,113,"Gonçalo Paneiro He/Him
Edgar Baumler He/Him","Izzet Prowess
Bant Rhythm",Edgar Baumler won 2-1-0
Round 6,114,"no_justice_mtg She/Her
Julian Lamprecht He/Him","Four-Color Control
Selesnya Landfall",Julian Lamprecht won 2-1-0
Round 6,115,"Justien Balay
Daniele Vinciguerra He/Him","Selesnya Ouroboroid
Dimir Excruciator",Daniele Vinciguerra won 2-1-0
Round 6,116,"Roberto Fabiani
Giulio Tommaso Gomitoni","Grixis Deceit
Izzet Lessons",Roberto Fabiani won 2-1-0
Round 6,117,"Jari Rentsch He/Him
Nigel Stikker He/Him","Izzet Prowess
Izzet Spellementals",Jari Rentsch won 2-1-0
Round 6,118,"Guliver He/Him
Daniel Bjerkan He/Him","Selesnya Landfall
Selesnya Landfall",Guliver won 2-0-0
Round 6,119,"filpin He/Him
Rakhi09 She/They","Selesnya Ouroboroid
Izzet Prowess",filpin won 2-0-0
Round 6,120,"Leonardo Canalejo He/Him
Calum Gittins He/Him","Boros Dragons
Izzet Prowess",Calum Gittins won 2-0-0
Round 6,121,"JamesTaylor He/Him
Kim Homsma He/Him","Selesnya Landfall
Selesnya Landfall",Kim Homsma won 2-0-0
Round 6,122,"André Compal
Andreas Nordahl","Selesnya Landfall
Izzet Lessons",Andreas Nordahl won 2-1-0
Round 6,123,"AnilDG He/Him
Landstar He/They","Azorius Prison
Selesnya Ouroboroid",Landstar won 2-0-0
Round 6,124,"Filip Tetera He/Him
Harry Burke He/Him","Bant Rhythm
Azorius Momo",Filip Tetera won 2-1-0
Round 6,125,"karim mzoughi
Lucas Hyttel He/Him","Grixis Lizards
Mono-Green Landfall",Lucas Hyttel won 2-0-0
Round 6,126,"Thomas Walder
Cantthinkofanything","Mardu Artifacts
Mono-Green Landfall",Cantthinkofanything won 2-1-0
Round 6,127,"Tim Priwe He/Him
Francesco Latorre He/Him","Izzet Prowess
Izzet Prowess",Tim Priwe won 2-0-0
Round 6,128,"Félix Maurin He/Him
Luke Merryweather He/Him","Orzhov Momo
Izzet Lessons",Félix Maurin won 2-1-0
Round 6,129,"Tudor Marin He/Him
Noz777 He/Him","Selesnya Ouroboroid
Izzet Spellementals",Tudor Marin won 2-0-0
Round 6,130,"Mihaly Varadi He/Him
gwendalvador He/Him","Azorius Prison
Selesnya Landfall",gwendalvador won 2-0-0
Round 6,131,"Verduyn He/Him
DomS17 He/Him","Izzet Prowess
Izzet Prowess",Verduyn won 2-1-0
Round 6,132,"Verena Maccari She/Her
Gianluca Boaretto He/Him","Izzet Prowess
Izzet Spellementals",Verena Maccari won 2-0-0
Round 6,133,"AgentEdward
Robert Bailey He/Him","Izzet Prowess
Izzet Prowess",AgentEdward won 2-1-0
Round 6,134,"Alvaro Nicosia He/Him
Bolutin He/They","Izzet Prowess
Dimir Midrange",Alvaro Nicosia won 2-1-0
Round 6,135,"djsuk She/Her
Martin Forrester He/They","Orzhov Lifegain
Sultai Reanimator",Martin Forrester won 2-1-0
Round 6,136,"Philip White He/They
Stefano Spurio He/Him","Izzet Prowess
Four-Color Elementals",Stefano Spurio won 2-1-0
Round 6,137,"Daniel Lind He/Him
Carlos Pacheco He/Him","Selesnya Landfall
Four-Color Control",Daniel Lind won 2-0-0
Round 6,138,"Luis Gobern He/Him
fabse He/Him","Bant Rhythm
Izzet Prowess",fabse won 2-1-0
Round 6,139,"Nabil
Jacob Hauch","Izzet Prowess
Azorius Prison",Nabil won 2-1-0
Round 6,140,"Freddie Barber He/Him
Matt MT He/Him","Gruul Leyline
Sultai Reanimator",Matt MT won 2-1-0
Round 6,141,"Daniel Larsen He/Him
Horia Vernescu He/Him","Selesnya Landfall
Selesnya Ouroboroid",Daniel Larsen won 2-0-0
Round 6,142,"Dylan Gregory-Martin He/They
Robert Pennington","Izzet Spellementals
Simic Omniscience",Dylan Gregory-Martin won 2-1-0
Round 6,143,"RyanNorthcott He/Him
soufian hriz He/Him","Boros Momo
Izzet Spellementals",soufian hriz won 2-0-0
Round 6,144,"RoreosaRory He/Him
oDwin He/Him","Four-Color Elementals
Orzhov Momo",RoreosaRory won 2-0-0
Round 6,145,"Dorian Wiese He/Him
Josh Corless He/Him","Golgari Midrange
Izzet Spellementals",Josh Corless won 2-1-0
Round 6,146,"Alex Göbel He/Him
ClementLumeau He/They","Dimir Midrange
Izzet Prowess",1-1-0 Draw
Round 6,147,"MatteoLB He/Him
Zurgo128","Four-Color Control
Izzet Lessons",MatteoLB won 2-1-0
Round 6,148,"Nick Arnold He/Him
MasterDPW","Dimir Excruciator
Four-Color Control",Nick Arnold won 2-0-0
Round 6,149,"Robert Young He/Him
197564 He/Him","Golgari Ouroboroid
Azorius Prison",Robert Young won 2-1-0
Round 6,150,"CJ Vice He/Him
Noah Anderson Weiskircher They/Them","Esper Oculus
Izzet Lessons",CJ Vice won 2-0-0
Round 6,151,"Andrei M He/Him
Alex Hillier He/Him","Izzet Prowess
Four-Color Elementals",Alex Hillier won 2-1-0
Round 6,152,"AdamPC He/Him
RyaS","Izzet Prowess
Naya Yuna",RyaS won 2-0-0
Round 6,153,"Salvatore Cardali
Mirand Shtërbani He/Him","Azorius Prison
Four-Color Control",Salvatore Cardali won 2-1-0
Round 6,154,"Fabian Jonckeer He/Him
Peppo0212 They/Them","Mono-Green Landfall
Izzet Lessons",Fabian Jonckeer won 2-0-0
Round 6,155,"Coachjennsen23 He/Him
Gwen Wall She/Her","Boros Dragons
Azorius Prison",Coachjennsen23 won 2-1-0
Round 6,156,"Seal100 He/Him
Emelia St John She/They","Dimir Bounce
Izzet Spellementals",Emelia St John won 2-0-0
Round 6,157,"Victor Manuel Graveto
Stefanos Fotiadis","Azorius Prison
Izzet Prowess",Stefanos Fotiadis won 2-1-0
Round 6,158,"Francesco Vitiello He/Him
Jonas_Erbe","Selesnya Landfall
Simic Rhythm",Jonas_Erbe won 2-0-0
Round 6,159,"Adam Jansson He/Him
Aras Şenyüz He/Him","Izzet Prowess
Izzet Prowess",Adam Jansson won 2-1-0
Round 6,160,"Kjetil Wevling He/Him
RomainAlexandre He/Him","Izzet Spellementals
Izzet Spellementals",Kjetil Wevling won 2-0-0
Round 6,161,"Lee Medhurst He/Him
ShababC He/Him","Four-Color Elementals
Simic Rhythm",Lee Medhurst won 2-0-0
Round 6,162,"Tifenn Samyn She/Her
Emilio Morabito","Izzet Spellementals
Izzet Prowess",Emilio Morabito won 2-1-0
Round 6,163,"Sam Milner He/Him
Nomae He/Him","Izzet Prowess
Selesnya Ouroboroid",Nomae won 2-0-0
Round 6,164,"Sergio Seoane He/Him
Andreas Foreman Jensen He/Him","Selesnya Landfall
Selesnya Ouroboroid",Andreas Foreman Jensen won 2-0-0
Round 6,165,"williametchells He/Him
Andrea Piemonti He/Him","Naya Legends
Izzet Lessons",williametchells won 2-1-0
Round 6,166,"Adrien Beaussart He/Him
FerruccioMicheli He/Him","Four-Color Elementals
Selesnya Landfall",FerruccioMicheli won 2-0-0
Round 6,167,"jlc93 He/Him
Kieran Malloy He/Him","Selesnya Rabbits
Izzet Prowess",Kieran Malloy won 2-0-0
Round 6,168,"Badmaths222 He/Him
Jonny Gu He/Him","Four-Color Elementals
Izzet Spellementals",Badmaths222 won 2-0-0
Round 6,169,"Pascal van Alphen
Mangara He/Him","Izzet Prowess
Azorius Prison",Mangara won 2-0-0
Round 6,170,"CalMc
TomR","Izzet Lessons
Izzet Prowess",TomR won 2-1-0
Round 6,171,"Léo Thiémard He/Him
ANNAVALILA He/Him","Bant Rhythm
Izzet Prowess",Léo Thiémard won 2-0-0
Round 6,172,"Storm Losell He/Him
Yannick29000 He/Him","Selesnya Landfall
Izzet Prowess",Storm Losell won 2-1-0
Round 6,173,"SkottCooper He/Him
WillKillsTime He/Him","Azorius Prison
Izzet Prowess",WillKillsTime won 2-0-0
Round 6,174,"Duskfire He/Him
Björn Kimminich He/Him","Selesnya Landfall
Izzet Prowess",Duskfire won 2-0-0
Round 6,175,"Ozan Sevsevil He/Him
Julian Riedener He/Him","Jeskai Control
Bant Rhythm",Ozan Sevsevil won 2-0-0
Round 6,176,"Johnathan Wilkes He/Him
Giuseppe Miele He/Him","Golgari Demons
Izzet Lessons",Johnathan Wilkes won 2-1-0
Round 6,177,"BenR4
Elyacht","Jeskai Control
Izzet Prowess",BenR4 won 2-0-0
Round 6,178,"TGalla
AdriaGarciaSarmiento He/Him","Azorius Merfolk
Azorius Prison",AdriaGarciaSarmiento won 2-0-0
Round 6,179,"Fabien Li He/Him
GiorgioCanezin He/Him","Boros Mobilize
Azorius Prison",Fabien Li won 2-1-0
Round 6,180,"Truls Mathisen He/Him
Dom He/Him","Mono-Blue Spellementals
Azorius Momo",Truls Mathisen won 2-1-0
Round 6,181,"Morgan Lebrument He/Him
Daniel Johnson He/Him","Izzet Prowess
Azorius Prison",Daniel Johnson won 2-1-0
Round 6,182,"Philippe Wirz He/Him
Kewin Lozicki He/Him","Azorius Prison
Azorius Momo",Philippe Wirz won 2-1-0
Round 6,183,"Mae French She/Her
RamC1 He/Him","Izzet Lessons
Izzet Lessons",Mae French won 2-1-0
Round 6,184,"Martin Richardson He/Him
EdGlease He/Him","Azorius Control
Izzet Spellementals",EdGlease won 2-1-0
Round 6,185,"JoshuaPyleCarter Other
nartin9 He/Him","Simic Omniscience
Izzet Prowess",JoshuaPyleCarter won 2-0-0
Round 6,186,"WompRat He/Him
Aidan Currah","Boros Mobilize
Selesnya Landfall",WompRat won 2-0-0
Round 6,187,"christian gullberg He/Him
Inherentmac He/Him","Izzet Spellementals
Grixis Discard",christian gullberg won 2-0-0
Round 6,188,"Matthieu Tassa He/Him
louisfrith He/Him","Izzet Prowess
Azorius Prison",Matthieu Tassa won 2-0-0
Round 6,189,"RobinVahland He/Him
Pebus101 He/Him","Songcrafter Control
Bant Rhythm",RobinVahland won 2-1-0
Round 6,190,"THErev23 He/Him
Pier Iaquinta He/Him","Azorius Momo
Jeskai Control",Pier Iaquinta won 2-1-0
Round 6,191,"Leaham He/Him
Nuno Duarte","Selesnya Landfall
Dimir Deceit",Leaham won 2-0-0
Round 6,192,"David Woodland He/Him
EriS28 He/Him","Izzet Spellementals
Izzet Prowess",David Woodland won 2-1-0
Round 6,193,"ALANBBBK He/Him
Jonathan Lee","Sultai Changeling
Izzet Lessons",ALANBBBK won 2-0-0
Round 6,194,"Tom8520 He/Him
Mehdi Khelfa He/Him","Bant Rhythm
Izzet Prowess",Tom8520 won 2-0-0
Round 6,195,"seany He/Him
Ghostfire17605 He/Him","Izzet Lessons
Golgari Midrange",seany won 2-0-0
Round 6,196,"Tomáš Krupička He/Him
Francesco Ghelli He/Him","Selesnya Landfall
Selesnya Ouroboroid",Francesco Ghelli won 2-1-0
Round 6,197,"Kun150 He/Him
Jack Goldsworthy He/Him","Dimir Excruciator
Izzet Prowess",Kun150 won 2-0-0
Round 6,198,"Rory McKay He/Him
KeesvanMontfoort","Azorius Momo
Izzet Prowess",KeesvanMontfoort won 2-1-0
Round 6,199,"Hannes Brandstetter
Adam Davis He/Him","Selesnya Landfall
Izzet Lessons",Hannes Brandstetter won 2-1-0
Round 6,200,"Stefan Schütz
Hiltinchest He/They","Bant Rhythm
Izzet Prowess",Stefan Schütz won 2-0-0
Round 6,201,"Mclockin He/Him
alshay2020 He/Him","Selesnya Ouroboroid
Izzet Prowess",Mclockin won 2-1-0
Round 6,202,"Jacob Borrowdale He/Him
Nicolas Prail He/Him","Izzet Prowess
Izzet Prowess",Nicolas Prail won 2-1-0
Round 6,203,"art3mique
Daniele Scatassi","Izzet Lessons
Izzet Prowess",Daniele Scatassi won 2-0-0
Round 6,204,"guislaindumont
Henry Cooke","Azorius Prison
Izzet Prowess",guislaindumont won 2-0-0
Round 6,205,"Jadrzwi He/Him
Jacob Vogts He/Him","Izzet Lessons
Izzet Lessons",Jacob Vogts won 2-0-0
Round 6,206,"jwhiley93 He/Him
dietcruella She/Her","Orzhov Sacrifice
Dimir Excruciator",dietcruella won 2-0-0
Round 6,207,"Mikki Klokkedal He/Him
Grimbakor He/They","Selesnya Landfall
Dimir Monument",Mikki Klokkedal won 2-0-0
Round 6,208,"Nate314 He/Him
ophoox He/Him","Mono-White Momo
Boros Dragons",Nate314 won 2-0-0
Round 6,209,"Stephanos Economides He/Him
Tadhg Murphy","Dimir Excruciator
Izzet Prowess",Tadhg Murphy won 2-0-0
Round 6,210,"pileshuffle
Marco Vassallo He/Him","Four-Color Elementals
Sultai Excruciator",Marco Vassallo won 2-1-0
Round 6,211,"Jan Pruchniewicz He/Him
SquirrelSovereign","Simic Omniscience
Izzet Prowess",Jan Pruchniewicz won 2-1-0
Round 6,212,"Matteo Silvestri He/Him
Sebastian Sachse","Four-Color Elementals
Temur Harmonizer",Sebastian Sachse won 2-0-0
Round 6,213,"pamkung She/Her
LuigiC He/Him","Bant Rhythm
Golgari Demons",LuigiC won 2-0-0
Round 6,214,"Emil Rasmussen He/Him
AndyHenwood","Selesnya Landfall
Mono-Green Landfall",Emil Rasmussen won 2-0-0
Round 6,215,"Teemu Alanko He/Him
Josef Zivec He/Him","Mono-White Momo
Bant Rhythm",Josef Zivec won 2-0-0
Round 6,216,"Daniel Lewis He/Him
Branoc Richards He/Him","Four-Color Control
Izzet Prowess",Branoc Richards won 2-1-0
Round 6,217,"Tien Thanh Pham He/Him
Rasmus Nilsson He/Him","Azorius Prison
Selesnya Landfall",Tien Thanh Pham won 2-0-0
Round 6,218,"krystianM He/Him
Riccardo Bragato He/Him","Izzet Lessons
Selesnya Rhythm",krystianM won 2-1-0
Round 6,219,"Dotraki
Sytse He/Him","Izzet Prowess
Sultai Control",Dotraki won 2-1-0
Round 6,220,"Derek Choi He/Him
Elia Libralato He/Him","Dimir Excruciator
Bant Rhythm",Elia Libralato won 2-1-0
Round 6,221,"Enrico Libralato He/Him
jamestimms He/They","Azorius Prison
Azorius Prison",jamestimms won 2-1-0
Round 6,222,"Lubos Leskovjansky He/They
Krister Karlsen He/Him","Mono-White Momo
Bant Rhythm",Krister Karlsen won 2-0-0
Round 6,223,"Alexander Maier He/Him
Pedro Magalhães He/Him","Izzet Lessons
Boros Dragons",Alexander Maier won 2-0-0
Round 6,224,"Hal8999 He/Him
ADSandslash He/They","Izzet Lessons
Azorius Artifacts",ADSandslash won 2-1-0
Round 6,225,"Misty Manek She/Her
Juri Barkey He/Him","Azorius Prison
Izzet Spellementals",Juri Barkey won 2-0-0
Round 6,226,"DarioCavallone
Andrew Stevenson He/Him","Bant Rhythm
Jeskai Control",Andrew Stevenson won 2-0-0
Round 6,227,"Cartheron Other
Robert Wiseman","Mono-Black Demons
Izzet Prowess",Cartheron won 2-1-0
Round 6,228,"manyrollies
Felix Wieland He/Him","Izzet Spellementals
Sultai Midrange",Felix Wieland won 2-1-0
Round 6,229,"Corrlight He/Him
AustinMi He/They","Azorius Prison
Izzet Prowess",Corrlight won 2-1-0
Round 6,230,"EvanColly He/Him
Andrew Smith He/Him","Izzet Prowess
Mono-Green Landfall",Andrew Smith won 2-1-0
Round 6,231,"Xifan He/Him
Lucas Jensen He/They","Izzet Prowess
Jeskai Control",Xifan won 2-0-0
Round 6,232,"Magnus Jørgensen He/Him
Dan Robinson","Izzet Prowess
Boros Dragons",Magnus Jørgensen won 2-0-0
Round 6,233,"NicolasM He/Him
Goblingrenade He/Him","Four-Color Control
Azorius Momo",NicolasM won 2-0-0
Round 6,234,"Dafta He/Him
Bratwurst","Mono-Green Landfall
Selesnya Landfall",Dafta won 2-0-0
Round 6,235,"Marco Vay He/Him
Alexander Gordon-Brown He/Him","Dimir Excruciator
Sultai Control",Marco Vay won 2-1-0
Round 6,236,"NilHomar
IanB3 He/Him","Golgari Midrange
Izzet Spellementals",NilHomar won 2-1-0
Round 6,237,"Bradley Bunce He/Him
Gustavo Colon He/Him","Azorius Prison
Four-Color Control",Bradley Bunce won 2-0-0
Round 6,238,"Tolga Sertbas
Mattia Colombo He/Him","Mono-Red Aggro
Dimir Control",Tolga Sertbas won 2-1-0
Round 6,239,"ShaC28
Keanjoy He/Him","Mardu Gambit
Izzet Prowess",ShaC28 won 2-0-0
Round 6,240,"AARB12 He/Him
jruxc","Azorius Prison
Dimir Excruciator",AARB12 won 2-1-0
Round 6,241,"StephenSodusta He/Him
treefr0gg","Temur Ferocious
Mono-Green Landfall",StephenSodusta won 2-1-0
Round 6,242,"rtsolo She/They
EtherealBlue She/Her","Mardu Mobilize
Izzet Spellementals",EtherealBlue won 2-1-0
Round 6,243,"Dan Stokes He/Him
Splitseven He/Him","Four-Color Control
Izzet Lessons",Dan Stokes won 2-1-0
Round 6,244,"Lilian Lescure He/Him
Pawel Makles He/Him","Dimir Excruciator
Azorius Prison",Pawel Makles won 2-1-0
Round 6,245,"Cedric Gäde
JoaoCorvina Other","Azorius Prison
Selesnya Landfall",Cedric Gäde won 2-0-0
Round 6,246,"DoubleDavey He/Him
mundisv He/Him","Selesnya Landfall
Izzet Prowess",mundisv won 2-0-0
Round 6,247,"MY13Dragonfly They/Them
Antoine Bernier He/Him","Bant Rhythm
Izzet Lessons",MY13Dragonfly won 2-0-0
Round 6,248,"Soulblighter
jjjimbo They/Them","Selesnya Ouroboroid
Izzet Lessons",Soulblighter won 2-1-0
Round 6,249,"Gwendolyn Noble She/Her
Sindre Mortensen","Bant Rhythm
Selesnya Rhythm",Sindre Mortensen won 2-0-0
Round 6,250,"Zijun Wang He/Him
kristofff He/Him","Temur Harmonizer
Dimir Excruciator",Zijun Wang won 2-0-0
Round 6,251,"AlexG1995 He/Him
Phillip Scutter-Cairns He/Him","Mono-Green Landfall
Jeskai Control",AlexG1995 won 2-1-0
Round 6,252,"HowlingFjord He/Him
JackNewell He/Him","Golgari Demons
Boros Discard",JackNewell won 2-0-0
Round 6,253,"Graveturner He/Him
Chris Grenville He/Him","Izzet Lessons
Izzet Prowess",Chris Grenville won 2-0-0
Round 6,254,"Brian Rasmussen He/Him
Krzysztof Drzewiecki He/Him","Dimir Excruciator
Azorius Repartee",Brian Rasmussen won 2-0-0
Round 6,255,"Jonny 🐘 Edmondson He/Him
Cal91 He/Him","Izzet Prowess
Dimir Deceit",Jonny 🐘 Edmondson won 2-1-0
Round 6,256,"Robin Clark She/Her
John Kai Sang Ng He/Him","Sultai Reanimator
Dimir Excruciator",Robin Clark won 2-1-0
Round 6,257,"Vincent Pernel He/Him
darkblueturbo He/Him","Dimir Artifacts
Izzet Spellementals",darkblueturbo won 2-0-0
Round 6,258,"Max Spencer He/Him
CelestinBARRE He/Him","Golgari Changelings
Golgari Skeletons",Max Spencer won 2-1-0
Round 6,259,"AndrewHM He/They
Fraser Dallachy He/Him","Azorius Control
Abzan Cosmogoyf",AndrewHM won 2-0-0
Round 6,260,"Thraxi He/Him
Conrad Scherb","Mono-Green Landfall
Jeskai Control",Conrad Scherb won 2-0-0
Round 6,261,"Luka Fuchs
Michael Rutter He/Him","Mono-Blue Tempo
Izzet Spellementals",Luka Fuchs won 2-1-0
Round 6,262,"Xcunonophus He/They
Jay_Flimmzky He/Him","Azorius Artifacts
Dimir Mill",1-1-0 Draw
Round 6,263,"Stefano Belloni He/Him
plantgirl She/Her","Izzet Prowess
Mono-Blue Spellementals",Stefano Belloni won 2-1-0
Round 6,264,"JJ Hidson He/Him
Hans Ludvig Skovli He/Him","Mono-Green Chocobo
Izzet Prowess",Hans Ludvig Skovli won 2-0-0
Round 7,1,"TomaszDudziec He/Him
Marian Bunganic He/Him","Izzet Prowess
Izzet Lessons",1-1-0 Draw
Round 7,2,"AlexMacIsaac He/Him
EricZhou He/Him","Izzet Prowess
Izzet Prowess",AlexMacIsaac won 2-0-0
Round 7,3,"StannersPOTUS
Charles Rivet He/Him","Mardu Discard
Izzet Prowess",StannersPOTUS won 2-0-0
Round 7,4,"Maxime Desiront He/Him
DarkDeno","Sultai Reanimator
Selesnya Landfall",Maxime Desiront won 2-1-0
Round 7,5,"felipins He/Him
Yann-Guillaume Jaccard He/Him","Dimir Excruciator
Allies",Yann-Guillaume Jaccard won 2-1-0
Round 7,6,"Stanislau Zubovich He/Him
Jorge Muniz","Izzet Prowess
Dimir Excruciator",Stanislau Zubovich won 2-1-0
Round 7,7,"Dan Rose
Pirrakos He/Him","Izzet Lessons
Dimir Excruciator",Dan Rose won 2-0-0
Round 7,8,"Louis-Samuel Deltour
Titouan LE BERRE He/Him","Izzet Prowess
Izzet Prowess",Louis-Samuel Deltour won 2-1-0
Round 7,9,"Tommi Erola He/Him
Alexey Paulot He/Him","Mono-Green Landfall
Temur Lessons",Tommi Erola won 2-1-0
Round 7,10,"milesofford He/Him
woebringer He/Him","Sultai Reanimator
Izzet Prowess",woebringer won 2-0-0
Round 7,11,"Charles Eliatamby He/Him
Enchanted He/Him","Bant Rhythm
Temur Omniscience",Enchanted won 2-1-0
Round 7,12,"Nathan Goldberg He/Him
Piotr Głogowski He/Him","Selesnya Rhythm
Izzet Lessons",Nathan Goldberg won 2-1-0
Round 7,13,"JackTheJester He/Him
Nathan McDowell He/Him","Four-Color Control
Izzet Prowess",Nathan McDowell won 2-1-0
Round 7,14,"Theodor eliassen He/Him
Mikkel Vestergaard He/Him","Izzet Lessons
Four-Color Control",Theodor eliassen won 2-1-0
Round 7,15,"HoneycombH She/Her
Gerardo D'Elia He/Him","Selesnya Landfall
Jeskai Control",Gerardo D'Elia won 2-0-0
Round 7,16,"Valentin Orru He/Him
Léo Guimard He/Him","Izzet Prowess
Selesnya Landfall",Léo Guimard won 2-1-0
Round 7,17,"Sören Liesener He/Him
Filipe Gusmão He/Him","Selesnya Ouroboroid
Golgari Demons",Sören Liesener won 2-0-0
Round 7,18,"Bilbo_Baggins
Craig Tanner He/Him","Izzet Prowess
Izzet Prowess",Bilbo_Baggins won 2-0-0
Round 7,19,"jundazhang He/Him
Sean Goddard He/Him","Izzet Prowess
Selesnya Ouroboroid",Sean Goddard won 2-0-0
Round 7,20,"TheRiedl He/Him
George Worsnop He/Him","Izzet Lessons
Izzet Prowess",TheRiedl won 2-0-0
Round 7,21,"Alvaro Fernandez Torres He/Him
Orry He/Him","Izzet Prowess
Izzet Spellementals",Orry won 2-0-0
Round 7,22,"Vincent Reiter He/Him
Masaya_Hoshino He/Him","Izzet Prowess
Izzet Prowess",Masaya_Hoshino won 2-1-0
Round 7,23,"Jonah Strommenger He/Him
Louis Wilder He/Him","Izzet Prowess
Izzet Prowess",Louis Wilder won 2-1-0
Round 7,24,"Lucca LiPuma
Victor Simon Wilhelm Lumholtz He/Him","Izzet Prowess
Selesnya Ouroboroid",Lucca LiPuma won 2-0-0
Round 7,25,"Fabian Klein
Kristoffer Payumo He/Him","Dimir Excruciator
Four-Color Elementals",Fabian Klein won 2-0-0
Round 7,26,"Ondrej Strasky He/Him
Michael Baalham","Izzet Lessons
Selesnya Landfall",Ondrej Strasky won 2-1-0
Round 7,27,"Koen de Vos
Tobia Daniele Nappi He/Him","Azorius Momo
Four-Color Control",Koen de Vos won 2-1-0
Round 7,28,"Draysor He/Him
Martin Ramos He/Him","Selesnya Landfall
Mono-White Momo",Martin Ramos won 2-1-0
Round 7,29,"Yanatoy
Callum Laird He/Him","Izzet Opus
Izzet Prowess",Yanatoy won 2-0-0
Round 7,30,"Gonaclo Magalhães Diogo He/Him
Jamie Walsh He/Him","Izzet Prowess
Four-Color Control",Jamie Walsh won 2-0-0
Round 7,31,"Alex Winter
Alex Campbell","Boros Mobilize
Jeskai Control",Alex Campbell won 2-0-0
Round 7,32,"M0J0 He/Him
Brad Barclay He/Him","Dimir Midrange
Four-Color Control",Brad Barclay won 2-1-0
Round 7,33,"EricNewton He/Him
Dominic Ulke He/Him","Jeskai Control
Izzet Prowess",EricNewton won 2-1-0
Round 7,34,"ItMakesSens He/Him
Etienne Foare He/Him","Selesnya Landfall
Izzet Lessons",Etienne Foare won 2-0-0
Round 7,35,"tip He/Him
Will Berrington He/Him","Selesnya Ouroboroid
Mono-Green Landfall",Will Berrington won 2-1-0
Round 7,36,"MikeRoss He/They
Manuel Danninger He/Him","Izzet Lessons
Izzet Lessons",MikeRoss won 2-0-0
Round 7,37,"James Jenkins He/Him
Patrickleydecker He/Him","Izzet Prowess
Izzet Spellementals",Patrickleydecker won 2-0-0
Round 7,38,"Ine Jernelv
Dylan Gregory-Martin He/They","Izzet Lessons
Izzet Spellementals",Dylan Gregory-Martin won 2-0-0
Round 7,39,"Martin Forrester He/They
Ethanv83 He/Him","Sultai Reanimator
Selesnya Landfall",Ethanv83 won 2-0-0
Round 7,40,"Arwad He/Him
Nick Rogiers He/Him","Dimir Midrange
Dimir Excruciator",Arwad won 2-0-0
Round 7,41,"Daniele Vinciguerra He/Him
AgentEdward","Dimir Excruciator
Izzet Prowess",Daniele Vinciguerra won 2-0-0
Round 7,42,"Josh Corless He/Him
Christian Kerr He/Him","Izzet Spellementals
Selesnya Landfall",Christian Kerr won 2-0-0
Round 7,43,"Geko
Paul Farnsworth","Izzet Aggro
Dimir Excruciator",Geko won 2-0-0
Round 7,44,"Julian Lamprecht He/Him
Ignacio Garcia He/Him","Selesnya Landfall
Azorius Momo",Julian Lamprecht won 2-1-0
Round 7,45,"Russell Seeley He/Him
Jasper Nielsen He/Him","Golgari Midrange
Izzet Spellementals",Russell Seeley won 2-1-0
Round 7,46,"enraeh He/Him
Yat Ka Leung He/Him","Sultai Excruciator
Izzet Prowess",Yat Ka Leung won 2-0-0
Round 7,47,"James Ball He/Him
Maciej Barwik He/Him","Izzet Prowess
Izzet Prowess",Maciej Barwik won 2-0-0
Round 7,48,"Andreas Nordahl
Jakub Janáč","Izzet Lessons
Izzet Prowess",Andreas Nordahl won 2-1-0
Round 7,49,"Philipp Schwaiger
Vittorio Viti","Abzan Bats
Four-Color Control",Vittorio Viti won 2-1-0
Round 7,50,"Maciej Olczak He/Him
Rookiemookie He/Him","Selesnya Landfall
Jeskai Control",Rookiemookie won 2-0-0
Round 7,51,"Félix Maurin He/Him
Cantthinkofanything","Orzhov Momo
Mono-Green Landfall",Félix Maurin won 2-0-0
Round 7,52,"Jędrek Szmyd He/Him
Narzyss","Izzet Lessons
Azorius Prison",Jędrek Szmyd won 2-0-0
Round 7,53,"Jacob1200 He/Him
SimD22","Azorius Otters
Jeskai Control",Jacob1200 won 2-0-0
Round 7,54,"Christian Rothen He/Him
Noah Bacine He/Him","Jeskai Control
Jeskai Control",Christian Rothen won 2-1-0
Round 7,55,"ucoconut871 Other
MangoMango She/Her","Izzet Prowess
Jeskai Control",ucoconut871 won 2-0-0
Round 7,56,"swxgv He/Him
AlexRoebuck He/Him","Izzet Prowess
Izzet Prowess",swxgv won 2-1-0
Round 7,57,"Verduyn He/Him
Daniel Larsen He/Him","Izzet Prowess
Selesnya Landfall",Daniel Larsen won 2-0-0
Round 7,58,"Franco Cicchini He/Him
Gavin Thacker","Izzet Prowess
Boros Dragons",Franco Cicchini won 2-0-0
Round 7,59,"Stefano Spurio He/Him
Andrei Nikolov","Four-Color Elementals
Izzet Prowess",Stefano Spurio won 2-1-0
Round 7,60,"Dawid Florczyk
soufian hriz He/Him","Izzet Lessons
Izzet Spellementals",Dawid Florczyk won 2-1-0
Round 7,61,"Jack Young He/Him
Roberto Fabiani","Izzet Spellementals
Grixis Deceit",Jack Young won 2-1-0
Round 7,62,"Daniel Lind He/Him
Kim Homsma He/Him","Selesnya Landfall
Selesnya Landfall",Kim Homsma won 2-0-0
Round 7,63,"HarryPendall
Juan Godoy He/Him","Izzet Lessons
Four-Color Elementals",Juan Godoy won 2-1-0
Round 7,64,"Ben Seck He/Him
Nikita Yurochko He/Him","Bant Rhythm
Dimir Midrange",Nikita Yurochko won 2-1-0
Round 7,65,"Dominic White He/Him
Francisco Sanchez","Dimir Deceit
Izzet Prowess",Francisco Sanchez won 2-1-0
Round 7,66,"Rodney Bedell
Edward Cushion He/Him","Selesnya Landfall
Izzet Lessons",Rodney Bedell won 2-0-0
Round 7,67,"Jari Rentsch He/Him
Neil Deacon He/Him","Izzet Prowess
Izzet Prowess",Jari Rentsch won 2-0-0
Round 7,68,"Olphod He/Him
Filip Tetera He/Him","Mardu Discard
Bant Rhythm",Olphod won 2-1-0
Round 7,69,"Christian Mayr He/Him
Lena Marchant She/Her","Four-Color Elementals
Izzet Lessons",Lena Marchant won 2-1-0
Round 7,70,"CraigLong He/Him
Tim Priwe He/Him","Dimir Excruciator
Izzet Prowess",Tim Priwe won 2-0-0
Round 7,71,"DanS106 He/Him
Calum Gittins He/Him","Izzet Spellementals
Izzet Prowess",DanS106 won 2-0-0
Round 7,72,"Andy Stephens He/Him
Oscar Christensen He/Him","Selesnya Landfall
Selesnya Ouroboroid",Oscar Christensen won 2-0-0
Round 7,73,"gabriele tribulato Ze/zir
fabse He/Him","Bant Rhythm
Izzet Prowess",fabse won 2-1-0
Round 7,74,"alexwalton64 He/Him
Pedro Lemos He/Him","Izzet Spellementals
Selesnya Ouroboroid",alexwalton64 won 2-1-0
Round 7,75,"Douglas Penman He/Him
Dylan Coates He/Him","Selesnya Ouroboroid
Izzet Lessons",Douglas Penman won 2-1-0
Round 7,76,"iamkrazy1 He/Him
Gary Smith He/Him","Izzet Prowess
Jeskai Control",iamkrazy1 won 2-0-0
Round 7,77,"Callum Bousfield
GiuseppeG He/Him","Izzet Prowess
Selesnya Landfall",GiuseppeG won 2-1-0
Round 7,78,"Christian Smith He/Him
George Stuart He/Him","Azorius Prison
Izzet Spellementals",George Stuart won 2-0-0
Round 7,79,"Viktor Hybinette He/Him
Verena Maccari She/Her","Golgari Demons
Izzet Prowess",Verena Maccari won 2-0-0
Round 7,80,"Jacopo Bartollini He/Him
Francesco Alacca He/Him","Azorius Prison
Izzet Lessons",Francesco Alacca won 2-0-0
Round 7,81,"Lucas Hyttel He/Him
Marco Capitanio","Mono-Green Landfall
Izzet Lessons",Marco Capitanio won 2-1-0
Round 7,82,"Stefan Kramm
Pier Paolo Moro They/Them","Boros Dragons
Izzet Prowess",Stefan Kramm won 2-0-0
Round 7,83,"Kristoffer Roland He/Him
Alvaro Nicosia He/Him","Gruul Leyline
Izzet Prowess",Alvaro Nicosia won 2-0-0
Round 7,84,"gwendalvador He/Him
Pierre Liebsch He/Him","Selesnya Landfall
Temur Harmonizer",gwendalvador won 2-1-0
Round 7,85,"Landstar He/They
ViolentRich He/Him","Selesnya Ouroboroid
Izzet Prowess",ViolentRich won 2-1-0
Round 7,86,"Manuel Nowak He/Him
Nabil","Selesnya Rhythm
Izzet Prowess",Nabil won 2-1-0
Round 7,87,"Alexander Stehno
RoreosaRory He/Him","Jeskai Control
Four-Color Elementals",RoreosaRory won 2-0-0
Round 7,88,"Nick Arnold He/Him
Salvatore Cardali","Dimir Excruciator
Azorius Prison",Salvatore Cardali won 2-1-0
Round 7,89,"Michael Boardman He/Him
Marcio Carvalho","Mono-Red Aggro
Selesnya Landfall",Marcio Carvalho won 2-1-0
Round 7,90,"HarryHollingworth He/They
George Berrett He/Him","Bant Rhythm
Dimir Excruciator",George Berrett won 2-1-0
Round 7,91,"Guliver He/Him
ClaudioBisioo","Selesnya Landfall
Four-Color Control",ClaudioBisioo won 2-1-0
Round 7,92,"Tudor Marin He/Him
Elevenzees He/Him","Selesnya Ouroboroid
Izzet Lessons",Tudor Marin won 2-0-0
Round 7,93,"Ashley Baden He/Him
David Dunitza He/Him","Mono-Green Landfall
Izzet Spellementals",David Dunitza won 2-0-0
Round 7,94,"pizzangry He/Him
Ben Jones","Izzet Prowess
Izzet Lessons",pizzangry won 2-1-0
Round 7,95,"LinkangYang He/Him
DomS17 He/Him","Izzet Lessons
Izzet Prowess",DomS17 won 2-0-0
Round 7,96,"DThomps He/Him
Idris Killen He/Him","Izzet Prowess
Izzet Lessons",Idris Killen won 2-0-0
Round 7,97,"T0bb3 He/Him
Niels Wardenier He/Him","Izzet Prowess
Azorius Prison",T0bb3 won 2-1-0
Round 7,98,"Petr96 He/Him
Andrew Berry","Four-Color Control
Izzet Spellementals",Petr96 won 2-1-0
Round 7,99,"Edgar Baumler He/Him
filpin He/Him","Bant Rhythm
Selesnya Ouroboroid",Edgar Baumler won 2-1-0
Round 7,100,"Noz777 He/Him
Daniele Scatassi","Izzet Spellementals
Izzet Prowess",Daniele Scatassi won 2-0-0
Round 7,101,"ZakP He/Him
Skite He/They","Mono-Green Landfall
Selesnya Landfall",Skite won 2-0-0
Round 7,102,"Jonatan Svendsen He/Him
RyaS","Selesnya Landfall
Naya Yuna",Jonatan Svendsen won 2-0-0
Round 7,103,"Alex Hillier He/Him
DanoClark","Four-Color Elementals
Four-Color Control",Alex Hillier won 2-0-0
Round 7,104,"CJ Vice He/Him
Patrick Burchert He/Him","Esper Oculus
Azorius Prison",Patrick Burchert won 2-0-0
Round 7,105,"Zues He/Him
Zaraffyro","Izzet Prowess
Izzet Prowess",Zaraffyro won 2-1-0
Round 7,106,"Robert Young He/Him
Fabian Jonckeer He/Him","Golgari Ouroboroid
Mono-Green Landfall",Fabian Jonckeer won 2-0-0
Round 7,107,"Alex Göbel He/Him
JoaoM He/Him","Dimir Midrange
Izzet Prowess",Alex Göbel won 2-0-0
Round 7,108,"Robert Pennington
Emelia St John She/They","Simic Omniscience
Izzet Spellementals",Robert Pennington won 2-0-0
Round 7,109,"Cristian Jimenez He/Him
Kevin Broløs He/Him","Four-Color Control
Izzet Prowess",Cristian Jimenez won 2-1-0
Round 7,110,"JoshuaPyleCarter Other
Harry Burke He/Him","Simic Omniscience
Azorius Momo",JoshuaPyleCarter won 2-1-0
Round 7,111,"Liam Tiller-Collins He/Him
Juan Manuel Lorenzi He/Him","Selesnya Ouroboroid
Selesnya Landfall",Liam Tiller-Collins won 2-0-0
Round 7,112,"krystianM He/Him
Hannes Brandstetter","Izzet Lessons
Selesnya Landfall",Hannes Brandstetter won 2-1-0
Round 7,113,"christian gullberg He/Him
Jacob Hauch","Izzet Spellementals
Azorius Prison",Jacob Hauch won 2-0-0
Round 7,114,"Coachjennsen23 He/Him
Stefan Schütz","Boros Dragons
Bant Rhythm",Coachjennsen23 won 2-0-0
Round 7,115,"LuigiC He/Him
Gargaroth He/Him","Golgari Demons
Simic Ouroboroid",Gargaroth won 2-0-0
Round 7,116,"Alexander Maier He/Him
Zak Cowen","Izzet Lessons
Izzet Prowess",Alexander Maier won 2-0-0
Round 7,117,"Sebastian Sachse
Kun150 He/Him","Temur Harmonizer
Dimir Excruciator",Kun150 won 2-0-0
Round 7,118,"Horia Vernescu He/Him
Sandiagos He/Him","Selesnya Ouroboroid
Abzan Lifegain",Sandiagos won 2-1-0
Round 7,119,"Andrew Stevenson He/Him
Lewis Foster He/Him","Jeskai Control
Selesnya Landfall",Lewis Foster won 2-1-0
Round 7,120,"Jan Pruchniewicz He/Him
Philippe Wirz He/Him","Simic Omniscience
Azorius Prison",Jan Pruchniewicz won 2-1-0
Round 7,121,"Marco Vassallo He/Him
Emilio Morabito","Sultai Excruciator
Izzet Prowess",Marco Vassallo won 2-0-0
Round 7,122,"Dafta He/Him
Bolutin He/They","Mono-Green Landfall
Dimir Midrange",Dafta won 2-1-0
Round 7,123,"EdGlease He/Him
Christian Richard He/Him","Izzet Spellementals
Temur Harmonizer",EdGlease won 2-0-0
Round 7,124,"Duskfire He/Him
Tadhg Murphy","Selesnya Landfall
Izzet Prowess",Duskfire won 2-0-0
Round 7,125,"Mathew Mitchell He/Him
karim mzoughi","Jeskai Control
Grixis Lizards",Mathew Mitchell won 2-1-0
Round 7,126,"WillKillsTime He/Him
Kieran Malloy He/Him","Izzet Prowess
Izzet Prowess",Kieran Malloy won 2-1-0
Round 7,127,"RyanNorthcott He/Him
Nomae He/Him","Boros Momo
Selesnya Ouroboroid",RyanNorthcott won 2-1-0
Round 7,128,"Mikki Klokkedal He/Him
MatteoLB He/Him","Selesnya Landfall
Four-Color Control",Mikki Klokkedal won 2-1-0
Round 7,129,"Tom Law He/Him
no_justice_mtg She/Her","Selesnya Landfall
Four-Color Control",no_justice_mtg won 2-0-0
Round 7,130,"Philip White He/They
Leonardo Canalejo He/Him","Izzet Prowess
Boros Dragons",Leonardo Canalejo won 2-0-0
Round 7,131,"Francesco Ghelli He/Him
Marco Oliveto He/Him","Selesnya Ouroboroid
Golgari Rhythm",Marco Oliveto won 2-0-0
Round 7,132,"Thomas Duffy He/Him
Bryant Yang He/Him","Selesnya Landfall
Izzet Prowess",Thomas Duffy won 2-0-0
Round 7,133,"Jake Swales He/They
Picomtg","Izzet Lessons
Bant Rhythm",Picomtg won 2-1-0
Round 7,134,"Mclockin He/Him
Dotraki","Selesnya Ouroboroid
Izzet Prowess",Dotraki won 2-0-0
Round 7,135,"spikesmaster He/Him
Cosmin Achim He/Him","Selesnya Ouroboroid
Mardu Demons",spikesmaster won 2-0-0
Round 7,136,"Josef Zivec He/Him
Olivier Geffroy He/Him","Bant Rhythm
Izzet Prowess",Josef Zivec won 2-1-0
Round 7,137,"NicolasM He/Him
André Compal","Four-Color Control
Selesnya Landfall",André Compal won 2-0-0
Round 7,138,"Wojciech Kowalczuk He/Him
FerruccioMicheli He/Him","Selesnya Landfall
Selesnya Landfall",Wojciech Kowalczuk won 2-1-0
Round 7,139,"Jamie Popay He/Him
Andreas Foreman Jensen He/Him","Golgari Midrange
Selesnya Ouroboroid",Andreas Foreman Jensen won 2-1-0
Round 7,140,"oldemodave He/Him
Matt MT He/Him","Dimir Deceit
Sultai Reanimator",oldemodave won 2-1-0
Round 7,141,"Chris Mander He/Him
Ozan Sevsevil He/Him","Izzet Prowess
Jeskai Control",Ozan Sevsevil won 2-1-0
Round 7,142,"shaneoc He/Him
NilHomar","Izzet Prowess
Golgari Midrange",NilHomar won 2-1-0
Round 7,143,"Gonçalo Paneiro He/Him
Francesco Latorre He/Him","Izzet Prowess
Izzet Prowess",Francesco Latorre won 2-0-0
Round 7,144,"Miguel Magalhaes He/Him
Mae French She/Her","Selesnya Ouroboroid
Izzet Lessons",Mae French won 2-1-0
Round 7,145,"Léo Thiémard He/Him
Andrew Fiedler He/Him","Bant Rhythm
Dimir Excruciator",Léo Thiémard won 2-1-0
Round 7,146,"Fabien Li He/Him
Alberto Santos","Boros Mobilize
Izzet Prowess",Alberto Santos won 2-1-0
Round 7,147,"Gianluca Boaretto He/Him
Paul Bittner He/Him","Izzet Spellementals
Azorius Prison",Paul Bittner won 2-1-0
Round 7,148,"JamesTaylor He/Him
Robert Bailey He/Him","Selesnya Landfall
Izzet Prowess",JamesTaylor won 2-1-0
Round 7,149,"Max Staas He/Him
Emil Rasmussen He/Him","Dimir Excruciator
Selesnya Landfall",Max Staas won 2-0-0
Round 7,150,"Corrlight He/Him
Xifan He/Him","Azorius Prison
Izzet Prowess",Xifan won 2-1-0
Round 7,151,"dietcruella She/Her
Cartheron Other","Dimir Excruciator
Mono-Black Demons",Cartheron won 2-0-0
Round 7,152,"Kamen Kamenov He/Him
Daniel Bjerkan He/Him","Four-Color Elementals
Selesnya Landfall",Kamen Kamenov won 2-1-0
Round 7,153,"ClementLumeau He/They
HarW7","Izzet Prowess
Four-Color Control",HarW7 won 2-1-0
Round 7,154,"Jack Buckland
Tien Thanh Pham He/Him","Selesnya Landfall
Azorius Prison",Tien Thanh Pham won 2-1-0
Round 7,155,"Tom8520 He/Him
Storm Losell He/Him","Bant Rhythm
Selesnya Landfall",Tom8520 won 2-1-0
Round 7,156,"Mangara He/Him
Marco Vay He/Him","Azorius Prison
Dimir Excruciator",Marco Vay won 2-0-0
Round 7,157,"Thomas Chenery He/Him
GliedTamas He/Him","Izzet Spellementals
Sultai Control",GliedTamas won 2-0-0
Round 7,158,"Nigel Stikker He/Him
ADSandslash He/They","Izzet Spellementals
Azorius Artifacts",ADSandslash won 2-1-0
Round 7,159,"Johnathan Wilkes He/Him
Lee Medhurst He/Him","Golgari Demons
Four-Color Elementals",Lee Medhurst won 2-1-0
Round 7,160,"BenR4
Magnus Jørgensen He/Him","Jeskai Control
Izzet Prowess",BenR4 won 2-1-0
Round 7,161,"Freddie Barber He/Him
oDwin He/Him","Gruul Leyline
Orzhov Momo",oDwin won 2-0-0
Round 7,162,"Shadybadger46 He/Him
Raynor Kuang He/Him","Mono-Blue Control
Boros Dragons",Raynor Kuang won 2-1-0
Round 7,163,"AnilDG He/Him
mundisv He/Him","Azorius Prison
Izzet Prowess",mundisv won 2-0-0
Round 7,164,"Matthieu Tassa He/Him
Conrad Scherb","Izzet Prowess
Jeskai Control",Matthieu Tassa won 2-1-0
Round 7,165,"Juri Barkey He/Him
drakharrris He/Him","Izzet Spellementals
Izzet Lessons",Juri Barkey won 2-1-0
Round 7,166,"Rakhi09 She/They
Mihaly Varadi He/Him","Izzet Prowess
Azorius Prison",Mihaly Varadi won 2-1-0
Round 7,167,"djsuk She/Her
KeesvanMontfoort","Orzhov Lifegain
Izzet Prowess",KeesvanMontfoort won 2-0-0
Round 7,168,"Adam Jansson He/Him
WompRat He/Him","Izzet Prowess
Boros Mobilize",Adam Jansson won 2-0-0
Round 7,169,"Geri925 He/Him
Andrew Smith He/Him","Selesnya Rhythm
Mono-Green Landfall",Geri925 won 2-0-0
Round 7,170,"Thomas Walder
Giulio Tommaso Gomitoni","Mardu Artifacts
Izzet Lessons",Giulio Tommaso Gomitoni won 2-0-0
Round 7,171,"Jonas_Erbe
Coulsy He/Him","Simic Rhythm
Azorius Artifacts",Jonas_Erbe won 2-1-0
Round 7,172,"Branoc Richards He/Him
guislaindumont","Izzet Prowess
Azorius Prison",Branoc Richards won 2-1-0
Round 7,173,"Kjetil Wevling He/Him
AdriaGarciaSarmiento He/Him","Izzet Spellementals
Azorius Prison",AdriaGarciaSarmiento won 2-1-0
Round 7,174,"Harry_Ersky He/Him
Nicolas Prail He/Him","Izzet Lessons
Izzet Prowess",Nicolas Prail won 2-0-0
Round 7,175,"Pär Jones He/Him
David Woodland He/Him","Golgari Midrange
Izzet Spellementals",Pär Jones won 2-1-0
Round 7,176,"André Santos
Charlie Kennett He/Him","Selesnya Landfall
Dimir Excruciator",André Santos won 2-1-0
Round 7,177,"Nicholas Brown
Brady Crooks He/Him","Selesnya Landfall
Izzet Lessons",Brady Crooks won 2-0-0
Round 7,178,"ALANBBBK He/Him
Stefanos Fotiadis","Sultai Changeling
Izzet Prowess",Stefanos Fotiadis won 2-1-0
Round 7,179,"Pier Iaquinta He/Him
Nostromo He/Him","Jeskai Control
Izzet Prowess",Pier Iaquinta won 2-1-0
Round 7,180,"TomR
williametchells He/Him","Izzet Prowess
Naya Legends",TomR won 2-0-0
Round 7,181,"Daniel Johnson He/Him
Siamon He/Him","Azorius Prison
Selesnya Ouroboroid",Siamon won 2-0-0
Round 7,182,"Badmaths222 He/Him
Jammyf99 He/Him","Four-Color Elementals
Sultai Reanimator",Badmaths222 won 2-1-0
Round 7,183,"seany He/Him
Truls Mathisen He/Him","Izzet Lessons
Mono-Blue Spellementals",seany won 2-0-0
Round 7,184,"Nate314 He/Him
Jacob Vogts He/Him","Mono-White Momo
Izzet Lessons",Jacob Vogts won 2-1-0
Round 7,185,"Luke Merryweather He/Him
RobinVahland He/Him","Izzet Lessons
Songcrafter Control",RobinVahland won 2-1-0
Round 7,186,"Dorian Wiese He/Him
Klaus_Mikaelson He/Him","Golgari Midrange
Four-Color Control",Klaus_Mikaelson won 2-0-0
Round 7,187,"jamestimms He/They
Krister Karlsen He/Him","Azorius Prison
Bant Rhythm",1-1-0 Draw
Round 7,188,"Sandro1811 He/Him
Decio Sacco He/Him","Dimir Bounce
Selesnya Ouroboroid",Decio Sacco won 2-0-0
Round 7,189,"Unkillable13 He/Him
Lukas Paugsch","Izzet Prowess
Dimir Excruciator",Unkillable13 won 2-1-0
Round 7,190,"Justien Balay
Carlos Pacheco He/Him","Selesnya Ouroboroid
Four-Color Control",Carlos Pacheco won 2-0-0
Round 7,191,"Leaham He/Him
Morgan Lebrument He/Him","Selesnya Landfall
Izzet Prowess",Morgan Lebrument won 1-0-0
Round 7,192,"Bradley Bunce He/Him
AdamPC He/Him","Azorius Prison
Izzet Prowess",Bradley Bunce won 2-1-0
Round 7,193,"Tolga Sertbas
ShaC28","Mono-Red Aggro
Mardu Gambit",ShaC28 won 2-0-0
Round 7,194,"Mirand Shtërbani He/Him
Peppo0212 They/Them","Four-Color Control
Izzet Lessons",Mirand Shtërbani won 2-0-0
Round 7,195,"AARB12 He/Him
SquirrelSovereign","Azorius Prison
Izzet Prowess",AARB12 won 2-0-0
Round 7,196,"Noah Anderson Weiskircher They/Them
Kewin Lozicki He/Him","Izzet Lessons
Azorius Momo",Kewin Lozicki won 2-1-0
Round 7,197,"MY13Dragonfly They/Them
Tomáš Krupička He/Him","Bant Rhythm
Selesnya Landfall",MY13Dragonfly won 2-1-0
Round 7,198,"Jonny Gu He/Him
Riccardo Bragato He/Him","Izzet Spellementals
Selesnya Rhythm",Jonny Gu won 2-1-0
Round 7,199,"Inherentmac He/Him
EtherealBlue She/Her","Grixis Discard
Izzet Spellementals",Inherentmac won 2-0-0
Round 7,200,"StephenSodusta He/Him
Chris Grenville He/Him","Temur Ferocious
Izzet Prowess",StephenSodusta won 2-0-0
Round 7,201,"Victor Manuel Graveto
Seal100 He/Him","Azorius Prison
Dimir Bounce",Victor Manuel Graveto won 2-0-0
Round 7,202,"Soulblighter
EriS28 He/Him","Selesnya Ouroboroid
Izzet Prowess",Soulblighter won 2-0-0
Round 7,203,"Gwen Wall She/Her
Cedric Gäde","Azorius Prison
Azorius Prison",Cedric Gäde won 2-0-0
Round 7,204,"Dan Stokes He/Him
Pawel Makles He/Him","Four-Color Control
Azorius Prison",Dan Stokes won 2-1-0
Round 7,205,"Ghostfire17605 He/Him
Pedro Magalhães He/Him","Golgari Midrange
Boros Dragons",Pedro Magalhães won 2-1-0
Round 7,206,"Julian Riedener He/Him
Tifenn Samyn She/Her","Bant Rhythm
Izzet Spellementals",Tifenn Samyn won 2-1-0
Round 7,207,"pileshuffle
Jonny 🐘 Edmondson He/Him","Four-Color Elementals
Izzet Prowess",pileshuffle won 2-0-0
Round 7,208,"Hal8999 He/Him
Jacob Borrowdale He/Him","Izzet Lessons
Izzet Prowess",Jacob Borrowdale won 2-0-0
Round 7,209,"Alexander Gordon-Brown He/Him
Elyacht","Sultai Control
Izzet Prowess",Elyacht won 2-0-0
Round 7,210,"Sindre Mortensen
Daniel Lewis He/Him","Selesnya Rhythm
Four-Color Control",Daniel Lewis won 2-1-0
Round 7,211,"Lubos Leskovjansky He/They
THErev23 He/Him","Mono-White Momo
Azorius Momo",Lubos Leskovjansky won 2-0-0
Round 7,212,"Brian Rasmussen He/Him
Robin Clark She/Her","Dimir Excruciator
Sultai Reanimator",1-1-0 Draw
Round 7,213,"AndrewHM He/They
Max Spencer He/Him","Azorius Control
Golgari Changelings",AndrewHM won 2-1-0
Round 7,214,"Felix Wieland He/Him
Nuno Duarte","Sultai Midrange
Dimir Deceit",Nuno Duarte won 2-0-0
Round 7,215,"Luka Fuchs
nartin9 He/Him","Mono-Blue Tempo
Izzet Prowess",nartin9 won 2-1-0
Round 7,216,"alshay2020 He/Him
Teemu Alanko He/Him","Izzet Prowess
Mono-White Momo",Teemu Alanko won 2-0-0
Round 7,218,"EvanColly He/Him
GiorgioCanezin He/Him","Izzet Prowess
Azorius Prison",GiorgioCanezin won 2-0-0
Round 7,219,"RomainAlexandre He/Him
DarioCavallone","Izzet Spellementals
Bant Rhythm",RomainAlexandre won 2-0-0
Round 7,220,"Adrien Beaussart He/Him
Elia Libralato He/Him","Four-Color Elementals
Bant Rhythm",Elia Libralato won 2-1-0
Round 7,221,"Enrico Libralato He/Him
Jack Goldsworthy He/Him","Azorius Prison
Izzet Prowess",Enrico Libralato won 2-1-0
Round 7,222,"Stephanos Economides He/Him
JackNewell He/Him","Dimir Excruciator
Boros Discard",Stephanos Economides won 2-1-0
Round 7,223,"AustinMi He/They
darkblueturbo He/Him","Izzet Prowess
Izzet Spellementals",darkblueturbo won 2-0-0
Round 7,224,"Andrea Piemonti He/Him
Mattia Colombo He/Him","Izzet Lessons
Dimir Control",Andrea Piemonti won 2-0-0
Round 7,225,"jruxc
manyrollies","Dimir Excruciator
Izzet Spellementals",jruxc won 2-0-0
Round 7,226,"Splitseven He/Him
Lilian Lescure He/Him","Izzet Lessons
Dimir Excruciator",Splitseven won 2-0-0
Round 7,227,"Vincent Pernel He/Him
jjjimbo They/Them","Dimir Artifacts
Izzet Lessons",jjjimbo won 2-0-0
Round 7,228,"Gwendolyn Noble She/Her
rtsolo She/They","Bant Rhythm
Mardu Mobilize",Gwendolyn Noble won 2-1-0
Round 7,229,"Cal91 He/Him
Graveturner He/Him","Dimir Deceit
Izzet Lessons",1-1-0 Draw
Round 7,230,"Stefano Belloni He/Him
Hans Ludvig Skovli He/Him","Izzet Prowess
Izzet Prowess",Stefano Belloni won 2-1-0
Round 7,231,"Fraser Dallachy He/Him
Jay_Flimmzky He/Him","Abzan Cosmogoyf
Dimir Mill",Jay_Flimmzky won 2-0-0
Round 7,232,"Xcunonophus He/They
Michael Rutter He/Him","Azorius Artifacts
Izzet Spellementals",Xcunonophus won 2-0-0
Round 7,233,"plantgirl She/Her
JJ Hidson He/Him","Mono-Blue Spellementals
Mono-Green Chocobo",plantgirl won 2-0-0
Round 7,260,"Mehdi Khelfa He/Him
Thraxi He/Him","Izzet Prowess
Mono-Green Landfall",Mehdi Khelfa won 2-0-0
Round 8,-,JJ Hidson He/Him,Mono-Green Chocobo,JJ Hidson was assigned a bye
Round 8,1,"StannersPOTUS
AlexMacIsaac He/Him","Mardu Discard
Izzet Prowess",StannersPOTUS won 2-1-0
Round 8,2,"Maxime Desiront He/Him
Marian Bunganic He/Him","Sultai Reanimator
Izzet Lessons",Marian Bunganic won 2-0-0
Round 8,3,"Stanislau Zubovich He/Him
TomaszDudziec He/Him","Izzet Prowess
Izzet Prowess",TomaszDudziec won 2-0-0
Round 8,4,"Yann-Guillaume Jaccard He/Him
Nathan Goldberg He/Him","Allies
Selesnya Rhythm",Nathan Goldberg won 2-0-0
Round 8,5,"Dan Rose
Masaya_Hoshino He/Him","Izzet Lessons
Izzet Prowess",Dan Rose won 2-1-0
Round 8,6,"Theodor eliassen He/Him
woebringer He/Him","Izzet Lessons
Izzet Prowess",Theodor eliassen won 2-0-0
Round 8,7,"Yanatoy
Louis Wilder He/Him","Izzet Opus
Izzet Prowess",Yanatoy won 2-0-0
Round 8,8,"Jamie Walsh He/Him
Nathan McDowell He/Him","Four-Color Control
Izzet Prowess",Jamie Walsh won 2-1-0
Round 8,9,"Bilbo_Baggins
Sören Liesener He/Him","Izzet Prowess
Selesnya Ouroboroid",Bilbo_Baggins won 2-0-0
Round 8,10,"EricZhou He/Him
Lucca LiPuma","Izzet Prowess
Izzet Prowess",1-1-1 Draw
Round 8,11,"Louis-Samuel Deltour
Tommi Erola He/Him","Izzet Prowess
Mono-Green Landfall",Tommi Erola won 2-1-0
Round 8,12,"TheRiedl He/Him
Alex Campbell","Izzet Lessons
Jeskai Control",TheRiedl won 2-0-0
Round 8,13,"Ondrej Strasky He/Him
Fabian Klein","Izzet Lessons
Dimir Excruciator",Ondrej Strasky won 2-0-0
Round 8,14,"Sean Goddard He/Him
Martin Ramos He/Him","Selesnya Ouroboroid
Mono-White Momo",Sean Goddard won 2-0-0
Round 8,15,"Charles Rivet He/Him
Gerardo D'Elia He/Him","Izzet Prowess
Jeskai Control",Charles Rivet won 2-0-0
Round 8,16,"Enchanted He/Him
DarkDeno","Temur Omniscience
Selesnya Landfall",Enchanted won 2-1-0
Round 8,17,"Orry He/Him
Koen de Vos","Izzet Spellementals
Azorius Momo",Koen de Vos won 2-1-0
Round 8,18,"Léo Guimard He/Him
Brad Barclay He/Him","Selesnya Landfall
Four-Color Control",Brad Barclay won 2-1-0
Round 8,19,"felipins He/Him
EricNewton He/Him","Dimir Excruciator
Jeskai Control",EricNewton won 2-1-0
Round 8,20,"Etienne Foare He/Him
Charles Eliatamby He/Him","Izzet Lessons
Bant Rhythm",Etienne Foare won 2-0-0
Round 8,21,"Jędrek Szmyd He/Him
Draysor He/Him","Izzet Lessons
Selesnya Landfall",Draysor won 2-1-0
Round 8,22,"Rodney Bedell
RoreosaRory He/Him","Selesnya Landfall
Four-Color Elementals",Rodney Bedell won 2-0-0
Round 8,23,"Verena Maccari She/Her
Petr96 He/Him","Izzet Prowess
Four-Color Control",Petr96 won 2-0-0
Round 8,24,"Vincent Reiter He/Him
Douglas Penman He/Him","Izzet Prowess
Selesnya Ouroboroid",Vincent Reiter won 2-1-0
Round 8,25,"HoneycombH She/Her
Olphod He/Him","Selesnya Landfall
Mardu Discard",HoneycombH won 2-1-0
Round 8,26,"Juan Godoy He/Him
Dylan Gregory-Martin He/They","Four-Color Elementals
Izzet Spellementals",Juan Godoy won 2-1-0
Round 8,27,"Kim Homsma He/Him
Félix Maurin He/Him","Selesnya Landfall
Orzhov Momo",Kim Homsma won 2-1-0
Round 8,28,"Tim Priwe He/Him
Michael Baalham","Izzet Prowess
Selesnya Landfall",Tim Priwe won 2-0-0
Round 8,29,"Mikkel Vestergaard He/Him
Andreas Nordahl","Four-Color Control
Izzet Lessons",Andreas Nordahl won 2-0-0
Round 8,30,"Daniel Larsen He/Him
Franco Cicchini He/Him","Selesnya Landfall
Izzet Prowess",Franco Cicchini won 2-0-0
Round 8,31,"Idris Killen He/Him
Tobia Daniele Nappi He/Him","Izzet Lessons
Four-Color Control",Idris Killen won 2-0-0
Round 8,32,"Christian Kerr He/Him
George Worsnop He/Him","Selesnya Landfall
Izzet Prowess",Christian Kerr won 2-1-0
Round 8,33,"Gonaclo Magalhães Diogo He/Him
Maciej Barwik He/Him","Izzet Prowess
Izzet Prowess",Maciej Barwik won 2-1-0
Round 8,34,"Alexey Paulot He/Him
Titouan LE BERRE He/Him","Temur Lessons
Izzet Prowess",Titouan LE BERRE won 2-0-0
Round 8,35,"ViolentRich He/Him
Daniele Vinciguerra He/Him","Izzet Prowess
Dimir Excruciator",Daniele Vinciguerra won 2-1-0
Round 8,36,"Geko
Filipe Gusmão He/Him","Izzet Aggro
Golgari Demons",Filipe Gusmão won 2-0-0
Round 8,37,"ucoconut871 Other
Jacob1200 He/Him","Izzet Prowess
Azorius Otters",ucoconut871 won 2-1-0
Round 8,38,"oldemodave He/Him
Stefan Kramm","Dimir Deceit
Boros Dragons",oldemodave won 2-1-0
Round 8,39,"alexwalton64 He/Him
Victor Simon Wilhelm Lumholtz He/Him","Izzet Spellementals
Selesnya Ouroboroid",alexwalton64 won 2-0-0
Round 8,40,"milesofford He/Him
Julian Lamprecht He/Him","Sultai Reanimator
Selesnya Landfall",milesofford won 2-1-0
Round 8,41,"Alvaro Nicosia He/Him
Christian Rothen He/Him","Izzet Prowess
Jeskai Control",Alvaro Nicosia won 2-0-0
Round 8,42,"swxgv He/Him
MikeRoss He/They","Izzet Prowess
Izzet Lessons",swxgv won 2-1-0
Round 8,43,"JackTheJester He/Him
Tudor Marin He/Him","Four-Color Control
Selesnya Ouroboroid",Tudor Marin won 2-1-0
Round 8,44,"T0bb3 He/Him
Vittorio Viti","Izzet Prowess
Four-Color Control",T0bb3 won 2-1-0
Round 8,45,"Marcio Carvalho
Jonah Strommenger He/Him","Selesnya Landfall
Izzet Prowess",Marcio Carvalho won 2-0-0
Round 8,46,"iamkrazy1 He/Him
George Stuart He/Him","Izzet Prowess
Izzet Spellementals",George Stuart won 2-0-0
Round 8,47,"Stefano Spurio He/Him
Kristoffer Payumo He/Him","Four-Color Elementals
Four-Color Elementals",Stefano Spurio won 2-0-0
Round 8,48,"Marco Capitanio
gwendalvador He/Him","Izzet Lessons
Selesnya Landfall",Marco Capitanio won 2-0-0
Round 8,49,"Ethanv83 He/Him
Yat Ka Leung He/Him","Selesnya Landfall
Izzet Prowess",Ethanv83 won 2-1-0
Round 8,50,"Craig Tanner He/Him
Alvaro Fernandez Torres He/Him","Izzet Prowess
Izzet Prowess",Craig Tanner won 2-0-0
Round 8,51,"Patrickleydecker He/Him
Alex Winter","Izzet Spellementals
Boros Mobilize",Patrickleydecker won 2-0-0
Round 8,52,"pizzangry He/Him
Callum Laird He/Him","Izzet Prowess
Izzet Prowess",Callum Laird won 2-1-0
Round 8,53,"oDwin He/Him
MangoMango She/Her","-
-",MangoMango won 2-1-0
Round 8,54,"Piotr Głogowski He/Him
Jorge Muniz","Izzet Lessons
Dimir Excruciator",Piotr Głogowski won 2-1-0
Round 8,55,"Russell Seeley He/Him
George Berrett He/Him","Golgari Midrange
Dimir Excruciator",George Berrett won 2-0-0
Round 8,56,"Will Berrington He/Him
Nabil","Mono-Green Landfall
Izzet Prowess",Will Berrington won 2-1-0
Round 8,57,"Rookiemookie He/Him
Oscar Christensen He/Him","Jeskai Control
Selesnya Ouroboroid",Rookiemookie won 2-0-0
Round 8,58,"Edgar Baumler He/Him
fabse He/Him","Bant Rhythm
Izzet Prowess",fabse won 2-0-0
Round 8,59,"Valentin Orru He/Him
Jack Young He/Him","Izzet Prowess
Izzet Spellementals",Jack Young won 2-0-0
Round 8,60,"David Dunitza He/Him
Francesco Alacca He/Him","Izzet Spellementals
Izzet Lessons",Francesco Alacca won 2-0-0
Round 8,61,"ClaudioBisioo
Pirrakos He/Him","Four-Color Control
Dimir Excruciator",1-1-0 Draw
Round 8,62,"DanS106 He/Him
Jari Rentsch He/Him","Izzet Spellementals
Izzet Prowess",Jari Rentsch won 2-1-0
Round 8,63,"Lena Marchant She/Her
Dawid Florczyk","Izzet Lessons
Izzet Lessons",Lena Marchant won 2-1-0
Round 8,64,"Arwad He/Him
GiuseppeG He/Him","Dimir Midrange
Selesnya Landfall",GiuseppeG won 2-0-0
Round 8,65,"Francisco Sanchez
M0J0 He/Him","Izzet Prowess
Dimir Midrange",M0J0 won 2-1-0
Round 8,66,"ItMakesSens He/Him
Alex Hillier He/Him","Selesnya Landfall
Four-Color Elementals",ItMakesSens won 2-0-0
Round 8,67,"Jonatan Svendsen He/Him
Zaraffyro","Selesnya Landfall
Izzet Prowess",Zaraffyro won 2-1-0
Round 8,68,"Siamon He/Him
Dominic Ulke He/Him","Selesnya Ouroboroid
Izzet Prowess",Dominic Ulke won 2-1-0
Round 8,69,"Alex Göbel He/Him
tip He/Him","Dimir Midrange
Selesnya Ouroboroid",tip won 2-0-0
Round 8,70,"Salvatore Cardali
Fabian Jonckeer He/Him","Azorius Prison
Mono-Green Landfall",Fabian Jonckeer won 2-1-0
Round 8,71,"Patrick Burchert He/Him
Andrei Nikolov","Azorius Prison
Izzet Prowess",Andrei Nikolov won 2-1-0
Round 8,72,"Max Staas He/Him
Mathew Mitchell He/Him","Dimir Excruciator
Jeskai Control",Max Staas won 2-1-0
Round 8,73,"Pier Paolo Moro They/Them
Pier Iaquinta He/Him","Izzet Prowess
Jeskai Control",Pier Iaquinta won 2-1-0
Round 8,74,"ADSandslash He/They
Cristian Jimenez He/Him","Azorius Artifacts
Four-Color Control",Cristian Jimenez won 2-0-0
Round 8,75,"Ben Seck He/Him
Coachjennsen23 He/Him","Bant Rhythm
Boros Dragons",Coachjennsen23 won 2-1-0
Round 8,76,"Francesco Latorre He/Him
Niels Wardenier He/Him","Izzet Prowess
Azorius Prison",Francesco Latorre won 2-1-0
Round 8,77,"Juri Barkey He/Him
EdGlease He/Him","Izzet Spellementals
Izzet Spellementals",Juri Barkey won 2-0-0
Round 8,78,"mundisv He/Him
RobinVahland He/Him","Izzet Prowess
Songcrafter Control",RobinVahland won 2-0-0
Round 8,79,"Pedro Lemos He/Him
Alexander Maier He/Him","Selesnya Ouroboroid
Izzet Lessons",Alexander Maier won 2-0-0
Round 8,80,"Lee Medhurst He/Him
Gavin Thacker","Four-Color Elementals
Boros Dragons",Gavin Thacker won 2-0-0
Round 8,81,"Nick Rogiers He/Him
Branoc Richards He/Him","Dimir Excruciator
Izzet Prowess",Nick Rogiers won 2-1-0
Round 8,82,"JoshuaPyleCarter Other
Dominic White He/Him","Simic Omniscience
Dimir Deceit",Dominic White won 2-1-0
Round 8,83,"Kristoffer Roland He/Him
Michael Boardman He/Him","Gruul Leyline
Mono-Red Aggro",Michael Boardman won 2-1-0
Round 8,84,"Maciej Olczak He/Him
James Ball He/Him","Selesnya Landfall
Izzet Prowess",James Ball won 2-0-0
Round 8,85,"Badmaths222 He/Him
Marco Vassallo He/Him","Four-Color Elementals
Sultai Excruciator",Marco Vassallo won 2-1-0
Round 8,86,"Geri925 He/Him
filpin He/Him","Selesnya Rhythm
Selesnya Ouroboroid",filpin won 2-1-0
Round 8,87,"André Santos
HarryPendall","Selesnya Landfall
Izzet Lessons",André Santos won 2-0-0
Round 8,88,"SimD22
Picomtg","Jeskai Control
Bant Rhythm",SimD22 won 2-0-0
Round 8,89,"soufian hriz He/Him
Giulio Tommaso Gomitoni","Izzet Spellementals
Izzet Lessons",Giulio Tommaso Gomitoni won 2-0-0
Round 8,90,"Roberto Fabiani
AlexRoebuck He/Him","Grixis Deceit
Izzet Prowess",Roberto Fabiani won 2-1-0
Round 8,91,"Filip Tetera He/Him
Duskfire He/Him","Bant Rhythm
Selesnya Landfall",Filip Tetera won 2-1-0
Round 8,92,"Dafta He/Him
Daniel Lind He/Him","Mono-Green Landfall
Selesnya Landfall",Dafta won 2-1-0
Round 8,93,"Daniele Scatassi
Hannes Brandstetter","Izzet Prowess
Selesnya Landfall",Hannes Brandstetter won 2-0-0
Round 8,94,"Adam Jansson He/Him
Gary Smith He/Him","Izzet Prowess
Jeskai Control",Gary Smith won 2-0-0
Round 8,95,"Ignacio Garcia He/Him
Andreas Foreman Jensen He/Him","Azorius Momo
Selesnya Ouroboroid",Ignacio Garcia won 2-0-0
Round 8,96,"Nicolas Prail He/Him
Paul Bittner He/Him","Izzet Prowess
Azorius Prison",Nicolas Prail won 2-0-0
Round 8,97,"Kamen Kamenov He/Him
Pär Jones He/Him","Four-Color Elementals
Golgari Midrange",Pär Jones won 2-0-0
Round 8,98,"HarryHollingworth He/They
Jasper Nielsen He/Him","Bant Rhythm
Izzet Spellementals",HarryHollingworth won 2-0-0
Round 8,99,"Jacob Vogts He/Him
Matthieu Tassa He/Him","Izzet Lessons
Izzet Prowess",Matthieu Tassa won 2-0-0
Round 8,100,"Carlos Pacheco He/Him
Thomas Duffy He/Him","Four-Color Control
Selesnya Landfall",Thomas Duffy won 2-0-0
Round 8,101,"Skite He/They
Nikita Yurochko He/Him","Selesnya Landfall
Dimir Midrange",Skite won 2-1-0
Round 8,102,"Tom8520 He/Him
Neil Deacon He/Him","Bant Rhythm
Izzet Prowess",Neil Deacon won 2-1-0
Round 8,103,"Andy Stephens He/Him
Jonas_Erbe","Selesnya Landfall
Simic Rhythm",Jonas_Erbe won 2-1-0
Round 8,104,"Alberto Santos
Liam Tiller-Collins He/Him","Izzet Prowess
Selesnya Ouroboroid",Liam Tiller-Collins won 2-1-0
Round 8,105,"Manuel Nowak He/Him
Léo Thiémard He/Him","Selesnya Rhythm
Bant Rhythm",Manuel Nowak won 2-0-0
Round 8,106,"CraigLong He/Him
Christian Mayr He/Him","Dimir Excruciator
Four-Color Elementals",CraigLong won 2-0-0
Round 8,107,"Noah Bacine He/Him
Dylan Coates He/Him","Jeskai Control
Izzet Lessons",Noah Bacine won 2-1-0
Round 8,108,"RyanNorthcott He/Him
Viktor Hybinette He/Him","Boros Momo
Golgari Demons",Viktor Hybinette won 2-0-0
Round 8,109,"Josef Zivec He/Him
Christian Smith He/Him","Bant Rhythm
Azorius Prison",Josef Zivec won 2-1-0
Round 8,110,"Stefanos Fotiadis
Cantthinkofanything","Izzet Prowess
Mono-Green Landfall",Stefanos Fotiadis won 2-0-0
Round 8,111,"Cartheron Other
Leonardo Canalejo He/Him","Mono-Black Demons
Boros Dragons",Leonardo Canalejo won 2-0-0
Round 8,112,"TomR
Jacopo Bartollini He/Him","Izzet Prowess
Azorius Prison",TomR won 2-1-0
Round 8,113,"Edward Cushion He/Him
HarW7","Izzet Lessons
Four-Color Control",HarW7 won 2-0-0
Round 8,114,"Unkillable13 He/Him
Ine Jernelv","Izzet Prowess
Izzet Lessons",Unkillable13 won 2-1-0
Round 8,115,"Decio Sacco He/Him
Mihaly Varadi He/Him","Selesnya Ouroboroid
Azorius Prison",Decio Sacco won 2-1-0
Round 8,116,"Marco Vay He/Him
BenR4","Dimir Excruciator
Jeskai Control",Marco Vay won 2-0-0
Round 8,117,"Wojciech Kowalczuk He/Him
James Jenkins He/Him","Selesnya Landfall
Izzet Prowess",James Jenkins won 2-1-0
Round 8,118,"Manuel Danninger He/Him
DThomps He/Him","Izzet Lessons
Izzet Prowess",DThomps won 2-1-0
Round 8,119,"Robert Pennington
Jan Pruchniewicz He/Him","Simic Omniscience
Simic Omniscience",Robert Pennington won 2-0-0
Round 8,120,"Paul Farnsworth
seany He/Him","Dimir Excruciator
Izzet Lessons",Paul Farnsworth won 2-0-0
Round 8,121,"Narzyss
Andrew Berry","Azorius Prison
Izzet Spellementals",Narzyss won 2-1-0
Round 8,122,"ZakP He/Him
Gargaroth He/Him","Mono-Green Landfall
Simic Ouroboroid",ZakP won 2-0-0
Round 8,123,"Guliver He/Him
Landstar He/They","Selesnya Landfall
Selesnya Ouroboroid",Landstar won 2-1-0
Round 8,124,"Klaus_Mikaelson He/Him
Calum Gittins He/Him","Four-Color Control
Izzet Prowess",Calum Gittins won 2-0-0
Round 8,125,"Elevenzees He/Him
Ashley Baden He/Him","Izzet Lessons
Mono-Green Landfall",Elevenzees won 2-1-0
Round 8,126,"gabriele tribulato Ze/zir
Raynor Kuang He/Him","Bant Rhythm
Boros Dragons",Raynor Kuang won 2-0-0
Round 8,127,"spikesmaster He/Him
Callum Bousfield","Selesnya Ouroboroid
Izzet Prowess",Callum Bousfield won 2-1-0
Round 8,128,"Philipp Schwaiger
JamesTaylor He/Him","Abzan Bats
Selesnya Landfall",JamesTaylor won 2-1-0
Round 8,129,"Jacob Hauch
Marco Oliveto He/Him","Azorius Prison
Golgari Rhythm",Marco Oliveto won 2-1-0
Round 8,130,"enraeh He/Him
DomS17 He/Him","Sultai Excruciator
Izzet Prowess",enraeh won 2-0-0
Round 8,131,"no_justice_mtg She/Her
Dotraki","Four-Color Control
Izzet Prowess",Dotraki won 2-0-0
Round 8,132,"André Compal
Ben Jones","Selesnya Landfall
Izzet Lessons",Ben Jones won 2-1-0
Round 8,133,"Ozan Sevsevil He/Him
GliedTamas He/Him","Jeskai Control
Sultai Control",GliedTamas won 2-0-0
Round 8,134,"NilHomar
Xifan He/Him","Golgari Midrange
Izzet Prowess",1-1-1 Draw
Round 8,135,"Mae French She/Her
AgentEdward","Izzet Lessons
Izzet Prowess",Mae French won 2-1-0
Round 8,136,"Verduyn He/Him
Pierre Liebsch He/Him","Izzet Prowess
Temur Harmonizer",Verduyn won 2-0-0
Round 8,137,"Kieran Malloy He/Him
Josh Corless He/Him","Izzet Prowess
Izzet Spellementals",Kieran Malloy won 2-1-0
Round 8,138,"Mikki Klokkedal He/Him
Sandiagos He/Him","Selesnya Landfall
Abzan Lifegain",Sandiagos won 2-1-0
Round 8,139,"Kun150 He/Him
Tien Thanh Pham He/Him","Dimir Excruciator
Azorius Prison",Kun150 won 2-0-0
Round 8,140,"Brady Crooks He/Him
Matt MT He/Him","Izzet Lessons
Sultai Reanimator",Matt MT won 2-1-0
Round 8,141,"Lewis Foster He/Him
Martin Forrester He/They","Selesnya Landfall
Sultai Reanimator",Lewis Foster won 2-1-0
Round 8,142,"Jakub Janáč
Alexander Stehno","Izzet Prowess
Jeskai Control",Alexander Stehno won 2-0-0
Round 8,143,"KeesvanMontfoort
AdriaGarciaSarmiento He/Him","Izzet Prowess
Azorius Prison",KeesvanMontfoort won 2-1-0
Round 8,144,"Lucas Hyttel He/Him
Morgan Lebrument He/Him","Mono-Green Landfall
Izzet Prowess",Lucas Hyttel won 2-1-0
Round 8,145,"Bradley Bunce He/Him
jamestimms He/They","Azorius Prison
Azorius Prison",Bradley Bunce won 2-1-0
Round 8,146,"Mirand Shtërbani He/Him
Robert Young He/Him","Four-Color Control
Golgari Ouroboroid",Mirand Shtërbani won 2-0-0
Round 8,147,"Krister Karlsen He/Him
DanoClark","Bant Rhythm
Four-Color Control",DanoClark won 2-0-0
Round 8,148,"AARB12 He/Him
CJ Vice He/Him","Azorius Prison
Esper Oculus",CJ Vice won 2-1-0
Round 8,149,"ShaC28
Jake Swales He/They","Mardu Gambit
Izzet Lessons",Jake Swales won 2-0-0
Round 8,150,"MY13Dragonfly They/Them
Fabien Li He/Him","Bant Rhythm
Boros Mobilize",MY13Dragonfly won 2-0-0
Round 8,151,"Justien Balay
Kewin Lozicki He/Him","Selesnya Ouroboroid
Azorius Momo",Justien Balay won 2-1-0
Round 8,152,"RomainAlexandre He/Him
Andrea Piemonti He/Him","Izzet Spellementals
Izzet Lessons",Andrea Piemonti won 2-0-0
Round 8,153,"nartin9 He/Him
Thomas Walder","Izzet Prowess
Mardu Artifacts",nartin9 won 2-1-0
Round 8,154,"MatteoLB He/Him
guislaindumont","Four-Color Control
Azorius Prison",MatteoLB won 2-0-0
Round 8,155,"Bryant Yang He/Him
Inherentmac He/Him","Izzet Prowess
Grixis Discard",Bryant Yang won 2-0-0
Round 8,156,"AndrewHM He/They
Emil Rasmussen He/Him","Azorius Control
Selesnya Landfall",AndrewHM won 2-1-0
Round 8,157,"Shadybadger46 He/Him
AnilDG He/Him","Mono-Blue Control
Azorius Prison",AnilDG won 2-0-0
Round 8,159,"Mclockin He/Him
Bolutin He/They","Selesnya Ouroboroid
Dimir Midrange",Mclockin won 2-0-0
Round 8,160,"StephenSodusta He/Him
Thomas Chenery He/Him","Temur Ferocious
Izzet Spellementals",Thomas Chenery won 2-0-0
Round 8,161,"Mehdi Khelfa He/Him
Truls Mathisen He/Him","Izzet Prowess
Mono-Blue Spellementals",Mehdi Khelfa won 2-0-0
Round 8,162,"Kevin Broløs He/Him
Mangara He/Him","Izzet Prowess
Azorius Prison",Kevin Broløs won 2-0-0
Round 8,163,"Kjetil Wevling He/Him
Daniel Bjerkan He/Him","Izzet Spellementals
Selesnya Landfall",Daniel Bjerkan won 2-1-0
Round 8,164,"shaneoc He/Him
Magnus Jørgensen He/Him","Izzet Prowess
Izzet Prowess",Magnus Jørgensen won 2-0-0
Round 8,165,"darkblueturbo He/Him
Philippe Wirz He/Him","Izzet Spellementals
Azorius Prison",Philippe Wirz won 2-1-0
Round 8,166,"drakharrris He/Him
Soulblighter","Izzet Lessons
Selesnya Ouroboroid",Soulblighter won 2-0-0
Round 8,167,"Jonny Gu He/Him
Jacob Borrowdale He/Him","Izzet Spellementals
Izzet Prowess",Jacob Borrowdale won 2-0-0
Round 8,168,"Tifenn Samyn She/Her
williametchells He/Him","Izzet Spellementals
Naya Legends",Tifenn Samyn won 2-0-0
Round 8,169,"Dan Stokes He/Him
djsuk She/Her","Four-Color Control
Orzhov Lifegain",Dan Stokes won 2-1-0
Round 8,170,"WillKillsTime He/Him
Lukas Paugsch","Izzet Prowess
Dimir Excruciator",Lukas Paugsch won 2-1-0
Round 8,171,"Andrew Fiedler He/Him
Emelia St John She/They","Dimir Excruciator
Izzet Spellementals",Andrew Fiedler won 2-0-0
Round 8,173,"Lubos Leskovjansky He/They
ALANBBBK He/Him","Mono-White Momo
Sultai Changeling",Lubos Leskovjansky won 2-0-0
Round 8,174,"Nuno Duarte
Johnathan Wilkes He/Him","Dimir Deceit
Golgari Demons",Nuno Duarte won 2-0-0
Round 8,175,"Daniel Lewis He/Him
ClementLumeau He/They","Four-Color Control
Izzet Prowess",Daniel Lewis won 2-0-0
Round 8,176,"Freddie Barber He/Him
Cedric Gäde","Gruul Leyline
Azorius Prison",Cedric Gäde won 2-0-0
Round 8,177,"Olivier Geffroy He/Him
Tolga Sertbas","Izzet Prowess
Mono-Red Aggro",Tolga Sertbas won 2-1-0
Round 8,178,"Robin Clark She/Her
AdamPC He/Him","Sultai Reanimator
Izzet Prowess",AdamPC won 2-0-0
Round 8,179,"Brian Rasmussen He/Him
jruxc","Dimir Excruciator
Dimir Excruciator",1-1-1 Draw
Round 8,180,"Sindre Mortensen
Adrien Beaussart He/Him","Selesnya Rhythm
Four-Color Elementals",Adrien Beaussart won 2-1-0
Round 8,181,"EtherealBlue She/Her
Jack Goldsworthy He/Him","Izzet Spellementals
Izzet Prowess",EtherealBlue won 2-0-0
Round 8,182,"Seal100 He/Him
Ghostfire17605 He/Him","Dimir Bounce
Golgari Midrange",Ghostfire17605 won 2-0-0
Round 8,183,"EvanColly He/Him
Luka Fuchs","Izzet Prowess
Mono-Blue Tempo",EvanColly won 2-1-0
Round 8,184,"Stefano Belloni He/Him
Chris Grenville He/Him","Izzet Prowess
Izzet Prowess",Stefano Belloni won 2-1-0
Round 8,185,"jjjimbo They/Them
Splitseven He/Him","Izzet Lessons
Izzet Lessons",jjjimbo won 2-1-0
Round 8,186,"Gwen Wall She/Her
alshay2020 He/Him","Azorius Prison
Izzet Prowess",Gwen Wall won 2-1-0
Round 8,187,"Jonny 🐘 Edmondson He/Him
Pawel Makles He/Him","Izzet Prowess
Azorius Prison",Pawel Makles won 2-0-0
Round 8,189,"JackNewell He/Him
Max Spencer He/Him","Boros Discard
Golgari Changelings",Max Spencer won 2-0-0
Round 8,190,"DarioCavallone
Julian Riedener He/Him","Bant Rhythm
Bant Rhythm",Julian Riedener won 2-0-0
Round 8,191,"Gwendolyn Noble She/Her
Felix Wieland He/Him","Bant Rhythm
Sultai Midrange",0-0-3 Draw
Round 8,192,"Xcunonophus He/They
Graveturner He/Him","Azorius Artifacts
Izzet Lessons",Graveturner won 2-0-0
Round 8,193,"Jay_Flimmzky He/Him
Mattia Colombo He/Him","Dimir Mill
Dimir Control",Mattia Colombo won 2-1-0
Round 8,194,"Cal91 He/Him
Fraser Dallachy He/Him","Dimir Deceit
Abzan Cosmogoyf",Cal91 won 2-0-0
Round 8,195,"Lilian Lescure He/Him
rtsolo She/They","Dimir Excruciator
Mardu Mobilize",Lilian Lescure won 2-0-0
Round 8,196,"Hans Ludvig Skovli He/Him
Vincent Pernel He/Him","Izzet Prowess
Dimir Artifacts",1-1-0 Draw
Round 8,197,"manyrollies
Michael Rutter He/Him","Izzet Spellementals
Izzet Spellementals",Michael Rutter won 2-1-0
Round 8,220,"Luke Merryweather He/Him
Elia Libralato He/Him","Izzet Lessons
Bant Rhythm",Luke Merryweather won 2-1-0
Round 8,221,"Stephanos Economides He/Him
Enrico Libralato He/Him","Dimir Excruciator
Azorius Prison",Stephanos Economides won 2-1-0
Round 8,260,"Thraxi He/Him
Tomáš Krupička He/Him","Mono-Green Landfall
Selesnya Landfall",Thraxi won 2-0-0
Round 9,1,"StannersPOTUS
TomaszDudziec He/Him","Mardu Discard
Izzet Prowess",StannersPOTUS won 2-1-0
Round 9,2,"Marian Bunganic He/Him
Jamie Walsh He/Him","Izzet Lessons
Four-Color Control",Jamie Walsh won 2-0-0
Round 9,3,"Enchanted He/Him
Dan Rose","Temur Omniscience
Izzet Lessons",Enchanted won 2-0-0
Round 9,4,"Bilbo_Baggins
Charles Rivet He/Him","Izzet Prowess
Izzet Prowess",Bilbo_Baggins won 2-0-0
Round 9,5,"Theodor eliassen He/Him
Maxime Desiront He/Him","Izzet Lessons
Sultai Reanimator",Maxime Desiront won 2-0-0
Round 9,6,"Tommi Erola He/Him
Yanatoy","Mono-Green Landfall
Izzet Opus",Tommi Erola won 2-1-0
Round 9,7,"Sean Goddard He/Him
Koen de Vos","Selesnya Ouroboroid
Azorius Momo",Koen de Vos won 2-1-0
Round 9,8,"AlexMacIsaac He/Him
TheRiedl He/Him","Izzet Prowess
Izzet Lessons",AlexMacIsaac won 2-0-0
Round 9,9,"Ondrej Strasky He/Him
Nathan Goldberg He/Him","Izzet Lessons
Selesnya Rhythm",Nathan Goldberg won 2-1-0
Round 9,10,"Brad Barclay He/Him
EricZhou He/Him","Four-Color Control
Izzet Prowess",Brad Barclay won 2-1-0
Round 9,11,"Etienne Foare He/Him
Stanislau Zubovich He/Him","Izzet Lessons
Izzet Prowess",Stanislau Zubovich won 2-1-0
Round 9,12,"Yann-Guillaume Jaccard He/Him
Lucca LiPuma","Allies
Izzet Prowess",Yann-Guillaume Jaccard won 2-1-0
Round 9,13,"EricNewton He/Him
Craig Tanner He/Him","Jeskai Control
Izzet Prowess",EricNewton won 2-1-0
Round 9,14,"ucoconut871 Other
Draysor He/Him","Izzet Prowess
Selesnya Landfall",ucoconut871 won 2-0-0
Round 9,15,"Titouan LE BERRE He/Him
Francesco Alacca He/Him","Izzet Prowess
Izzet Lessons",Titouan LE BERRE won 2-1-0
Round 9,16,"T0bb3 He/Him
Vincent Reiter He/Him","Izzet Prowess
Izzet Prowess",Vincent Reiter won 2-1-0
Round 9,17,"Marco Capitanio
Tim Priwe He/Him","Izzet Lessons
Izzet Prowess",Marco Capitanio won 2-0-0
Round 9,18,"GiuseppeG He/Him
Kim Homsma He/Him","Selesnya Landfall
Selesnya Landfall",Kim Homsma won 2-0-0
Round 9,19,"Andreas Nordahl
DarkDeno","Izzet Lessons
Selesnya Landfall",DarkDeno won 2-0-0
Round 9,20,"Daniele Vinciguerra He/Him
Petr96 He/Him","Dimir Excruciator
Four-Color Control",Daniele Vinciguerra won 2-1-0
Round 9,21,"Jari Rentsch He/Him
fabse He/Him","Izzet Prowess
Izzet Prowess",fabse won 2-1-0
Round 9,22,"Jack Young He/Him
Fabian Klein","Izzet Spellementals
Dimir Excruciator",Fabian Klein won 2-0-0
Round 9,23,"Sören Liesener He/Him
Callum Laird He/Him","Selesnya Ouroboroid
Izzet Prowess",Callum Laird won 2-1-0
Round 9,24,"Ethanv83 He/Him
Franco Cicchini He/Him","Selesnya Landfall
Izzet Prowess",Franco Cicchini won 2-1-0
Round 9,25,"Tobia Daniele Nappi He/Him
enraeh He/Him","Four-Color Control
Sultai Excruciator",Tobia Daniele Nappi won 2-1-0
Round 9,26,"Will Berrington He/Him
Martin Ramos He/Him","Mono-Green Landfall
Mono-White Momo",Will Berrington won 2-0-0
Round 9,27,"Piotr Głogowski He/Him
George Stuart He/Him","Izzet Lessons
Izzet Spellementals",Piotr Głogowski won 2-1-0
Round 9,28,"Lena Marchant She/Her
George Berrett He/Him","Izzet Lessons
Dimir Excruciator",George Berrett won 2-1-0
Round 9,29,"Christian Kerr He/Him
Louis Wilder He/Him","Selesnya Landfall
Izzet Prowess",Louis Wilder won 2-1-0
Round 9,30,"Gerardo D'Elia He/Him
swxgv He/Him","Jeskai Control
Izzet Prowess",Gerardo D'Elia won 2-1-0
Round 9,31,"Alex Campbell
Léo Guimard He/Him","Jeskai Control
Selesnya Landfall",Léo Guimard won 2-1-0
Round 9,32,"Tudor Marin He/Him
Rodney Bedell","Selesnya Ouroboroid
Selesnya Landfall",Rodney Bedell won 2-1-0
Round 9,33,"Filipe Gusmão He/Him
HoneycombH She/Her","Golgari Demons
Selesnya Landfall",HoneycombH won 2-1-0
Round 9,34,"woebringer He/Him
oldemodave He/Him","Izzet Prowess
Dimir Deceit",woebringer won 2-0-0
Round 9,35,"Idris Killen He/Him
Orry He/Him","Izzet Lessons
Izzet Spellementals",Idris Killen won 2-1-0
Round 9,36,"Nathan McDowell He/Him
milesofford He/Him","Izzet Prowess
Sultai Reanimator",Nathan McDowell won 2-0-0
Round 9,37,"Maciej Barwik He/Him
Stefano Spurio He/Him","Izzet Prowess
Four-Color Elementals",Stefano Spurio won 2-0-0
Round 9,38,"Rookiemookie He/Him
Alvaro Nicosia He/Him","Jeskai Control
Izzet Prowess",Alvaro Nicosia won 2-0-0
Round 9,39,"Juan Godoy He/Him
Marcio Carvalho","Four-Color Elementals
Selesnya Landfall",Juan Godoy won 2-0-0
Round 9,40,"Masaya_Hoshino He/Him
alexwalton64 He/Him","Izzet Prowess
Izzet Spellementals",alexwalton64 won 2-1-0
Round 9,41,"Patrickleydecker He/Him
tip He/Him","Izzet Spellementals
Selesnya Ouroboroid",tip won 2-1-0
Round 9,42,"Pirrakos He/Him
Dominic Ulke He/Him","Dimir Excruciator
Izzet Prowess",Pirrakos won 2-0-0
Round 9,43,"ItMakesSens He/Him
felipins He/Him","Selesnya Landfall
Dimir Excruciator",felipins won 2-0-0
Round 9,44,"Zaraffyro
Fabian Jonckeer He/Him","Izzet Prowess
Mono-Green Landfall",Zaraffyro won 2-1-0
Round 9,45,"ClaudioBisioo
M0J0 He/Him","Four-Color Control
Dimir Midrange",ClaudioBisioo won 3-0-0
Round 9,46,"Pier Iaquinta He/Him
DanS106 He/Him","Jeskai Control
Izzet Spellementals",DanS106 won 2-0-0
Round 9,47,"Robert Pennington
Lewis Foster He/Him","Simic Omniscience
Selesnya Landfall",Lewis Foster won 2-0-0
Round 9,48,"Filip Tetera He/Him
Dawid Florczyk","Bant Rhythm
Izzet Lessons",Filip Tetera won 2-1-0
Round 9,49,"TomR
Marco Oliveto He/Him","Izzet Prowess
Golgari Rhythm",Marco Oliveto won 2-0-0
Round 9,50,"Sandiagos He/Him
Marco Vay He/Him","Abzan Lifegain
Dimir Excruciator",Marco Vay won 2-1-0
Round 9,51,"Oscar Christensen He/Him
Michael Boardman He/Him","Selesnya Ouroboroid
Mono-Red Aggro",Oscar Christensen won 2-0-0
Round 9,52,"Kieran Malloy He/Him
DThomps He/Him","Izzet Prowess
Izzet Prowess",Kieran Malloy won 2-0-0
Round 9,53,"Josef Zivec He/Him
Liam Tiller-Collins He/Him","Bant Rhythm
Selesnya Ouroboroid",Josef Zivec won 2-0-0
Round 9,54,"Leonardo Canalejo He/Him
RoreosaRory He/Him","Boros Dragons
Four-Color Elementals",Leonardo Canalejo won 2-0-0
Round 9,55,"Coachjennsen23 He/Him
GliedTamas He/Him","Boros Dragons
Sultai Control",GliedTamas won 2-1-0
Round 9,56,"Nicolas Prail He/Him
Michael Baalham","Izzet Prowess
Selesnya Landfall",Michael Baalham won 2-0-0
Round 9,57,"Dylan Gregory-Martin He/They
Mikkel Vestergaard He/Him","Izzet Spellementals
Four-Color Control",Dylan Gregory-Martin won 2-1-0
Round 9,58,"Matthieu Tassa He/Him
Yat Ka Leung He/Him","Izzet Prowess
Izzet Prowess",Matthieu Tassa won 2-0-0
Round 9,59,"Verena Maccari She/Her
Daniel Larsen He/Him","Izzet Prowess
Selesnya Landfall",Verena Maccari won 2-0-0
Round 9,60,"Julian Lamprecht He/Him
iamkrazy1 He/Him","Selesnya Landfall
Izzet Prowess",Julian Lamprecht won 2-0-0
Round 9,61,"Viktor Hybinette He/Him
filpin He/Him","Golgari Demons
Selesnya Ouroboroid",Viktor Hybinette won 2-1-0
Round 9,62,"Hannes Brandstetter
James Ball He/Him","Selesnya Landfall
Izzet Prowess",James Ball won 2-1-0
Round 9,63,"Kristoffer Payumo He/Him
Alexander Stehno","Four-Color Elementals
Jeskai Control",Alexander Stehno won 2-0-0
Round 9,64,"David Dunitza He/Him
Mae French She/Her","Izzet Spellementals
Izzet Lessons",Mae French won 2-1-0
Round 9,65,"RobinVahland He/Him
JamesTaylor He/Him","Songcrafter Control
Selesnya Landfall",RobinVahland won 2-1-0
Round 9,66,"Narzyss
Marco Vassallo He/Him","Azorius Prison
Sultai Excruciator",Narzyss won 2-0-0
Round 9,67,"MangoMango She/Her
SimD22","Jeskai Control
Jeskai Control",MangoMango won 2-1-0
Round 9,68,"ZakP He/Him
Roberto Fabiani","Mono-Green Landfall
Grixis Deceit",ZakP won 2-1-0
Round 9,69,"Valentin Orru He/Him
Dominic White He/Him","Izzet Prowess
Dimir Deceit",Valentin Orru won 2-0-0
Round 9,70,"Unkillable13 He/Him
HarW7","Izzet Prowess
Four-Color Control",Unkillable13 won 2-0-0
Round 9,71,"Decio Sacco He/Him
Jorge Muniz","Selesnya Ouroboroid
Dimir Excruciator",Jorge Muniz won 2-1-0
Round 9,72,"Nabil
Vittorio Viti","Izzet Prowess
Four-Color Control",Nabil won 2-1-0
Round 9,73,"Lucas Hyttel He/Him
Kun150 He/Him","Mono-Green Landfall
Dimir Excruciator",Lucas Hyttel won 2-1-0
Round 9,74,"Gavin Thacker
Andrei Nikolov","Boros Dragons
Izzet Prowess",Andrei Nikolov won 2-0-0
Round 9,75,"Pär Jones He/Him
CraigLong He/Him","Golgari Midrange
Dimir Excruciator",Pär Jones won 2-0-0
Round 9,76,"Ben Jones
Francisco Sanchez","Izzet Lessons
Izzet Prowess",Ben Jones won 2-1-0
Round 9,77,"Ignacio Garcia He/Him
Jonas_Erbe","Azorius Momo
Simic Rhythm",Jonas_Erbe won 2-0-0
Round 9,78,"Verduyn He/Him
George Worsnop He/Him","Izzet Prowess
Izzet Prowess",George Worsnop won 2-1-0
Round 9,79,"JackTheJester He/Him
Dotraki","Four-Color Control
Izzet Prowess",Dotraki won 2-1-0
Round 9,80,"MikeRoss He/They
Thomas Duffy He/Him","Izzet Lessons
Selesnya Landfall",MikeRoss won 2-1-0
Round 9,81,"Jędrek Szmyd He/Him
James Jenkins He/Him","Izzet Lessons
Izzet Prowess",Jędrek Szmyd won 2-1-0
Round 9,82,"Edgar Baumler He/Him
Max Staas He/Him","Bant Rhythm
Dimir Excruciator",Max Staas won 2-0-0
Round 9,83,"Cristian Jimenez He/Him
Raynor Kuang He/Him","Four-Color Control
Boros Dragons",Cristian Jimenez won 2-0-0
Round 9,84,"Noah Bacine He/Him
André Santos","Jeskai Control
Selesnya Landfall",Noah Bacine won 2-1-0
Round 9,85,"pizzangry He/Him
Victor Simon Wilhelm Lumholtz He/Him","Izzet Prowess
Selesnya Ouroboroid",Victor Simon Wilhelm Lumholtz won 2-1-0
Round 9,86,"Juri Barkey He/Him
Elevenzees He/Him","Izzet Spellementals
Izzet Lessons",Elevenzees won 2-1-0
Round 9,87,"Christian Rothen He/Him
Stefan Kramm","Jeskai Control
Boros Dragons",Christian Rothen won 2-0-0
Round 9,88,"Douglas Penman He/Him
Callum Bousfield","Selesnya Ouroboroid
Izzet Prowess",Callum Bousfield won 2-1-0
Round 9,89,"gwendalvador He/Him
Stefanos Fotiadis","Selesnya Landfall
Izzet Prowess",gwendalvador won 2-1-0
Round 9,90,"Arwad He/Him
Neil Deacon He/Him","Dimir Midrange
Izzet Prowess",Neil Deacon won 2-1-0
Round 9,91,"Geko
Nick Rogiers He/Him","Izzet Aggro
Dimir Excruciator",Nick Rogiers won 2-0-0
Round 9,92,"Alvaro Fernandez Torres He/Him
Manuel Nowak He/Him","Izzet Prowess
Selesnya Rhythm",Alvaro Fernandez Torres won 2-1-0
Round 9,93,"Landstar He/They
Alex Winter","Selesnya Ouroboroid
Boros Mobilize",Landstar won 2-0-0
Round 9,94,"Charles Eliatamby He/Him
Félix Maurin He/Him","Bant Rhythm
Orzhov Momo",Charles Eliatamby won 2-1-0
Round 9,95,"Paul Farnsworth
KeesvanMontfoort","Dimir Excruciator
Izzet Prowess",KeesvanMontfoort won 2-0-0
Round 9,96,"Dafta He/Him
Olphod He/Him","Mono-Green Landfall
Mardu Discard",Olphod won 2-1-0
Round 9,97,"Geri925 He/Him
Jasper Nielsen He/Him","Selesnya Rhythm
Izzet Spellementals",Jasper Nielsen won 2-1-0
Round 9,98,"Alexander Maier He/Him
Russell Seeley He/Him","Izzet Lessons
Golgari Midrange",Alexander Maier won 2-0-0
Round 9,99,"HarryHollingworth He/They
Nikita Yurochko He/Him","Bant Rhythm
Dimir Midrange",HarryHollingworth won 2-1-0
Round 9,100,"Francesco Latorre He/Him
Gary Smith He/Him","Izzet Prowess
Jeskai Control",Francesco Latorre won 2-0-0
Round 9,101,"Skite He/They
Louis-Samuel Deltour","Selesnya Landfall
Izzet Prowess",Louis-Samuel Deltour won 2-1-0
Round 9,102,"Calum Gittins He/Him
Gonaclo Magalhães Diogo He/Him","Izzet Prowess
Izzet Prowess",Calum Gittins won 2-1-0
Round 9,103,"ViolentRich He/Him
Jonah Strommenger He/Him","Izzet Prowess
Izzet Prowess",Jonah Strommenger won 2-1-0
Round 9,104,"Alexey Paulot He/Him
Jacob1200 He/Him","Temur Lessons
Azorius Otters",Alexey Paulot won 2-1-0
Round 9,105,"Bradley Bunce He/Him
Alex Göbel He/Him","Azorius Prison
Dimir Midrange",Alex Göbel won 2-0-0
Round 9,106,"Jonatan Svendsen He/Him
CJ Vice He/Him","Selesnya Landfall
Esper Oculus",CJ Vice won 2-0-0
Round 9,107,"Xifan He/Him
Siamon He/Him","Izzet Prowess
Selesnya Ouroboroid",Xifan won 2-0-0
Round 9,108,"DanoClark
NilHomar","Four-Color Control
Golgari Midrange",NilHomar won 2-0-0
Round 9,109,"Mirand Shtërbani He/Him
Patrick Burchert He/Him","Four-Color Control
Azorius Prison",1-1-0 Draw
Round 9,110,"Soulblighter
Martin Forrester He/They","Selesnya Ouroboroid
Sultai Reanimator",Martin Forrester won 2-1-0
Round 9,111,"MY13Dragonfly They/Them
Jacopo Bartollini He/Him","Bant Rhythm
Azorius Prison",MY13Dragonfly won 2-1-0
Round 9,112,"Christian Mayr He/Him
oDwin He/Him","Four-Color Elementals
Orzhov Momo",Christian Mayr won 2-0-0
Round 9,113,"Carlos Pacheco He/Him
Andrew Fiedler He/Him","Four-Color Control
Dimir Excruciator",Andrew Fiedler won 2-0-0
Round 9,114,"spikesmaster He/Him
AndrewHM He/They","Selesnya Ouroboroid
Azorius Control",spikesmaster won 2-0-0
Round 9,115,"Andreas Foreman Jensen He/Him
Kamen Kamenov He/Him","Selesnya Ouroboroid
Four-Color Elementals",Kamen Kamenov won 2-0-0
Round 9,116,"Ozan Sevsevil He/Him
Pier Paolo Moro They/Them","Jeskai Control
Izzet Prowess",Pier Paolo Moro won 2-0-0
Round 9,117,"Stephanos Economides He/Him
RyanNorthcott He/Him","Dimir Excruciator
Boros Momo",RyanNorthcott won 2-0-0
Round 9,118,"Dan Stokes He/Him
Mehdi Khelfa He/Him","Four-Color Control
Izzet Prowess",Dan Stokes won 2-0-0
Round 9,119,"nartin9 He/Him
Picomtg","Izzet Prowess
Bant Rhythm",Picomtg won 2-1-0
Round 9,120,"Magnus Jørgensen He/Him
seany He/Him","Izzet Prowess
Izzet Lessons",seany won 2-0-0
Round 9,121,"gabriele tribulato Ze/zir
Mikki Klokkedal He/Him","Bant Rhythm
Selesnya Landfall",Mikki Klokkedal won 2-0-0
Round 9,122,"Justien Balay
Mihaly Varadi He/Him","Selesnya Ouroboroid
Azorius Prison",Mihaly Varadi won 2-1-0
Round 9,123,"Philippe Wirz He/Him
Kristoffer Roland He/Him","Azorius Prison
Gruul Leyline",Philippe Wirz won 2-1-0
Round 9,124,"Klaus_Mikaelson He/Him
Daniel Lind He/Him","Four-Color Control
Selesnya Landfall",Daniel Lind won 2-0-0
Round 9,125,"AnilDG He/Him
Jan Pruchniewicz He/Him","Azorius Prison
Simic Omniscience",Jan Pruchniewicz won 2-0-0
Round 9,126,"Cartheron Other
DomS17 He/Him","Mono-Black Demons
Izzet Prowess",Cartheron won 2-0-0
Round 9,127,"Philipp Schwaiger
Kevin Broløs He/Him","Abzan Bats
Izzet Prowess",Philipp Schwaiger won 2-1-0
Round 9,128,"Mclockin He/Him
Luke Merryweather He/Him","Selesnya Ouroboroid
Izzet Lessons",Luke Merryweather won 2-1-0
Round 9,129,"Cedric Gäde
Tien Thanh Pham He/Him","Azorius Prison
Azorius Prison",Tien Thanh Pham won 2-0-0
Round 9,130,"Tom8520 He/Him
Gargaroth He/Him","Bant Rhythm
Simic Ouroboroid",Tom8520 won 2-1-0
Round 9,131,"Josh Corless He/Him
Jacob Borrowdale He/Him","Izzet Spellementals
Izzet Prowess",Jacob Borrowdale won 2-0-0
Round 9,132,"Pedro Lemos He/Him
Tifenn Samyn She/Her","Selesnya Ouroboroid
Izzet Spellementals",Pedro Lemos won 2-1-0
Round 9,133,"Cantthinkofanything
Léo Thiémard He/Him","Mono-Green Landfall
Bant Rhythm",Léo Thiémard won 2-1-0
Round 9,134,"Lubos Leskovjansky He/They
Daniele Scatassi","Mono-White Momo
Izzet Prowess",Daniele Scatassi won 2-1-0
Round 9,135,"Ine Jernelv
Jake Swales He/They","Izzet Lessons
Izzet Lessons",Jake Swales won 2-0-0
Round 9,136,"EdGlease He/Him
MatteoLB He/Him","Izzet Spellementals
Four-Color Control",MatteoLB won 2-0-0
Round 9,137,"Andrea Piemonti He/Him
AdriaGarciaSarmiento He/Him","Izzet Lessons
Azorius Prison",AdriaGarciaSarmiento won 2-1-0
Round 9,138,"Duskfire He/Him
Branoc Richards He/Him","Selesnya Landfall
Izzet Prowess",Duskfire won 2-1-0
Round 9,139,"JoshuaPyleCarter Other
Thomas Chenery He/Him","Simic Omniscience
Izzet Spellementals",JoshuaPyleCarter won 2-0-0
Round 9,140,"Matt MT He/Him
Giulio Tommaso Gomitoni","Sultai Reanimator
Izzet Lessons",Giulio Tommaso Gomitoni won 2-1-0
Round 9,141,"Daniel Lewis He/Him
Daniel Bjerkan He/Him","Four-Color Control
Selesnya Landfall",Daniel Bjerkan won 2-1-0
Round 9,142,"Nuno Duarte
Bryant Yang He/Him","Dimir Deceit
Izzet Prowess",Nuno Duarte won 2-1-0
Round 9,143,"no_justice_mtg She/Her
Morgan Lebrument He/Him","Four-Color Control
Izzet Prowess",no_justice_mtg won 2-0-0
Round 9,144,"Robert Young He/Him
Tolga Sertbas","Golgari Ouroboroid
Mono-Red Aggro",Tolga Sertbas won 2-0-0
Round 9,145,"jamestimms He/They
AARB12 He/Him","Azorius Prison
Azorius Prison",AARB12 won 2-0-0
Round 9,146,"ShaC28
AdamPC He/Him","Mardu Gambit
Izzet Prowess",AdamPC won 1-0-0
Round 9,148,"Johnathan Wilkes He/Him
Kjetil Wevling He/Him","Golgari Demons
Izzet Spellementals",Johnathan Wilkes won 2-0-0
Round 9,149,"Jonny Gu He/Him
jjjimbo They/Them","Izzet Spellementals
Izzet Lessons",jjjimbo won 2-0-0
Round 9,150,"RomainAlexandre He/Him
Ghostfire17605 He/Him","Izzet Spellementals
Golgari Midrange",Ghostfire17605 won 2-0-0
Round 9,151,"Max Spencer He/Him
Adrien Beaussart He/Him","Golgari Changelings
Four-Color Elementals",Adrien Beaussart won 2-0-0
Round 9,152,"Emil Rasmussen He/Him
ALANBBBK He/Him","Selesnya Landfall
Sultai Changeling",Emil Rasmussen won 2-0-0
Round 9,153,"Shadybadger46 He/Him
darkblueturbo He/Him","Mono-Blue Control
Izzet Spellementals",Shadybadger46 won 2-0-0
Round 9,154,"djsuk She/Her
Freddie Barber He/Him","Orzhov Lifegain
Gruul Leyline",Freddie Barber won 2-1-0
Round 9,156,"Truls Mathisen He/Him
Inherentmac He/Him","Mono-Blue Spellementals
Grixis Discard",Truls Mathisen won 2-0-0
Round 9,157,"Thomas Walder
Julian Riedener He/Him","Mardu Artifacts
Bant Rhythm",Thomas Walder won 2-0-0
Round 9,158,"Stefano Belloni He/Him
Kewin Lozicki He/Him","Izzet Prowess
Azorius Momo",Kewin Lozicki won 2-0-0
Round 9,159,"StephenSodusta He/Him
WillKillsTime He/Him","Temur Ferocious
Izzet Prowess",WillKillsTime won 2-0-0
Round 9,160,"Olivier Geffroy He/Him
EtherealBlue She/Her","Izzet Prowess
Izzet Spellementals",Olivier Geffroy won 2-0-0
Round 9,161,"Gwen Wall She/Her
Emelia St John She/They","Azorius Prison
Izzet Spellementals",Gwen Wall won 2-0-0
Round 9,163,"Brian Rasmussen He/Him
Graveturner He/Him","Dimir Excruciator
Izzet Lessons",Graveturner won 2-1-0
Round 9,164,"Robin Clark She/Her
Mattia Colombo He/Him","Sultai Reanimator
Dimir Control",Mattia Colombo won 2-1-0
Round 9,165,"Cal91 He/Him
DarioCavallone","Dimir Deceit
Bant Rhythm",Cal91 won 2-0-0
Round 9,166,"Lilian Lescure He/Him
Seal100 He/Him","Dimir Excruciator
Dimir Bounce",Lilian Lescure won 2-0-0
Round 9,167,"Splitseven He/Him
Tomáš Krupička He/Him","Izzet Lessons
Selesnya Landfall",Tomáš Krupička won 2-0-0
Round 9,168,"JackNewell He/Him
Jonny 🐘 Edmondson He/Him","Boros Discard
Izzet Prowess",JackNewell won 2-0-0
Round 9,169,"Luka Fuchs
Chris Grenville He/Him","Mono-Blue Tempo
Izzet Prowess",Luka Fuchs won 2-0-0
Round 9,170,"alshay2020 He/Him
Jay_Flimmzky He/Him","Izzet Prowess
Dimir Mill",Jay_Flimmzky won 2-0-0
Round 9,171,"Xcunonophus He/They
Hans Ludvig Skovli He/Him","Azorius Artifacts
Izzet Prowess",Xcunonophus won 2-0-0
Round 9,172,"Michael Rutter He/Him
Vincent Pernel He/Him","Izzet Spellementals
Dimir Artifacts",Vincent Pernel won 2-0-0
Round 9,173,"rtsolo She/They
Fraser Dallachy He/Him","Mardu Mobilize
Abzan Cosmogoyf",Fraser Dallachy won 2-1-0
Round 9,174,"JJ Hidson He/Him
manyrollies","Mono-Green Chocobo
Izzet Spellementals",manyrollies won 2-1-0
Round 9,220,"Elia Libralato He/Him
EvanColly He/Him","Bant Rhythm
Izzet Prowess",EvanColly won 2-0-0
Round 9,221,"Enrico Libralato He/Him
Pawel Makles He/Him","Azorius Prison
Azorius Prison",Enrico Libralato won 2-0-0
Round 9,260,"Thraxi He/Him
jruxc","Mono-Green Landfall
Dimir Excruciator",Thraxi won 2-0-0
Round 10,-,KeesvanMontfoort,Izzet Prowess,KeesvanMontfoort was assigned a bye
Round 10,1,"StannersPOTUS
Maxime Desiront He/Him","Mardu Discard
Sultai Reanimator",Maxime Desiront won 2-0-0
Round 10,2,"Nathan Goldberg He/Him
Koen de Vos","Selesnya Rhythm
Azorius Momo",Nathan Goldberg won 2-1-0
Round 10,3,"Bilbo_Baggins
Enchanted He/Him","Izzet Prowess
Temur Omniscience",Enchanted won 2-0-0
Round 10,4,"AlexMacIsaac He/Him
Tommi Erola He/Him","Izzet Prowess
Mono-Green Landfall",AlexMacIsaac won 2-1-0
Round 10,5,"Jamie Walsh He/Him
Brad Barclay He/Him","Four-Color Control
Four-Color Control",Brad Barclay won 2-0-0
Round 10,6,"Stanislau Zubovich He/Him
Yann-Guillaume Jaccard He/Him","Izzet Prowess
Allies",Yann-Guillaume Jaccard won 2-0-0
Round 10,7,"EricNewton He/Him
TomaszDudziec He/Him","Jeskai Control
Izzet Prowess",1-1-1 Draw
Round 10,8,"Marian Bunganic He/Him
Rodney Bedell","Izzet Lessons
Selesnya Landfall",Marian Bunganic won 2-1-0
Round 10,9,"Piotr Głogowski He/Him
Kim Homsma He/Him","Izzet Lessons
Selesnya Landfall",Piotr Głogowski won 2-0-0
Round 10,10,"Louis-Samuel Deltour
Dan Rose","Izzet Prowess
Izzet Lessons",Dan Rose won 2-1-0
Round 10,11,"ucoconut871 Other
fabse He/Him","Izzet Prowess
Izzet Prowess",fabse won 2-0-0
Round 10,12,"alexwalton64 He/Him
Marco Capitanio","Izzet Spellementals
Izzet Lessons",Marco Capitanio won 2-0-0
Round 10,13,"Charles Rivet He/Him
woebringer He/Him","Izzet Prowess
Izzet Prowess",Charles Rivet won 2-1-0
Round 10,14,"Fabian Klein
Léo Guimard He/Him","Dimir Excruciator
Selesnya Landfall",Léo Guimard won 2-1-0
Round 10,15,"Vincent Reiter He/Him
HoneycombH She/Her","Izzet Prowess
Selesnya Landfall",HoneycombH won 2-0-0
Round 10,16,"DarkDeno
Will Berrington He/Him","Selesnya Landfall
Mono-Green Landfall",Will Berrington won 2-1-0
Round 10,17,"Alvaro Nicosia He/Him
Nathan McDowell He/Him","Izzet Prowess
Izzet Prowess",Nathan McDowell won 2-1-0
Round 10,18,"Titouan LE BERRE He/Him
Yanatoy","Izzet Prowess
Izzet Opus",Yanatoy won 2-1-0
Round 10,19,"Ondrej Strasky He/Him
Stefano Spurio He/Him","Izzet Lessons
Four-Color Elementals",Stefano Spurio won 2-1-0
Round 10,20,"Franco Cicchini He/Him
Sean Goddard He/Him","Izzet Prowess
Selesnya Ouroboroid",Franco Cicchini won 2-1-0
Round 10,21,"Callum Laird He/Him
George Berrett He/Him","Izzet Prowess
Dimir Excruciator",Callum Laird won 2-1-0
Round 10,22,"Idris Killen He/Him
Theodor eliassen He/Him","Izzet Lessons
Izzet Lessons",Idris Killen won 2-1-0
Round 10,23,"Louis Wilder He/Him
Daniele Vinciguerra He/Him","Izzet Prowess
Dimir Excruciator",Louis Wilder won 2-0-0
Round 10,24,"TheRiedl He/Him
Gerardo D'Elia He/Him","Izzet Lessons
Jeskai Control",Gerardo D'Elia won 2-1-0
Round 10,25,"Juan Godoy He/Him
felipins He/Him","Four-Color Elementals
Dimir Excruciator",Juan Godoy won 2-1-0
Round 10,26,"tip He/Him
Etienne Foare He/Him","Selesnya Ouroboroid
Izzet Lessons",tip won 2-0-0
Round 10,27,"Zaraffyro
Lucca LiPuma","Izzet Prowess
Izzet Prowess",Lucca LiPuma won 2-0-0
Round 10,28,"EricZhou He/Him
Pirrakos He/Him","Izzet Prowess
Dimir Excruciator",EricZhou won 2-1-0
Round 10,29,"ClaudioBisioo
Lewis Foster He/Him","Four-Color Control
Selesnya Landfall",ClaudioBisioo won 2-1-0
Round 10,30,"Marcio Carvalho
Christian Kerr He/Him","Selesnya Landfall
Selesnya Landfall",Christian Kerr won 2-1-0
Round 10,31,"Nick Rogiers He/Him
Pär Jones He/Him","Dimir Excruciator
Golgari Midrange",Nick Rogiers won 2-1-0
Round 10,32,"Josef Zivec He/Him
Ben Jones","Bant Rhythm
Izzet Lessons",Ben Jones won 2-1-0
Round 10,33,"GliedTamas He/Him
Max Staas He/Him","Sultai Control
Dimir Excruciator",GliedTamas won 2-0-0
Round 10,34,"Alexey Paulot He/Him
Calum Gittins He/Him","Temur Lessons
Izzet Prowess",Alexey Paulot won 2-0-0
Round 10,35,"Alexander Maier He/Him
T0bb3 He/Him","Izzet Lessons
Izzet Prowess",T0bb3 won 2-0-0
Round 10,36,"Rookiemookie He/Him
Mae French She/Her","Jeskai Control
Izzet Lessons",Rookiemookie won 2-0-0
Round 10,37,"Michael Baalham
Masaya_Hoshino He/Him","Selesnya Landfall
Izzet Prowess",Masaya_Hoshino won 2-1-0
Round 10,38,"Jack Young He/Him
James Ball He/Him","Izzet Spellementals
Izzet Prowess",Jack Young won 2-0-0
Round 10,39,"Andrei Nikolov
gwendalvador He/Him","Izzet Prowess
Selesnya Landfall",gwendalvador won 2-0-0
Round 10,40,"Skite He/They
Maciej Barwik He/Him","Selesnya Landfall
Izzet Prowess",Maciej Barwik won 2-1-0
Round 10,41,"Jędrek Szmyd He/Him
Filipe Gusmão He/Him","Izzet Lessons
Golgari Demons",Jędrek Szmyd won 2-0-0
Round 10,42,"Kieran Malloy He/Him
oldemodave He/Him","Izzet Prowess
Dimir Deceit",Kieran Malloy won 2-1-0
Round 10,43,"Callum Bousfield
RobinVahland He/Him","Izzet Prowess
Songcrafter Control",Callum Bousfield won 2-0-0
Round 10,44,"Noah Bacine He/Him
Ethanv83 He/Him","Jeskai Control
Selesnya Landfall",Noah Bacine won 2-1-0
Round 10,45,"HarryHollingworth He/They
Andreas Nordahl","Bant Rhythm
Izzet Lessons",Andreas Nordahl won 2-1-0
Round 10,46,"Victor Simon Wilhelm Lumholtz He/Him
Julian Lamprecht He/Him","Selesnya Ouroboroid
Selesnya Landfall",Victor Simon Wilhelm Lumholtz won 2-1-0
Round 10,47,"Filip Tetera He/Him
Tobia Daniele Nappi He/Him","Bant Rhythm
Four-Color Control",Tobia Daniele Nappi won 2-0-0
Round 10,48,"Matthieu Tassa He/Him
Patrickleydecker He/Him","Izzet Prowess
Izzet Spellementals",Matthieu Tassa won 2-1-0
Round 10,49,"George Worsnop He/Him
DanS106 He/Him","Izzet Prowess
Izzet Spellementals",George Worsnop won 2-0-0
Round 10,50,"Francesco Latorre He/Him
Valentin Orru He/Him","Izzet Prowess
Izzet Prowess",Valentin Orru won 2-1-0
Round 10,51,"Sören Liesener He/Him
Alex Campbell","Selesnya Ouroboroid
Jeskai Control",Alex Campbell won 2-0-0
Round 10,52,"milesofford He/Him
Dotraki","Sultai Reanimator
Izzet Prowess",Dotraki won 2-0-0
Round 10,53,"Lucas Hyttel He/Him
Draysor He/Him","Mono-Green Landfall
Selesnya Landfall",Draysor won 2-0-0
Round 10,54,"Narzyss
Cristian Jimenez He/Him","Azorius Prison
Four-Color Control",Narzyss won 2-1-0
Round 10,55,"Dylan Gregory-Martin He/They
Verena Maccari She/Her","Izzet Spellementals
Izzet Prowess",Verena Maccari won 2-1-0
Round 10,56,"Christian Rothen He/Him
Marco Oliveto He/Him","Jeskai Control
Golgari Rhythm",Christian Rothen won 2-0-0
Round 10,57,"Petr96 He/Him
Neil Deacon He/Him","Four-Color Control
Izzet Prowess",Neil Deacon won 2-0-0
Round 10,58,"Lena Marchant She/Her
Jonah Strommenger He/Him","Izzet Lessons
Izzet Prowess",Jonah Strommenger won 2-0-0
Round 10,59,"ZakP He/Him
Landstar He/They","Mono-Green Landfall
Selesnya Ouroboroid",Landstar won 2-0-0
Round 10,60,"Olphod He/Him
Charles Eliatamby He/Him","Mardu Discard
Bant Rhythm",Charles Eliatamby won 2-0-0
Round 10,61,"Unkillable13 He/Him
Craig Tanner He/Him","Izzet Prowess
Izzet Prowess",Unkillable13 won 2-1-0
Round 10,62,"Oscar Christensen He/Him
Giulio Tommaso Gomitoni","Selesnya Ouroboroid
Izzet Lessons",Oscar Christensen won 2-1-0
Round 10,63,"MikeRoss He/They
Leonardo Canalejo He/Him","Izzet Lessons
Boros Dragons",Leonardo Canalejo won 2-0-0
Round 10,64,"Jari Rentsch He/Him
Marco Vay He/Him","Izzet Prowess
Dimir Excruciator",Jari Rentsch won 2-1-0
Round 10,65,"MangoMango She/Her
GiuseppeG He/Him","Jeskai Control
Selesnya Landfall",MangoMango won 2-1-0
Round 10,66,"swxgv He/Him
Tudor Marin He/Him","Izzet Prowess
Selesnya Ouroboroid",Tudor Marin won 2-0-0
Round 10,67,"Tim Priwe He/Him
Martin Ramos He/Him","Izzet Prowess
Mono-White Momo",Martin Ramos won 2-0-0
Round 10,68,"Jonas_Erbe
Elevenzees He/Him","Simic Rhythm
Izzet Lessons",Jonas_Erbe won 2-1-0
Round 10,69,"George Stuart He/Him
Orry He/Him","Izzet Spellementals
Izzet Spellementals",George Stuart won 2-1-0
Round 10,70,"Viktor Hybinette He/Him
Alvaro Fernandez Torres He/Him","Golgari Demons
Izzet Prowess",Viktor Hybinette won 2-1-0
Round 10,71,"Francesco Alacca He/Him
Alexander Stehno","Izzet Lessons
Jeskai Control",Francesco Alacca won 2-1-0
Round 11,-,James Ball He/Him,Izzet Prowess,James Ball was assigned a bye
Round 11,1,"Maxime Desiront He/Him
Nathan Goldberg He/Him","Sultai Reanimator
Selesnya Rhythm",Nathan Goldberg won 2-1-0
Round 11,2,"Enchanted He/Him
AlexMacIsaac He/Him","Temur Omniscience
Izzet Prowess",Enchanted won 2-1-0
Round 11,3,"StannersPOTUS
Yann-Guillaume Jaccard He/Him","Mardu Discard
Allies",Yann-Guillaume Jaccard won 2-0-0
Round 11,4,"Brad Barclay He/Him
Marian Bunganic He/Him","Four-Color Control
Izzet Lessons",Brad Barclay won 2-1-0
Round 11,5,"Jamie Walsh He/Him
Franco Cicchini He/Him","Four-Color Control
Izzet Prowess",Franco Cicchini won 2-1-0
Round 11,6,"Léo Guimard He/Him
Charles Rivet He/Him","Selesnya Landfall
Izzet Prowess",Charles Rivet won 2-1-0
Round 11,7,"Tommi Erola He/Him
Nathan McDowell He/Him","Mono-Green Landfall
Izzet Prowess",Nathan McDowell won 2-0-0
Round 11,8,"Will Berrington He/Him
Stefano Spurio He/Him","Mono-Green Landfall
Four-Color Elementals",Will Berrington won 2-1-0
Round 11,9,"Yanatoy
Piotr Głogowski He/Him","Izzet Opus
Izzet Lessons",Piotr Głogowski won 2-0-0
Round 11,10,"Koen de Vos
HoneycombH She/Her","Azorius Momo
Selesnya Landfall",Koen de Vos won 2-1-0
Round 11,11,"fabse He/Him
Gerardo D'Elia He/Him","Izzet Prowess
Jeskai Control",fabse won 2-0-0
Round 11,12,"Louis Wilder He/Him
Idris Killen He/Him","Izzet Prowess
Izzet Lessons",Louis Wilder won 2-0-0
Round 11,13,"Dan Rose
Callum Laird He/Him","Izzet Lessons
Izzet Prowess",Dan Rose won 2-0-0
Round 11,14,"Marco Capitanio
Bilbo_Baggins","Izzet Lessons
Izzet Prowess",Bilbo_Baggins won 2-1-0
Round 11,15,"Juan Godoy He/Him
EricNewton He/Him","Four-Color Elementals
Jeskai Control",Juan Godoy won 2-1-0
Round 11,16,"TomaszDudziec He/Him
Lucca LiPuma","Izzet Prowess
Izzet Prowess",Lucca LiPuma won 2-0-0
Round 11,17,"EricZhou He/Him
ClaudioBisioo","Izzet Prowess
Four-Color Control",ClaudioBisioo won 2-0-0
Round 11,18,"tip He/Him
Stanislau Zubovich He/Him","Selesnya Ouroboroid
Izzet Prowess",tip won 2-0-0
Round 11,19,"George Stuart He/Him
Jari Rentsch He/Him","Izzet Spellementals
Izzet Prowess",George Stuart won 2-0-0
Round 11,20,"Andreas Nordahl
Kieran Malloy He/Him","Izzet Lessons
Izzet Prowess",Andreas Nordahl won 2-0-0
Round 11,21,"Unkillable13 He/Him
Francesco Alacca He/Him","Izzet Prowess
Izzet Lessons",Unkillable13 won 2-1-0
Round 11,22,"Alvaro Nicosia He/Him
Masaya_Hoshino He/Him","Izzet Prowess
Izzet Prowess",Alvaro Nicosia won 2-1-0
Round 11,23,"Jonas_Erbe
alexwalton64 He/Him","Simic Rhythm
Izzet Spellementals",Jonas_Erbe won 2-0-0
Round 11,24,"Kim Homsma He/Him
Valentin Orru He/Him","Selesnya Landfall
Izzet Prowess",Valentin Orru won 2-0-0
Round 11,25,"Vincent Reiter He/Him
Fabian Klein","Izzet Prowess
Dimir Excruciator",Vincent Reiter won 2-1-0
Round 11,26,"George Berrett He/Him
ucoconut871 Other","Dimir Excruciator
Izzet Prowess",George Berrett won 2-1-0
Round 11,27,"Christian Kerr He/Him
Martin Ramos He/Him","Selesnya Landfall
Mono-White Momo",Christian Kerr won 2-0-0
Round 11,28,"Oscar Christensen He/Him
George Worsnop He/Him","Selesnya Ouroboroid
Izzet Prowess",Oscar Christensen won 2-0-0
Round 11,29,"Dotraki
Louis-Samuel Deltour","Izzet Prowess
Izzet Prowess",Louis-Samuel Deltour won 2-0-0
Round 11,30,"Leonardo Canalejo He/Him
TheRiedl He/Him","Boros Dragons
Izzet Lessons",TheRiedl won 2-1-0
Round 11,31,"Maciej Barwik He/Him
Victor Simon Wilhelm Lumholtz He/Him","Izzet Prowess
Selesnya Ouroboroid",Victor Simon Wilhelm Lumholtz won 2-0-0
Round 11,32,"Sean Goddard He/Him
Neil Deacon He/Him","Selesnya Ouroboroid
Izzet Prowess",Sean Goddard won 2-1-0
Round 11,33,"GliedTamas He/Him
woebringer He/Him","Sultai Control
Izzet Prowess",woebringer won 2-0-0
Round 11,34,"Titouan LE BERRE He/Him
Christian Rothen He/Him","Izzet Prowess
Jeskai Control",Christian Rothen won 2-0-0
Round 11,35,"Alex Campbell
Narzyss","-
-",Alex Campbell won 2-0-0
Round 11,36,"Ondrej Strasky He/Him
Jonah Strommenger He/Him","Izzet Lessons
Izzet Prowess",Jonah Strommenger won 2-1-0
Round 11,37,"KeesvanMontfoort
Jędrek Szmyd He/Him","Izzet Prowess
Izzet Lessons",KeesvanMontfoort won 2-0-0
Round 11,38,"Jack Young He/Him
Draysor He/Him","Izzet Spellementals
Selesnya Landfall",Jack Young won 2-0-0
Round 11,39,"gwendalvador He/Him
Callum Bousfield","Selesnya Landfall
Izzet Prowess",gwendalvador won 2-0-0
Round 11,40,"Ethanv83 He/Him
Skite He/They","Selesnya Landfall
Selesnya Landfall",Ethanv83 won 2-0-0
Round 11,41,"Noah Bacine He/Him
Nick Rogiers He/Him","Jeskai Control
Dimir Excruciator",Noah Bacine won 2-0-0
Round 11,42,"DarkDeno
Viktor Hybinette He/Him","Selesnya Landfall
Golgari Demons",DarkDeno won 2-0-0
Round 11,43,"Alexey Paulot He/Him
Landstar He/They","-
-",Alexey Paulot won 2-0-0
Round 11,44,"Rookiemookie He/Him
MangoMango She/Her","Jeskai Control
Jeskai Control",1-1-0 Draw
Round 11,45,"Verena Maccari She/Her
Daniele Vinciguerra He/Him","Izzet Prowess
Dimir Excruciator",Daniele Vinciguerra won 2-1-0
Round 11,46,"Matthieu Tassa He/Him
Theodor eliassen He/Him","Izzet Prowess
Izzet Lessons",Matthieu Tassa won 2-0-0
Round 11,47,"Tobia Daniele Nappi He/Him
Rodney Bedell","Four-Color Control
Selesnya Landfall",Tobia Daniele Nappi won 2-0-0
Round 11,48,"Tudor Marin He/Him
T0bb3 He/Him","Selesnya Ouroboroid
Izzet Prowess",T0bb3 won 2-0-0
Round 11,49,"Zaraffyro
Etienne Foare He/Him","Izzet Prowess
Izzet Lessons",Etienne Foare won 2-1-0
Round 11,50,"Pirrakos He/Him
felipins He/Him","Dimir Excruciator
Dimir Excruciator",felipins won 2-1-0
Round 11,51,"Lucas Hyttel He/Him
Lewis Foster He/Him","Mono-Green Landfall
Selesnya Landfall",Lucas Hyttel won 2-0-0
Round 11,52,"ZakP He/Him
Max Staas He/Him","Mono-Green Landfall
Dimir Excruciator",Max Staas won 2-1-0
Round 11,53,"MikeRoss He/They
Petr96 He/Him","Izzet Lessons
Four-Color Control",MikeRoss won 2-0-0
Round 11,54,"Mae French She/Her
Marcio Carvalho","Izzet Lessons
Selesnya Landfall",Marcio Carvalho won 2-0-0
Round 11,55,"Filipe Gusmão He/Him
oldemodave He/Him","Golgari Demons
Dimir Deceit",oldemodave won 2-1-0
Round 11,56,"Marco Vay He/Him
Josef Zivec He/Him","Dimir Excruciator
Bant Rhythm",Josef Zivec won 2-0-0
Round 11,57,"HarryHollingworth He/They
Pär Jones He/Him","Bant Rhythm
Golgari Midrange",HarryHollingworth won 2-0-0
Round 11,58,"Ben Jones
Charles Eliatamby He/Him","Izzet Lessons
Bant Rhythm",Ben Jones won 2-1-0
Round 11,59,"Lena Marchant She/Her
Tim Priwe He/Him","Izzet Lessons
Izzet Prowess",Tim Priwe won 2-1-0
Round 11,60,"Sören Liesener He/Him
Craig Tanner He/Him","Selesnya Ouroboroid
Izzet Prowess",1-1-0 Draw
Round 11,61,"RobinVahland He/Him
DanS106 He/Him","Songcrafter Control
Izzet Spellementals",DanS106 won 2-1-0
Round 11,62,"Olphod He/Him
GiuseppeG He/Him","Mardu Discard
Selesnya Landfall",GiuseppeG won 2-1-0
Round 11,63,"Patrickleydecker He/Him
Alexander Maier He/Him","Izzet Spellementals
Izzet Lessons",Alexander Maier won 2-0-0
Round 11,64,"Filip Tetera He/Him
Julian Lamprecht He/Him","Bant Rhythm
Selesnya Landfall",Julian Lamprecht won 2-0-0
Round 11,65,"Andrei Nikolov
swxgv He/Him","Izzet Prowess
Izzet Prowess",swxgv won 2-0-0
Round 11,66,"Giulio Tommaso Gomitoni
Elevenzees He/Him","Izzet Lessons
Izzet Lessons",Elevenzees won 2-0-0
Round 11,67,"milesofford He/Him
Alexander Stehno","Sultai Reanimator
Jeskai Control",Alexander Stehno won 2-1-0
Round 11,68,"Dylan Gregory-Martin He/They
Michael Baalham","Izzet Spellementals
Selesnya Landfall",Michael Baalham won 2-0-0
Round 11,69,"Calum Gittins He/Him
Alvaro Fernandez Torres He/Him","Izzet Prowess
Izzet Prowess",Calum Gittins won 2-0-0
Round 11,70,"Orry He/Him
Francesco Latorre He/Him","Izzet Spellementals
Izzet Prowess",Francesco Latorre won 2-0-0
Round 11,71,"Cristian Jimenez He/Him
Marco Oliveto He/Him","Four-Color Control
Golgari Rhythm",Cristian Jimenez won 2-1-0
Round 12,-,Petr96 He/Him,Four-Color Control,Petr96 was assigned a bye
Round 12,1,"Enchanted He/Him
Nathan Goldberg He/Him","Temur Omniscience
Selesnya Rhythm",Enchanted won 2-0-0
Round 12,2,"Yann-Guillaume Jaccard He/Him
Brad Barclay He/Him","Allies
Four-Color Control",Yann-Guillaume Jaccard won 2-1-0
Round 12,3,"Juan Godoy He/Him
Will Berrington He/Him","Four-Color Elementals
Mono-Green Landfall",Will Berrington won 2-0-0
Round 12,4,"Charles Rivet He/Him
Piotr Głogowski He/Him","Izzet Prowess
Izzet Lessons",Charles Rivet won 2-0-0
Round 12,5,"Dan Rose
Maxime Desiront He/Him","Izzet Lessons
Sultai Reanimator",Dan Rose won 2-0-0
Round 12,6,"Koen de Vos
Franco Cicchini He/Him","Azorius Momo
Izzet Prowess",Koen de Vos won 2-0-0
Round 12,7,"AlexMacIsaac He/Him
Bilbo_Baggins","Izzet Prowess
Izzet Prowess",AlexMacIsaac won 2-0-0
Round 12,8,"Louis Wilder He/Him
Nathan McDowell He/Him","Izzet Prowess
Izzet Prowess",Nathan McDowell won 2-1-0
Round 12,9,"fabse He/Him
StannersPOTUS","Izzet Prowess
Mardu Discard",StannersPOTUS won 2-0-0
Round 12,10,"tip He/Him
Marian Bunganic He/Him","Selesnya Ouroboroid
Izzet Lessons",tip won 2-0-0
Round 12,11,"Lucca LiPuma
ClaudioBisioo","Izzet Prowess
Four-Color Control",Lucca LiPuma won 2-0-0
Round 12,12,"KeesvanMontfoort
George Berrett He/Him","Izzet Prowess
Dimir Excruciator",KeesvanMontfoort won 2-0-0
Round 12,13,"Yanatoy
Alvaro Nicosia He/Him","Izzet Opus
Izzet Prowess",Yanatoy won 2-0-0
Round 12,14,"Jonas_Erbe
Noah Bacine He/Him","Simic Rhythm
Jeskai Control",Noah Bacine won 2-1-0
Round 12,15,"TheRiedl He/Him
Tobia Daniele Nappi He/Him","Izzet Lessons
Four-Color Control",TheRiedl won 2-1-0
Round 12,16,"Stefano Spurio He/Him
Victor Simon Wilhelm Lumholtz He/Him","Four-Color Elementals
Selesnya Ouroboroid",Victor Simon Wilhelm Lumholtz won 2-1-0
Round 12,17,"Christian Kerr He/Him
Alex Campbell","Selesnya Landfall
Jeskai Control",Christian Kerr won 2-0-0
Round 12,18,"Léo Guimard He/Him
Alexey Paulot He/Him","Selesnya Landfall
Temur Lessons",Alexey Paulot won 2-1-0
Round 12,19,"Oscar Christensen He/Him
Callum Laird He/Him","Selesnya Ouroboroid
Izzet Prowess",Callum Laird won 2-1-0
Round 12,20,"Tommi Erola He/Him
George Stuart He/Him","Mono-Green Landfall
Izzet Spellementals",Tommi Erola won 2-0-0
Round 12,21,"Jamie Walsh He/Him
Vincent Reiter He/Him","Four-Color Control
Izzet Prowess",Jamie Walsh won 2-1-0
Round 12,22,"woebringer He/Him
Ben Jones","Izzet Prowess
Izzet Lessons",woebringer won 2-1-0
Round 12,23,"Valentin Orru He/Him
Andreas Nordahl","Izzet Prowess
Izzet Lessons",Andreas Nordahl won 2-1-0
Round 12,24,"T0bb3 He/Him
Idris Killen He/Him","Izzet Prowess
Izzet Lessons",T0bb3 won 2-1-0
Round 12,25,"Gerardo D'Elia He/Him
Jonah Strommenger He/Him","Jeskai Control
Izzet Prowess",Gerardo D'Elia won 2-0-0
Round 12,26,"Jack Young He/Him
Unkillable13 He/Him","Izzet Spellementals
Izzet Prowess",Jack Young won 2-0-0
Round 12,27,"HoneycombH She/Her
Daniele Vinciguerra He/Him","Selesnya Landfall
Dimir Excruciator",Daniele Vinciguerra won 2-1-0
Round 12,28,"DarkDeno
Marco Capitanio","Selesnya Landfall
Izzet Lessons",DarkDeno won 2-1-0
Round 12,29,"gwendalvador He/Him
Matthieu Tassa He/Him","Selesnya Landfall
Izzet Prowess",gwendalvador won 2-1-0
Round 12,30,"Sean Goddard He/Him
Christian Rothen He/Him","Selesnya Ouroboroid
Jeskai Control",Sean Goddard won 2-1-0
Round 12,31,"Louis-Samuel Deltour
TomaszDudziec He/Him","Izzet Prowess
Izzet Prowess",TomaszDudziec won 2-1-0
Round 12,32,"EricNewton He/Him
MangoMango She/Her","Jeskai Control
Jeskai Control",MangoMango won 2-0-0
Round 12,33,"Rookiemookie He/Him
Stanislau Zubovich He/Him","Jeskai Control
Izzet Prowess",Stanislau Zubovich won 2-1-0
Round 12,34,"EricZhou He/Him
Etienne Foare He/Him","Izzet Prowess
Izzet Lessons",Etienne Foare won 2-0-0
Round 12,35,"felipins He/Him
ucoconut871 Other","Dimir Excruciator
Izzet Prowess",ucoconut871 won 2-0-0
Round 12,36,"Narzyss
HarryHollingworth He/They","Azorius Prison
Bant Rhythm",HarryHollingworth won 2-0-0
Round 12,37,"Tim Priwe He/Him
Rodney Bedell","Izzet Prowess
Selesnya Landfall",Rodney Bedell won 2-1-0
Round 12,38,"Max Staas He/Him
James Ball He/Him","Dimir Excruciator
Izzet Prowess",Max Staas won 2-1-0
Round 12,39,"Titouan LE BERRE He/Him
Tudor Marin He/Him","Izzet Prowess
Selesnya Ouroboroid",Titouan LE BERRE won 2-1-0
Round 12,40,"Filipe Gusmão He/Him
Skite He/They","Golgari Demons
Selesnya Landfall",Skite won 2-0-0
Round 12,41,"Dotraki
Julian Lamprecht He/Him","Izzet Prowess
Selesnya Landfall",Dotraki won 2-1-0
Round 12,42,"Masaya_Hoshino He/Him
Kieran Malloy He/Him","Izzet Prowess
Izzet Prowess",Kieran Malloy won 2-1-0
Round 12,43,"Ethanv83 He/Him
Ondrej Strasky He/Him","Selesnya Landfall
Izzet Lessons",Ethanv83 won 2-1-0
Round 12,44,"Martin Ramos He/Him
Leonardo Canalejo He/Him","Mono-White Momo
Boros Dragons",Martin Ramos won 2-1-0
Round 12,45,"DanS106 He/Him
Callum Bousfield","Izzet Spellementals
Izzet Prowess",DanS106 won 2-1-0
Round 12,46,"oldemodave He/Him
Francesco Latorre He/Him","Dimir Deceit
Izzet Prowess",Francesco Latorre won 2-0-0
Round 12,47,"Alexander Maier He/Him
Nick Rogiers He/Him","Izzet Lessons
Dimir Excruciator",Nick Rogiers won 2-1-0
Round 12,48,"Fabian Klein
Michael Baalham","Dimir Excruciator
Selesnya Landfall",Michael Baalham won 2-1-0
Round 12,49,"Maciej Barwik He/Him
Elevenzees He/Him","Izzet Prowess
Izzet Lessons",Maciej Barwik won 2-0-0
Round 12,50,"MikeRoss He/They
Draysor He/Him","Izzet Lessons
Selesnya Landfall",MikeRoss won 2-0-0
Round 12,51,"GiuseppeG He/Him
Cristian Jimenez He/Him","Selesnya Landfall
Four-Color Control",Cristian Jimenez won 2-1-0
Round 12,52,"Viktor Hybinette He/Him
GliedTamas He/Him","Golgari Demons
Sultai Control",Viktor Hybinette won 2-0-0
Round 12,53,"Verena Maccari She/Her
Jari Rentsch He/Him","Izzet Prowess
Izzet Prowess",Verena Maccari won 2-0-0
Round 12,54,"Alexander Stehno
Charles Eliatamby He/Him","Jeskai Control
Bant Rhythm",Charles Eliatamby won 2-0-0
Round 12,55,"Kim Homsma He/Him
swxgv He/Him","Selesnya Landfall
Izzet Prowess",Kim Homsma won 2-1-0
Round 12,56,"George Worsnop He/Him
Theodor eliassen He/Him","Izzet Prowess
Izzet Lessons",Theodor eliassen won 2-0-0
Round 12,57,"Marcio Carvalho
Landstar He/They","Selesnya Landfall
Selesnya Ouroboroid",Marcio Carvalho won 2-0-0
Round 12,58,"Francesco Alacca He/Him
alexwalton64 He/Him","Izzet Lessons
Izzet Spellementals",alexwalton64 won 2-0-0
Round 12,59,"Jędrek Szmyd He/Him
Calum Gittins He/Him","Izzet Lessons
Izzet Prowess",Jędrek Szmyd won 2-0-0
Round 12,60,"Lucas Hyttel He/Him
Zaraffyro","Mono-Green Landfall
Izzet Prowess",Lucas Hyttel won 2-1-0
Round 12,61,"Sören Liesener He/Him
Pirrakos He/Him","Selesnya Ouroboroid
Dimir Excruciator",Pirrakos won 2-1-0
Round 12,62,"Craig Tanner He/Him
milesofford He/Him","Izzet Prowess
Sultai Reanimator",milesofford won 2-0-0
Round 12,63,"Giulio Tommaso Gomitoni
Marco Oliveto He/Him","Izzet Lessons
Golgari Rhythm",Giulio Tommaso Gomitoni won 2-1-0
Round 12,64,"Lewis Foster He/Him
Dylan Gregory-Martin He/They","Selesnya Landfall
Izzet Spellementals",Dylan Gregory-Martin won 2-1-0
Round 12,65,"ZakP He/Him
Filip Tetera He/Him","Mono-Green Landfall
Bant Rhythm",ZakP won 2-1-0
Round 12,66,"Neil Deacon He/Him
Josef Zivec He/Him","Izzet Prowess
Bant Rhythm",Josef Zivec won 2-1-0
Round 12,67,"Patrickleydecker He/Him
Olphod He/Him","Izzet Spellementals
Mardu Discard",Patrickleydecker won 2-0-0
Round 12,68,"Alvaro Fernandez Torres He/Him
Mae French She/Her","Izzet Prowess
Izzet Lessons",Alvaro Fernandez Torres won 2-0-0
Round 12,69,"Orry He/Him
Andrei Nikolov","Izzet Spellementals
Izzet Prowess",Andrei Nikolov won 2-1-0
Round 12,70,"Pär Jones He/Him
RobinVahland He/Him","Golgari Midrange
Songcrafter Control",Pär Jones won 2-1-0
Round 12,71,"Lena Marchant She/Her
Marco Vay He/Him","Izzet Lessons
Dimir Excruciator",Lena Marchant won 2-0-0
Round 13,1,"Enchanted He/Him
Yann-Guillaume Jaccard He/Him","Temur Omniscience
Allies",Yann-Guillaume Jaccard won 2-1-0
Round 13,2,"Nathan McDowell He/Him
Koen de Vos","Izzet Prowess
Azorius Momo",Koen de Vos won 2-0-0
Round 13,3,"Charles Rivet He/Him
Will Berrington He/Him","Izzet Prowess
Mono-Green Landfall",Will Berrington won 2-1-0
Round 13,4,"StannersPOTUS
Nathan Goldberg He/Him","Mardu Discard
Selesnya Rhythm",Nathan Goldberg won 2-0-0
Round 13,5,"Dan Rose
AlexMacIsaac He/Him","Izzet Lessons
Izzet Prowess",AlexMacIsaac won 2-0-0
Round 13,6,"Lucca LiPuma
Brad Barclay He/Him","Izzet Prowess
Four-Color Control",Brad Barclay won 2-0-0
Round 13,7,"tip He/Him
Andreas Nordahl","Selesnya Ouroboroid
Izzet Lessons",tip won 2-1-0
Round 13,8,"gwendalvador He/Him
Sean Goddard He/Him","Selesnya Landfall
Selesnya Ouroboroid",Sean Goddard won 2-1-0
Round 13,9,"Jack Young He/Him
DarkDeno","Izzet Spellementals
Selesnya Landfall",Jack Young won 2-1-0
Round 13,10,"Daniele Vinciguerra He/Him
Alexey Paulot He/Him","Dimir Excruciator
Temur Lessons",Daniele Vinciguerra won 2-1-0
Round 13,11,"Gerardo D'Elia He/Him
Jamie Walsh He/Him","Jeskai Control
Four-Color Control",1-1-0 Draw
Round 13,12,"fabse He/Him
Christian Kerr He/Him","Izzet Prowess
Selesnya Landfall",fabse won 2-1-0
Round 13,13,"woebringer He/Him
TheRiedl He/Him","Izzet Prowess
Izzet Lessons",woebringer won 2-1-0
Round 13,14,"Noah Bacine He/Him
Juan Godoy He/Him","Jeskai Control
Four-Color Elementals",Juan Godoy won 2-1-0
Round 13,15,"Louis Wilder He/Him
T0bb3 He/Him","Izzet Prowess
Izzet Prowess",Louis Wilder won 2-0-0
Round 13,16,"Callum Laird He/Him
Franco Cicchini He/Him","Izzet Prowess
Izzet Prowess",Franco Cicchini won 2-1-0
Round 13,17,"Piotr Głogowski He/Him
Bilbo_Baggins","Izzet Lessons
Izzet Prowess",Piotr Głogowski won 2-1-0
Round 13,18,"Tommi Erola He/Him
Maxime Desiront He/Him","Mono-Green Landfall
Sultai Reanimator",Maxime Desiront won 2-1-0
Round 13,19,"Yanatoy
Victor Simon Wilhelm Lumholtz He/Him","Izzet Opus
Selesnya Ouroboroid",Yanatoy won 2-1-0
Round 13,20,"KeesvanMontfoort
TomaszDudziec He/Him","Izzet Prowess
Izzet Prowess",TomaszDudziec won 2-0-0
Round 13,21,"ClaudioBisioo
Stanislau Zubovich He/Him","Four-Color Control
Izzet Prowess",ClaudioBisioo won 2-1-0
Round 13,22,"Etienne Foare He/Him
MangoMango She/Her","Izzet Lessons
Jeskai Control",Etienne Foare won 2-1-0
Round 13,23,"Marian Bunganic He/Him
Léo Guimard He/Him","Izzet Lessons
Selesnya Landfall",Léo Guimard won 2-0-0
Round 13,24,"Maciej Barwik He/Him
Rodney Bedell","Izzet Prowess
Selesnya Landfall",Maciej Barwik won 2-0-0
Round 13,25,"Louis-Samuel Deltour
Marcio Carvalho","Izzet Prowess
Selesnya Landfall",Marcio Carvalho won 2-0-0
Round 13,26,"Tobia Daniele Nappi He/Him
Kieran Malloy He/Him","Four-Color Control
Izzet Prowess",Kieran Malloy won 2-1-0
Round 13,27,"ucoconut871 Other
Jonas_Erbe","Izzet Prowess
Simic Rhythm",Jonas_Erbe won 2-0-0
Round 13,28,"Valentin Orru He/Him
Nick Rogiers He/Him","Izzet Prowess
Dimir Excruciator",Valentin Orru won 2-0-0
Round 13,29,"Titouan LE BERRE He/Him
Idris Killen He/Him","Izzet Prowess
Izzet Lessons",Titouan LE BERRE won 2-1-0
Round 13,30,"alexwalton64 He/Him
Ben Jones","Izzet Spellementals
Izzet Lessons",Ben Jones won 2-0-0
Round 13,31,"Jędrek Szmyd He/Him
George Berrett He/Him","Izzet Lessons
Dimir Excruciator",Jędrek Szmyd won 2-0-0
Round 13,32,"Francesco Latorre He/Him
Marco Capitanio","Izzet Prowess
Izzet Lessons",Marco Capitanio won 2-0-0
Round 13,33,"Michael Baalham
Theodor eliassen He/Him","Selesnya Landfall
Izzet Lessons",Michael Baalham won 2-0-0
Round 13,34,"Matthieu Tassa He/Him
Charles Eliatamby He/Him","Izzet Prowess
Bant Rhythm",Matthieu Tassa won 2-0-0
Round 13,35,"Dotraki
HarryHollingworth He/They","Izzet Prowess
Bant Rhythm",HarryHollingworth won 2-0-0
Round 13,36,"Oscar Christensen He/Him
Max Staas He/Him","Selesnya Ouroboroid
Dimir Excruciator",Oscar Christensen won 2-1-0
Round 13,37,"DanS106 He/Him
Kim Homsma He/Him","Izzet Spellementals
Selesnya Landfall",DanS106 won 2-0-0
Round 13,38,"Unkillable13 He/Him
Christian Rothen He/Him","Izzet Prowess
Jeskai Control",Unkillable13 won 2-1-0
Round 13,39,"Viktor Hybinette He/Him
Martin Ramos He/Him","Golgari Demons
Mono-White Momo",Martin Ramos won 2-0-0
Round 13,40,"oldemodave He/Him
Skite He/They","Dimir Deceit
Selesnya Landfall",Skite won 2-0-0
Round 13,41,"Josef Zivec He/Him
Jonah Strommenger He/Him","Bant Rhythm
Izzet Prowess",Jonah Strommenger won 2-0-0
Round 13,42,"Vincent Reiter He/Him
Verena Maccari She/Her","Izzet Prowess
Izzet Prowess",Vincent Reiter won 2-0-0
Round 13,43,"Cristian Jimenez He/Him
Stefano Spurio He/Him","Four-Color Control
Four-Color Elementals",Stefano Spurio won 2-1-0
Round 13,44,"Alex Campbell
MikeRoss He/They","Jeskai Control
Izzet Lessons",1-1-0 Draw
Round 13,45,"Ethanv83 He/Him
George Stuart He/Him","Selesnya Landfall
Izzet Spellementals",Ethanv83 won 2-1-0
Round 13,46,"Lucas Hyttel He/Him
EricNewton He/Him","Mono-Green Landfall
Jeskai Control",Lucas Hyttel won 2-0-0
Round 13,47,"Rookiemookie He/Him
felipins He/Him","Jeskai Control
Dimir Excruciator",felipins won 2-0-0
Round 13,48,"EricZhou He/Him
James Ball He/Him","Izzet Prowess
Izzet Prowess",EricZhou won 2-1-0
Round 13,49,"Pirrakos He/Him
Callum Bousfield","Dimir Excruciator
Izzet Prowess",Pirrakos won 2-0-0
Round 13,50,"Andrei Nikolov
Patrickleydecker He/Him","Izzet Prowess
Izzet Spellementals",Patrickleydecker won 2-0-0
Round 13,51,"Neil Deacon He/Him
ZakP He/Him","Izzet Prowess
Mono-Green Landfall",Neil Deacon won 2-1-0
Round 13,52,"GiuseppeG He/Him
swxgv He/Him","Selesnya Landfall
Izzet Prowess",GiuseppeG won 2-0-0
Round 13,53,"Julian Lamprecht He/Him
Ondrej Strasky He/Him","Selesnya Landfall
Izzet Lessons",Julian Lamprecht won 2-1-0
Round 13,54,"Alexander Maier He/Him
Lena Marchant She/Her","Izzet Lessons
Izzet Lessons",Alexander Maier won 2-1-0
Round 13,55,"Calum Gittins He/Him
Jari Rentsch He/Him","Izzet Prowess
Izzet Prowess",Jari Rentsch won 2-0-0
Round 13,56,"Alvaro Fernandez Torres He/Him
Masaya_Hoshino He/Him","Izzet Prowess
Izzet Prowess",Alvaro Fernandez Torres won 2-0-0
Round 13,57,"Alexander Stehno
Tim Priwe He/Him","-
-",Alexander Stehno won 2-1-0
Round 13,58,"Tudor Marin He/Him
Landstar He/They","Selesnya Ouroboroid
Selesnya Ouroboroid",Landstar won 2-1-0
Round 13,59,"milesofford He/Him
Petr96 He/Him","Sultai Reanimator
Four-Color Control",Petr96 won 2-0-0
Round 13,60,"Francesco Alacca He/Him
Narzyss","Izzet Lessons
Azorius Prison",Francesco Alacca won 2-0-0
Round 13,61,"George Worsnop He/Him
Elevenzees He/Him","Izzet Prowess
Izzet Lessons",George Worsnop won 2-0-0
Round 13,62,"Leonardo Canalejo He/Him
Dylan Gregory-Martin He/They","Boros Dragons
Izzet Spellementals",Dylan Gregory-Martin won 2-0-0
Round 13,63,"Alvaro Nicosia He/Him
HoneycombH She/Her","Izzet Prowess
Selesnya Landfall",Alvaro Nicosia won 2-0-0
Round 13,64,"GliedTamas He/Him
Pär Jones He/Him","Sultai Control
Golgari Midrange",Pär Jones won 1-0-0
Round 13,65,"Draysor He/Him
Giulio Tommaso Gomitoni","Selesnya Landfall
Izzet Lessons",Giulio Tommaso Gomitoni won 2-0-0
Round 13,66,"Fabian Klein
Craig Tanner He/Him","Dimir Excruciator
Izzet Prowess",Fabian Klein won 2-1-0
Round 13,67,"Sören Liesener He/Him
Zaraffyro","Selesnya Ouroboroid
Izzet Prowess",Sören Liesener won 2-0-0
Round 13,68,"Filip Tetera He/Him
Marco Oliveto He/Him","Bant Rhythm
Golgari Rhythm",Filip Tetera won 2-0-0
Round 13,69,"Filipe Gusmão He/Him
Mae French She/Her","Golgari Demons
Izzet Lessons",Mae French won 2-1-0
Round 13,70,"Orry He/Him
Lewis Foster He/Him","Izzet Spellementals
Selesnya Landfall",Lewis Foster won 2-1-0
Round 13,71,"Marco Vay He/Him
RobinVahland He/Him","Dimir Excruciator
Songcrafter Control",RobinVahland won 2-0-0
Round 14,1,"Yann-Guillaume Jaccard He/Him
AlexMacIsaac He/Him","Allies
Izzet Prowess",AlexMacIsaac won 2-0-0
Round 14,2,"Nathan Goldberg He/Him
Will Berrington He/Him","Selesnya Rhythm
Mono-Green Landfall",Nathan Goldberg won 2-1-0
Round 14,3,"Koen de Vos
Enchanted He/Him","Azorius Momo
Temur Omniscience",Enchanted won 2-0-0
Round 14,4,"Brad Barclay He/Him
tip He/Him","Four-Color Control
Selesnya Ouroboroid",tip won 2-1-0
Round 14,5,"Charles Rivet He/Him
Louis Wilder He/Him","Izzet Prowess
Izzet Prowess",Louis Wilder won 2-1-0
Round 14,6,"Daniele Vinciguerra He/Him
fabse He/Him","Dimir Excruciator
Izzet Prowess",fabse won 2-0-0
Round 14,7,"Nathan McDowell He/Him
Piotr Głogowski He/Him","Izzet Prowess
Izzet Lessons",Piotr Głogowski won 2-0-0
Round 14,8,"Maxime Desiront He/Him
Jack Young He/Him","Sultai Reanimator
Izzet Spellementals",Maxime Desiront won 2-1-0
Round 14,9,"Franco Cicchini He/Him
StannersPOTUS","Izzet Prowess
Mardu Discard",StannersPOTUS won 2-1-0
Round 14,10,"woebringer He/Him
Juan Godoy He/Him","Izzet Prowess
Four-Color Elementals",woebringer won 2-0-0
Round 14,11,"Dan Rose
Sean Goddard He/Him","Izzet Lessons
Selesnya Ouroboroid",Dan Rose won 2-1-0
Round 14,12,"Yanatoy
TomaszDudziec He/Him","Izzet Opus
Izzet Prowess",Yanatoy won 2-0-0
Round 14,13,"Gerardo D'Elia He/Him
ClaudioBisioo","Jeskai Control
Four-Color Control",ClaudioBisioo won 2-1-0
Round 14,14,"Jamie Walsh He/Him
Lucca LiPuma","Four-Color Control
Izzet Prowess",Lucca LiPuma won 2-1-0
Round 14,15,"Etienne Foare He/Him
Andreas Nordahl","Izzet Lessons
Izzet Lessons",Andreas Nordahl won 2-1-0
Round 14,16,"Martin Ramos He/Him
Jonah Strommenger He/Him","Mono-White Momo
Izzet Prowess",Martin Ramos won 2-0-0
Round 14,17,"Ben Jones
TheRiedl He/Him","Izzet Lessons
Izzet Lessons",TheRiedl won 2-1-0
Round 14,18,"Marco Capitanio
Tommi Erola He/Him","Izzet Lessons
Mono-Green Landfall",Marco Capitanio won 2-0-0
Round 14,19,"Ethanv83 He/Him
gwendalvador He/Him","Selesnya Landfall
Selesnya Landfall",gwendalvador won 2-0-0
Round 14,20,"Victor Simon Wilhelm Lumholtz He/Him
Léo Guimard He/Him","Selesnya Ouroboroid
Selesnya Landfall",Victor Simon Wilhelm Lumholtz won 2-1-0
Round 14,21,"Maciej Barwik He/Him
Oscar Christensen He/Him","Izzet Prowess
Selesnya Ouroboroid",Maciej Barwik won 2-1-0
Round 14,22,"Michael Baalham
HarryHollingworth He/They","Selesnya Landfall
Bant Rhythm",Michael Baalham won 2-1-0
Round 14,23,"DanS106 He/Him
DarkDeno","Izzet Spellementals
Selesnya Landfall",DarkDeno won 2-0-0
Round 14,24,"Jędrek Szmyd He/Him
T0bb3 He/Him","Izzet Lessons
Izzet Prowess",Jędrek Szmyd won 2-0-0
Round 14,25,"Kieran Malloy He/Him
Stefano Spurio He/Him","Izzet Prowess
Four-Color Elementals",Stefano Spurio won 2-0-0
Round 14,26,"Matthieu Tassa He/Him
Jonas_Erbe","Izzet Prowess
Simic Rhythm",Matthieu Tassa won 2-0-0
Round 14,27,"Titouan LE BERRE He/Him
Vincent Reiter He/Him","Izzet Prowess
Izzet Prowess",Titouan LE BERRE won 2-1-0
Round 14,28,"KeesvanMontfoort
Marcio Carvalho","Izzet Prowess
Selesnya Landfall",Marcio Carvalho won 2-0-0
Round 14,29,"Christian Kerr He/Him
Callum Laird He/Him","Selesnya Landfall
Izzet Prowess",Callum Laird won 2-1-0
Round 14,30,"Valentin Orru He/Him
Noah Bacine He/Him","Izzet Prowess
Jeskai Control",Valentin Orru won 2-1-0
Round 14,31,"Alexey Paulot He/Him
Bilbo_Baggins","Temur Lessons
Izzet Prowess",Bilbo_Baggins won 2-1-0
Round 14,32,"Alvaro Nicosia He/Him
Lucas Hyttel He/Him","Izzet Prowess
Mono-Green Landfall",Alvaro Nicosia won 2-0-0
Round 14,33,"Unkillable13 He/Him
felipins He/Him","Izzet Prowess
Dimir Excruciator",felipins won 2-0-0
Round 14,34,"Alex Campbell
Pirrakos He/Him","Jeskai Control
Dimir Excruciator",Pirrakos won 2-0-0
Round 14,35,"Stanislau Zubovich He/Him
Marian Bunganic He/Him","Izzet Prowess
Izzet Lessons",Stanislau Zubovich won 2-0-0
Round 14,36,"MikeRoss He/They
EricZhou He/Him","Izzet Lessons
Izzet Prowess",MikeRoss won 2-1-0
Round 14,37,"MangoMango She/Her
Neil Deacon He/Him","Jeskai Control
Izzet Prowess",1-1-0 Draw
Round 14,38,"Rodney Bedell
Christian Rothen He/Him","Selesnya Landfall
Jeskai Control",Rodney Bedell won 2-0-0
Round 14,39,"Fabian Klein
Francesco Alacca He/Him","Dimir Excruciator
Izzet Lessons",Fabian Klein won 2-1-0
Round 14,40,"Skite He/They
Petr96 He/Him","Selesnya Landfall
Four-Color Control",Petr96 won 2-1-0
Round 14,41,"GiuseppeG He/Him
George Berrett He/Him","Selesnya Landfall
Dimir Excruciator",GiuseppeG won 2-0-0
Round 14,42,"Theodor eliassen He/Him
Alexander Maier He/Him","Izzet Lessons
Izzet Lessons",Alexander Maier won 2-1-0
Round 14,43,"George Stuart He/Him
HoneycombH She/Her","Izzet Spellementals
Selesnya Landfall",HoneycombH won 2-1-0
Round 14,44,"Patrickleydecker He/Him
Max Staas He/Him","Izzet Spellementals
Dimir Excruciator",Patrickleydecker won 2-1-0
Round 14,45,"George Worsnop He/Him
Nick Rogiers He/Him","Izzet Prowess
Dimir Excruciator",George Worsnop won 2-0-0
Round 14,46,"Dylan Gregory-Martin He/They
Alexander Stehno","Izzet Spellementals
Jeskai Control",Alexander Stehno won 2-1-0
Round 14,47,"Alvaro Fernandez Torres He/Him
Julian Lamprecht He/Him","Izzet Prowess
Selesnya Landfall",Alvaro Fernandez Torres won 2-0-0
Round 14,48,"Giulio Tommaso Gomitoni
Josef Zivec He/Him","Izzet Lessons
Bant Rhythm",Giulio Tommaso Gomitoni won 2-1-0
Round 14,49,"Idris Killen He/Him
Francesco Latorre He/Him","Izzet Lessons
Izzet Prowess",Francesco Latorre won 2-0-0
Round 14,50,"Cristian Jimenez He/Him
Verena Maccari She/Her","Four-Color Control
Izzet Prowess",Verena Maccari won 2-1-0
Round 14,51,"alexwalton64 He/Him
Landstar He/They","Izzet Spellementals
Selesnya Ouroboroid",Landstar won 2-0-0
Round 14,52,"Charles Eliatamby He/Him
Viktor Hybinette He/Him","Bant Rhythm
Golgari Demons",Charles Eliatamby won 2-1-0
Round 14,53,"Jari Rentsch He/Him
Pär Jones He/Him","Izzet Prowess
Golgari Midrange",Jari Rentsch won 2-1-0
Round 14,54,"Kim Homsma He/Him
ucoconut871 Other","Selesnya Landfall
Izzet Prowess",Kim Homsma won 2-1-0
Round 14,55,"Louis-Samuel Deltour
Tobia Daniele Nappi He/Him","Izzet Prowess
Four-Color Control",Tobia Daniele Nappi won 2-1-0
Round 14,56,"Dotraki
EricNewton He/Him","Izzet Prowess
Jeskai Control",EricNewton won 2-1-0
Round 14,57,"Rookiemookie He/Him
Sören Liesener He/Him","Jeskai Control
Selesnya Ouroboroid",Rookiemookie won 2-0-0
Round 14,58,"Tudor Marin He/Him
RobinVahland He/Him","Selesnya Ouroboroid
Songcrafter Control",RobinVahland won 2-0-0
Round 14,59,"Ondrej Strasky He/Him
James Ball He/Him","Izzet Lessons
Izzet Prowess",James Ball won 2-1-0
Round 14,60,"Mae French She/Her
Lena Marchant She/Her","Izzet Lessons
Izzet Lessons",Mae French won 2-1-0
Round 14,61,"Callum Bousfield
Leonardo Canalejo He/Him","Izzet Prowess
Boros Dragons",Leonardo Canalejo won 2-0-0
Round 14,62,"ZakP He/Him
Andrei Nikolov","Mono-Green Landfall
Izzet Prowess",Andrei Nikolov won 2-1-0
Round 14,63,"Tim Priwe He/Him
Elevenzees He/Him","Izzet Prowess
Izzet Lessons",Tim Priwe won 2-0-0
Round 14,64,"Draysor He/Him
milesofford He/Him","Selesnya Landfall
Sultai Reanimator",Draysor won 2-1-0
Round 14,65,"GliedTamas He/Him
Filip Tetera He/Him","Sultai Control
Bant Rhythm",GliedTamas won 2-0-0
Round 14,66,"Masaya_Hoshino He/Him
Lewis Foster He/Him","Izzet Prowess
Selesnya Landfall",Masaya_Hoshino won 2-0-0
Round 14,67,"Calum Gittins He/Him
Narzyss","Izzet Prowess
Azorius Prison",Calum Gittins won 2-0-0
Round 14,68,"swxgv He/Him
oldemodave He/Him","Izzet Prowess
Dimir Deceit",swxgv won 2-0-0
Round 14,69,"Zaraffyro
Craig Tanner He/Him","Izzet Prowess
Izzet Prowess",Zaraffyro won 2-1-0
Round 14,70,"Orry He/Him
Marco Oliveto He/Him","Izzet Spellementals
Golgari Rhythm",Orry won 2-1-0
Round 14,71,"Marco Vay He/Him
Filipe Gusmão He/Him","Dimir Excruciator
Golgari Demons",Marco Vay won 2-1-0
Round 15,1,"AlexMacIsaac He/Him
Nathan Goldberg He/Him","Izzet Prowess
Selesnya Rhythm",0-0-3 Draw
Round 15,2,"Enchanted He/Him
tip He/Him","Temur Omniscience
Selesnya Ouroboroid",Enchanted won 2-0-0
Round 15,3,"Yann-Guillaume Jaccard He/Him
Yanatoy","Allies
Izzet Opus",Yanatoy won 2-1-0
Round 15,4,"StannersPOTUS
Dan Rose","Mardu Discard
Izzet Lessons",StannersPOTUS won 2-1-0
Round 15,5,"Koen de Vos
Piotr Głogowski He/Him","Azorius Momo
Izzet Lessons",Koen de Vos won 2-0-0
Round 15,6,"Louis Wilder He/Him
Maxime Desiront He/Him","Izzet Prowess
Sultai Reanimator",Louis Wilder won 2-0-0
Round 15,7,"Will Berrington He/Him
fabse He/Him","Mono-Green Landfall
Izzet Prowess",Will Berrington won 2-0-0
Round 15,8,"woebringer He/Him
Lucca LiPuma","Izzet Prowess
Izzet Prowess",Lucca LiPuma won 2-0-0
Round 15,9,"Brad Barclay He/Him
ClaudioBisioo","Four-Color Control
Four-Color Control",Brad Barclay won 2-0-0
Round 15,10,"DarkDeno
Charles Rivet He/Him","Selesnya Landfall
Izzet Prowess",DarkDeno won 2-1-0
Round 15,11,"Bilbo_Baggins
Nathan McDowell He/Him","Izzet Prowess
Izzet Prowess",Nathan McDowell won 2-0-0
Round 15,12,"Callum Laird He/Him
Victor Simon Wilhelm Lumholtz He/Him","Izzet Prowess
Selesnya Ouroboroid",0-0-3 Draw
Round 15,13,"TheRiedl He/Him
Marco Capitanio","-
-",TheRiedl won 2-1-0
Round 15,14,"Juan Godoy He/Him
Titouan LE BERRE He/Him","-
-",Juan Godoy won 2-1-0
Round 15,15,"Franco Cicchini He/Him
Valentin Orru He/Him","Izzet Prowess
Izzet Prowess",Franco Cicchini won 2-1-0
Round 15,16,"Sean Goddard He/Him
Daniele Vinciguerra He/Him","Selesnya Ouroboroid
Dimir Excruciator",Sean Goddard won 2-0-0
Round 15,17,"Martin Ramos He/Him
Andreas Nordahl","Mono-White Momo
Izzet Lessons",Andreas Nordahl won 2-0-0
Round 15,18,"gwendalvador He/Him
Alvaro Nicosia He/Him","Selesnya Landfall
Izzet Prowess",gwendalvador won 2-1-0
Round 15,19,"Marcio Carvalho
Jack Young He/Him","Selesnya Landfall
Izzet Spellementals",Jack Young won 2-0-0
Round 15,20,"Michael Baalham
Maciej Barwik He/Him","Selesnya Landfall
Izzet Prowess",Maciej Barwik won 2-0-0
Round 15,21,"Stefano Spurio He/Him
Matthieu Tassa He/Him","Four-Color Elementals
Izzet Prowess",Matthieu Tassa won 2-0-0
Round 15,22,"Jędrek Szmyd He/Him
TomaszDudziec He/Him","Izzet Lessons
Izzet Prowess",0-0-3 Draw
Round 15,23,"Gerardo D'Elia He/Him
Stanislau Zubovich He/Him","Jeskai Control
Izzet Prowess",0-0-3 Draw
Round 15,24,"Jamie Walsh He/Him
felipins He/Him","Four-Color Control
Dimir Excruciator",Jamie Walsh won 2-1-0
Round 15,25,"Pirrakos He/Him
Etienne Foare He/Him","Dimir Excruciator
Izzet Lessons",Pirrakos won 2-0-0
Round 15,26,"MikeRoss He/They
Tommi Erola He/Him","Izzet Lessons
Mono-Green Landfall",Tommi Erola won 2-0-0
Round 15,27,"Vincent Reiter He/Him
Léo Guimard He/Him","Izzet Prowess
Selesnya Landfall",Vincent Reiter won 2-1-0
Round 15,28,"Charles Eliatamby He/Him
Oscar Christensen He/Him","Bant Rhythm
Selesnya Ouroboroid",Oscar Christensen won 2-0-0
Round 15,29,"Christian Kerr He/Him
Jonah Strommenger He/Him","Selesnya Landfall
Izzet Prowess",Christian Kerr won 2-0-0
Round 15,30,"HoneycombH She/Her
Kim Homsma He/Him","Selesnya Landfall
Selesnya Landfall",Kim Homsma won 2-1-0
Round 15,31,"Ethanv83 He/Him
Alexey Paulot He/Him","Selesnya Landfall
Temur Lessons",Alexey Paulot won 2-1-0
Round 15,32,"Tobia Daniele Nappi He/Him
Ben Jones","Four-Color Control
Izzet Lessons",Ben Jones won 2-0-0
Round 15,33,"HarryHollingworth He/They
George Worsnop He/Him","Bant Rhythm
Izzet Prowess",George Worsnop won 2-1-0
Round 15,34,"Alvaro Fernandez Torres He/Him
GiuseppeG He/Him","Izzet Prowess
Selesnya Landfall",Alvaro Fernandez Torres won 2-0-0
Round 15,35,"Verena Maccari She/Her
Lucas Hyttel He/Him","Izzet Prowess
Mono-Green Landfall",Verena Maccari won 2-1-0
Round 15,36,"Patrickleydecker He/Him
Petr96 He/Him","Izzet Spellementals
Four-Color Control",Petr96 won 2-0-0
Round 15,37,"DanS106 He/Him
Fabian Klein","Izzet Spellementals
Dimir Excruciator",DanS106 won 2-1-0
Round 15,38,"KeesvanMontfoort
Francesco Latorre He/Him","Izzet Prowess
Izzet Prowess",Francesco Latorre won 2-0-0
Round 15,39,"Noah Bacine He/Him
Alexander Stehno","Jeskai Control
Jeskai Control",Noah Bacine won 2-0-0
Round 15,40,"Idris Killen He/Him
Skite He/They","Izzet Lessons
Selesnya Landfall",0-0-3 Draw
Round 15,41,"Jari Rentsch He/Him
Rodney Bedell","Izzet Prowess
Selesnya Landfall",Rodney Bedell won 2-1-0
Round 15,42,"Landstar He/They
Kieran Malloy He/Him","Selesnya Ouroboroid
Izzet Prowess",Landstar won 2-1-0
Round 15,43,"Jonas_Erbe
Alexander Maier He/Him","Simic Rhythm
Izzet Lessons",Jonas_Erbe won 2-1-0
Round 15,44,"Giulio Tommaso Gomitoni
EricNewton He/Him","Izzet Lessons
Jeskai Control",Giulio Tommaso Gomitoni won 2-1-0
Round 15,45,"MangoMango She/Her
Marian Bunganic He/Him","Jeskai Control
Izzet Lessons",Marian Bunganic won 2-1-0
Round 15,46,"EricZhou He/Him
Rookiemookie He/Him","Izzet Prowess
Jeskai Control",Rookiemookie won 2-1-0
Round 15,47,"Alex Campbell
Neil Deacon He/Him","Jeskai Control
Izzet Prowess",1-1-1 Draw
Round 15,48,"Masaya_Hoshino He/Him
Draysor He/Him","Izzet Prowess
Selesnya Landfall",0-0-3 Draw
Round 15,49,"swxgv He/Him
Nick Rogiers He/Him","Izzet Prowess
Dimir Excruciator",0-0-3 Draw
Round 15,50,"Louis-Samuel Deltour
Theodor eliassen He/Him","Izzet Prowess
Izzet Lessons",Louis-Samuel Deltour won 1-0-0
Round 15,51,"Christian Rothen He/Him
Andrei Nikolov","Jeskai Control
Izzet Prowess",0-0-3 Draw
Round 15,52,"Max Staas He/Him
Cristian Jimenez He/Him","Dimir Excruciator
Four-Color Control",0-0-3 Draw
Round 15,53,"George Stuart He/Him
James Ball He/Him","Izzet Spellementals
Izzet Prowess",0-0-3 Draw
Round 15,54,"Leonardo Canalejo He/Him
ucoconut871 Other","Boros Dragons
Izzet Prowess",0-0-3 Draw
Round 15,55,"Tim Priwe He/Him
Dotraki","Izzet Prowess
Izzet Prowess",0-0-3 Draw
Round 15,56,"Unkillable13 He/Him
T0bb3 He/Him","Izzet Prowess
Izzet Prowess",T0bb3 won 2-0-0
Round 15,57,"Viktor Hybinette He/Him
Calum Gittins He/Him","Golgari Demons
Izzet Prowess",Viktor Hybinette won 2-1-0
Round 15,58,"George Berrett He/Him
alexwalton64 He/Him","Dimir Excruciator
Izzet Spellementals",alexwalton64 won 2-0-0
Round 15,59,"Josef Zivec He/Him
Francesco Alacca He/Him","Bant Rhythm
Izzet Lessons",0-0-3 Draw
Round 15,60,"Julian Lamprecht He/Him
Dylan Gregory-Martin He/They","Selesnya Landfall
Izzet Spellementals",0-0-3 Draw
Round 15,61,"Pär Jones He/Him
Mae French She/Her","Golgari Midrange
Izzet Lessons",0-0-3 Draw
Round 15,62,"GliedTamas He/Him
RobinVahland He/Him","Sultai Control
Songcrafter Control",0-0-3 Draw
Round 15,63,"Zaraffyro
milesofford He/Him","Izzet Prowess
Sultai Reanimator",Zaraffyro won 2-1-0
Round 15,64,"Sören Liesener He/Him
Ondrej Strasky He/Him","Selesnya Ouroboroid
Izzet Lessons",Ondrej Strasky won 2-1-0
Round 15,65,"Callum Bousfield
Narzyss","Izzet Prowess
Azorius Prison",Callum Bousfield won 2-1-0
Round 15,66,"Orry He/Him
Tudor Marin He/Him","Izzet Spellementals
Selesnya Ouroboroid",Orry won 2-1-0
Round 15,67,"oldemodave He/Him
Lewis Foster He/Him","Dimir Deceit
Selesnya Landfall",Lewis Foster won 2-0-0
Round 15,68,"Elevenzees He/Him
Lena Marchant She/Her","Izzet Lessons
Izzet Lessons",Lena Marchant won 2-0-0
Round 15,69,"Marco Vay He/Him
Filip Tetera He/Him","Dimir Excruciator
Bant Rhythm",Marco Vay won 2-1-0
Round 15,70,"ZakP He/Him
Filipe Gusmão He/Him","Mono-Green Landfall
Golgari Demons",ZakP won 2-1-0
Round 15,71,"Craig Tanner He/Him
Marco Oliveto He/Him","Izzet Prowess
Golgari Rhythm",Marco Oliveto won 2-0-0
Quarterfinals,1,"Enchanted He/Him
Will Berrington He/Him","Temur Omniscience
Mono-Green Landfall",Enchanted won 2-1-0
Quarterfinals,2,"Yanatoy
StannersPOTUS","Izzet Opus
Mardu Discard",StannersPOTUS won 2-0-0
Quarterfinals,3,"Nathan Goldberg He/Him
Louis Wilder He/Him","Selesnya Rhythm
Izzet Prowess",Louis Wilder won 2-1-0
Quarterfinals,4,"AlexMacIsaac He/Him
Koen de Vos","Izzet Prowess
Azorius Momo",Koen de Vos won 2-1-0
Semifinals,1,"Enchanted He/Him
StannersPOTUS","Temur Omniscience
Mardu Discard",StannersPOTUS won 2-0-0
Semifinals,2,"Louis Wilder He/Him
Koen de Vos","Izzet Prowess
Azorius Momo",Koen de Vos won 2-1-0
Finals,1,"StannersPOTUS
Koen de Vos","Mardu Discard
Azorius Momo",Koen de Vos won 2-0-0
